dataset,sources,accuracy,ID,Seed,Parameters
Cal500,Instrumental,0.06944444444444445,11,10,0
Cal500,Instrumental,0.06944444444444445,12,10,1
Cal500,Instrumental + Instrumental,0.06944444444444445,11,10,2
Cal500,Instrumental + Instrumental,0.08333333333333333,12,10,3
Cal500,Instrumental + Mixed,0.125,11,10,4
Cal500,Instrumental + Mixed,0.1388888888888889,12,10,5
Cal500,Instrumental + Vocals,0.16666666666666666,11,10,6
Cal500,Instrumental + Vocals,0.16666666666666666,12,10,7
Cal500,Mixed,0.18055555555555555,11,10,8
Cal500,Mixed,0.18055555555555555,12,10,9
Cal500,Mixed + Mixed,0.18055555555555555,11,10,10
Cal500,Mixed + Mixed,0.18055555555555555,12,10,11
Cal500,Mixed + Vocals,0.18055555555555555,11,10,12
Cal500,Mixed + Vocals,0.18055555555555555,12,10,13
Cal500,Vocals,0.16666666666666666,11,10,14
Cal500,Vocals,0.16666666666666666,12,10,15
Cal500,Vocals + Vocals,0.1527777777777778,11,10,16
Cal500,Vocals + Vocals,0.1527777777777778,12,10,17
Cal500,Instrumental,0.125,13,10,18
Cal500,Instrumental,0.1111111111111111,14,10,19
Cal500,Instrumental + Instrumental,0.1111111111111111,13,10,20
Cal500,Instrumental + Instrumental,0.09722222222222222,14,10,21
Cal500,Instrumental + Mixed,0.1111111111111111,13,10,22
Cal500,Instrumental + Mixed,0.125,14,10,23
Cal500,Instrumental + Vocals,0.125,13,10,24
Cal500,Instrumental + Vocals,0.1527777777777778,14,10,25
Cal500,Mixed,0.125,13,10,26
Cal500,Mixed,0.19444444444444445,14,10,27
Cal500,Mixed + Mixed,0.1388888888888889,13,10,28
Cal500,Mixed + Mixed,0.125,14,10,29
Cal500,Mixed + Vocals,0.18055555555555555,13,10,30
Cal500,Mixed + Vocals,0.16666666666666666,14,10,31
Cal500,Vocals,0.2222222222222222,13,10,32
Cal500,Vocals,0.18055555555555555,14,10,33
Cal500,Vocals + Vocals,0.2361111111111111,13,10,34
Cal500,Vocals + Vocals,0.2222222222222222,14,10,35
Cal500,Instrumental,0.1388888888888889,21,20,0
Cal500,Instrumental,0.1527777777777778,22,20,1
Cal500,Instrumental + Instrumental,0.1388888888888889,21,20,2
Cal500,Instrumental + Instrumental,0.16666666666666666,22,20,3
Cal500,Instrumental + Mixed,0.20833333333333334,21,20,4
Cal500,Instrumental + Mixed,0.20833333333333334,22,20,5
Cal500,Instrumental + Vocals,0.20833333333333334,21,20,6
Cal500,Instrumental + Vocals,0.2222222222222222,22,20,7
Cal500,Mixed,0.1388888888888889,21,20,8
Cal500,Mixed,0.1527777777777778,22,20,9
Cal500,Mixed + Mixed,0.1388888888888889,21,20,10
Cal500,Mixed + Mixed,0.1388888888888889,22,20,11
Cal500,Mixed + Vocals,0.2361111111111111,21,20,12
Cal500,Mixed + Vocals,0.2361111111111111,22,20,13
Cal500,Vocals,0.2361111111111111,21,20,14
Cal500,Vocals,0.25,22,20,15
Cal500,Vocals + Vocals,0.2361111111111111,21,20,16
Cal500,Vocals + Vocals,0.2361111111111111,22,20,17
Cal500,Instrumental,0.1111111111111111,23,20,18
Cal500,Instrumental,0.125,24,20,19
Cal500,Instrumental + Instrumental,0.1111111111111111,23,20,20
Cal500,Instrumental + Instrumental,0.125,24,20,21
Cal500,Instrumental + Mixed,0.16666666666666666,23,20,22
Cal500,Instrumental + Mixed,0.1527777777777778,24,20,23
Cal500,Instrumental + Vocals,0.1527777777777778,23,20,24
Cal500,Instrumental + Vocals,0.1527777777777778,24,20,25
Cal500,Mixed,0.19444444444444445,23,20,26
Cal500,Mixed,0.18055555555555555,24,20,27
Cal500,Mixed + Mixed,0.18055555555555555,23,20,28
Cal500,Mixed + Mixed,0.19444444444444445,24,20,29
Cal500,Mixed + Vocals,0.20833333333333334,23,20,30
Cal500,Mixed + Vocals,0.2222222222222222,24,20,31
Cal500,Vocals,0.18055555555555555,23,20,32
Cal500,Vocals,0.19444444444444445,24,20,33
Cal500,Vocals + Vocals,0.25,23,20,34
Cal500,Vocals + Vocals,0.25,24,20,35
Cal500,Instrumental,0.125,31,30,0
Cal500,Instrumental,0.16666666666666666,32,30,1
Cal500,Instrumental + Instrumental,0.1388888888888889,31,30,2
Cal500,Instrumental + Instrumental,0.1388888888888889,32,30,3
Cal500,Instrumental + Mixed,0.1388888888888889,31,30,4
Cal500,Instrumental + Mixed,0.1111111111111111,32,30,5
Cal500,Instrumental + Vocals,0.20833333333333334,31,30,6
Cal500,Instrumental + Vocals,0.2222222222222222,32,30,7
Cal500,Mixed,0.19444444444444445,31,30,8
Cal500,Mixed,0.18055555555555555,32,30,9
Cal500,Mixed + Mixed,0.19444444444444445,31,30,10
Cal500,Mixed + Mixed,0.19444444444444445,32,30,11
Cal500,Mixed + Vocals,0.20833333333333334,31,30,12
Cal500,Mixed + Vocals,0.19444444444444445,32,30,13
Cal500,Vocals,0.16666666666666666,31,30,14
Cal500,Vocals,0.1388888888888889,32,30,15
Cal500,Vocals + Vocals,0.1527777777777778,31,30,16
Cal500,Vocals + Vocals,0.1527777777777778,32,30,17
Cal500,Instrumental,0.18055555555555555,33,30,18
Cal500,Instrumental,0.16666666666666666,34,30,19
Cal500,Instrumental + Instrumental,0.1527777777777778,33,30,20
Cal500,Instrumental + Instrumental,0.1527777777777778,34,30,21
Cal500,Instrumental + Mixed,0.1388888888888889,33,30,22
Cal500,Instrumental + Mixed,0.16666666666666666,34,30,23
Cal500,Instrumental + Vocals,0.19444444444444445,33,30,24
Cal500,Instrumental + Vocals,0.18055555555555555,34,30,25
Cal500,Mixed,0.16666666666666666,33,30,26
Cal500,Mixed,0.1527777777777778,34,30,27
Cal500,Mixed + Mixed,0.16666666666666666,33,30,28
Cal500,Mixed + Mixed,0.1388888888888889,34,30,29
Cal500,Mixed + Vocals,0.19444444444444445,33,30,30
Cal500,Mixed + Vocals,0.20833333333333334,34,30,31
Cal500,Vocals,0.20833333333333334,33,30,32
Cal500,Vocals,0.16666666666666666,34,30,33
Cal500,Vocals + Vocals,0.25,33,30,34
Cal500,Vocals + Vocals,0.20833333333333334,34,30,35
Cal500,Instrumental,0.1527777777777778,41,40,0
Cal500,Instrumental,0.1388888888888889,42,40,1
Cal500,Instrumental + Instrumental,0.1388888888888889,41,40,2
Cal500,Instrumental + Instrumental,0.16666666666666666,42,40,3
Cal500,Instrumental + Mixed,0.1527777777777778,41,40,4
Cal500,Instrumental + Mixed,0.1527777777777778,42,40,5
Cal500,Instrumental + Vocals,0.1388888888888889,41,40,6
Cal500,Instrumental + Vocals,0.125,42,40,7
Cal500,Mixed,0.18055555555555555,41,40,8
Cal500,Mixed,0.2222222222222222,42,40,9
Cal500,Mixed + Mixed,0.19444444444444445,41,40,10
Cal500,Mixed + Mixed,0.19444444444444445,42,40,11
Cal500,Mixed + Vocals,0.18055555555555555,41,40,12
Cal500,Mixed + Vocals,0.18055555555555555,42,40,13
Cal500,Vocals,0.1527777777777778,41,40,14
Cal500,Vocals,0.16666666666666666,42,40,15
Cal500,Vocals + Vocals,0.16666666666666666,41,40,16
Cal500,Vocals + Vocals,0.1388888888888889,42,40,17
Cal500,Instrumental,0.125,43,40,18
Cal500,Instrumental,0.16666666666666666,44,40,19
Cal500,Instrumental + Instrumental,0.16666666666666666,43,40,20
Cal500,Instrumental + Instrumental,0.1388888888888889,44,40,21
Cal500,Instrumental + Mixed,0.1388888888888889,43,40,22
Cal500,Instrumental + Mixed,0.16666666666666666,44,40,23
Cal500,Instrumental + Vocals,0.18055555555555555,43,40,24
Cal500,Instrumental + Vocals,0.1527777777777778,44,40,25
Cal500,Mixed,0.1388888888888889,43,40,26
Cal500,Mixed,0.16666666666666666,44,40,27
Cal500,Mixed + Mixed,0.16666666666666666,43,40,28
Cal500,Mixed + Mixed,0.1527777777777778,44,40,29
Cal500,Mixed + Vocals,0.18055555555555555,43,40,30
Cal500,Mixed + Vocals,0.18055555555555555,44,40,31
Cal500,Vocals,0.19444444444444445,43,40,32
Cal500,Vocals,0.18055555555555555,44,40,33
Cal500,Vocals + Vocals,0.1388888888888889,43,40,34
Cal500,Vocals + Vocals,0.1388888888888889,44,40,35
Cal500,Instrumental,0.125,51,50,0
Cal500,Instrumental,0.1111111111111111,52,50,1
Cal500,Instrumental + Instrumental,0.1111111111111111,51,50,2
Cal500,Instrumental + Instrumental,0.1111111111111111,52,50,3
Cal500,Instrumental + Mixed,0.20833333333333334,51,50,4
Cal500,Instrumental + Mixed,0.19444444444444445,52,50,5
Cal500,Instrumental + Vocals,0.16666666666666666,51,50,6
Cal500,Instrumental + Vocals,0.16666666666666666,52,50,7
Cal500,Mixed,0.2222222222222222,51,50,8
Cal500,Mixed,0.2361111111111111,52,50,9
Cal500,Mixed + Mixed,0.2361111111111111,51,50,10
Cal500,Mixed + Mixed,0.2222222222222222,52,50,11
Cal500,Mixed + Vocals,0.2777777777777778,51,50,12
Cal500,Mixed + Vocals,0.2777777777777778,52,50,13
Cal500,Vocals,0.19444444444444445,51,50,14
Cal500,Vocals,0.18055555555555555,52,50,15
Cal500,Vocals + Vocals,0.19444444444444445,51,50,16
Cal500,Vocals + Vocals,0.2361111111111111,52,50,17
Cal500,Instrumental,0.16666666666666666,53,50,18
Cal500,Instrumental,0.16666666666666666,54,50,19
Cal500,Instrumental + Instrumental,0.16666666666666666,53,50,20
Cal500,Instrumental + Instrumental,0.18055555555555555,54,50,21
Cal500,Instrumental + Mixed,0.2222222222222222,53,50,22
Cal500,Instrumental + Mixed,0.2222222222222222,54,50,23
Cal500,Instrumental + Vocals,0.2361111111111111,53,50,24
Cal500,Instrumental + Vocals,0.2222222222222222,54,50,25
Cal500,Mixed,0.1527777777777778,53,50,26
Cal500,Mixed,0.20833333333333334,54,50,27
Cal500,Mixed + Mixed,0.16666666666666666,53,50,28
Cal500,Mixed + Mixed,0.1527777777777778,54,50,29
Cal500,Mixed + Vocals,0.2638888888888889,53,50,30
Cal500,Mixed + Vocals,0.2638888888888889,54,50,31
Cal500,Vocals,0.25,53,50,32
Cal500,Vocals,0.25,54,50,33
Cal500,Vocals + Vocals,0.2361111111111111,53,50,34
Cal500,Vocals + Vocals,0.25,54,50,35
Cal500,Instrumental,0.1111111111111111,61,60,0
Cal500,Instrumental,0.1111111111111111,62,60,1
Cal500,Instrumental + Instrumental,0.1111111111111111,61,60,2
Cal500,Instrumental + Instrumental,0.1111111111111111,62,60,3
Cal500,Instrumental + Mixed,0.16666666666666666,61,60,4
Cal500,Instrumental + Mixed,0.16666666666666666,62,60,5
Cal500,Instrumental + Vocals,0.19444444444444445,61,60,6
Cal500,Instrumental + Vocals,0.19444444444444445,62,60,7
Cal500,Mixed,0.20833333333333334,61,60,8
Cal500,Mixed,0.18055555555555555,62,60,9
Cal500,Mixed + Mixed,0.20833333333333334,61,60,10
Cal500,Mixed + Mixed,0.20833333333333334,62,60,11
Cal500,Mixed + Vocals,0.2361111111111111,61,60,12
Cal500,Mixed + Vocals,0.2361111111111111,62,60,13
Cal500,Vocals,0.2638888888888889,61,60,14
Cal500,Vocals,0.2638888888888889,62,60,15
Cal500,Vocals + Vocals,0.2638888888888889,61,60,16
Cal500,Vocals + Vocals,0.2777777777777778,62,60,17
Cal500,Instrumental,0.125,63,60,18
Cal500,Instrumental,0.1527777777777778,64,60,19
Cal500,Instrumental + Instrumental,0.1388888888888889,63,60,20
Cal500,Instrumental + Instrumental,0.16666666666666666,64,60,21
Cal500,Instrumental + Mixed,0.2222222222222222,63,60,22
Cal500,Instrumental + Mixed,0.20833333333333334,64,60,23
Cal500,Instrumental + Vocals,0.16666666666666666,63,60,24
Cal500,Instrumental + Vocals,0.2222222222222222,64,60,25
Cal500,Mixed,0.1527777777777778,63,60,26
Cal500,Mixed,0.2222222222222222,64,60,27
Cal500,Mixed + Mixed,0.16666666666666666,63,60,28
Cal500,Mixed + Mixed,0.1527777777777778,64,60,29
Cal500,Mixed + Vocals,0.20833333333333334,63,60,30
Cal500,Mixed + Vocals,0.2361111111111111,64,60,31
Cal500,Vocals,0.2361111111111111,63,60,32
Cal500,Vocals,0.25,64,60,33
Cal500,Vocals + Vocals,0.2361111111111111,63,60,34
Cal500,Vocals + Vocals,0.2222222222222222,64,60,35
Cal500,Instrumental,0.1111111111111111,71,70,0
Cal500,Instrumental,0.125,72,70,1
Cal500,Instrumental + Instrumental,0.125,71,70,2
Cal500,Instrumental + Instrumental,0.125,72,70,3
Cal500,Instrumental + Mixed,0.1527777777777778,71,70,4
Cal500,Instrumental + Mixed,0.1527777777777778,72,70,5
Cal500,Instrumental + Vocals,0.1527777777777778,71,70,6
Cal500,Instrumental + Vocals,0.1388888888888889,72,70,7
Cal500,Mixed,0.125,71,70,8
Cal500,Mixed,0.1111111111111111,72,70,9
Cal500,Mixed + Mixed,0.1111111111111111,71,70,10
Cal500,Mixed + Mixed,0.1111111111111111,72,70,11
Cal500,Mixed + Vocals,0.16666666666666666,71,70,12
Cal500,Mixed + Vocals,0.16666666666666666,72,70,13
Cal500,Vocals,0.18055555555555555,71,70,14
Cal500,Vocals,0.16666666666666666,72,70,15
Cal500,Vocals + Vocals,0.18055555555555555,71,70,16
Cal500,Vocals + Vocals,0.1388888888888889,72,70,17
Cal500,Instrumental,0.125,73,70,18
Cal500,Instrumental,0.09722222222222222,74,70,19
Cal500,Instrumental + Instrumental,0.125,73,70,20
Cal500,Instrumental + Instrumental,0.1388888888888889,74,70,21
Cal500,Instrumental + Mixed,0.1388888888888889,73,70,22
Cal500,Instrumental + Mixed,0.1388888888888889,74,70,23
Cal500,Instrumental + Vocals,0.18055555555555555,73,70,24
Cal500,Instrumental + Vocals,0.125,74,70,25
Cal500,Mixed,0.16666666666666666,73,70,26
Cal500,Mixed,0.1111111111111111,74,70,27
Cal500,Mixed + Mixed,0.125,73,70,28
Cal500,Mixed + Mixed,0.16666666666666666,74,70,29
Cal500,Mixed + Vocals,0.20833333333333334,73,70,30
Cal500,Mixed + Vocals,0.18055555555555555,74,70,31
Cal500,Vocals,0.16666666666666666,73,70,32
Cal500,Vocals,0.18055555555555555,74,70,33
Cal500,Vocals + Vocals,0.18055555555555555,73,70,34
Cal500,Vocals + Vocals,0.19444444444444445,74,70,35
Cal500,Instrumental,0.16666666666666666,81,80,0
Cal500,Instrumental,0.16666666666666666,82,80,1
Cal500,Instrumental + Instrumental,0.18055555555555555,81,80,2
Cal500,Instrumental + Instrumental,0.18055555555555555,82,80,3
Cal500,Instrumental + Mixed,0.20833333333333334,81,80,4
Cal500,Instrumental + Mixed,0.20833333333333334,82,80,5
Cal500,Instrumental + Vocals,0.19444444444444445,81,80,6
Cal500,Instrumental + Vocals,0.19444444444444445,82,80,7
Cal500,Mixed,0.16666666666666666,81,80,8
Cal500,Mixed,0.1527777777777778,82,80,9
Cal500,Mixed + Mixed,0.1527777777777778,81,80,10
Cal500,Mixed + Mixed,0.1527777777777778,82,80,11
Cal500,Mixed + Vocals,0.18055555555555555,81,80,12
Cal500,Mixed + Vocals,0.19444444444444445,82,80,13
Cal500,Vocals,0.16666666666666666,81,80,14
Cal500,Vocals,0.16666666666666666,82,80,15
Cal500,Vocals + Vocals,0.16666666666666666,81,80,16
Cal500,Vocals + Vocals,0.18055555555555555,82,80,17
Cal500,Instrumental,0.18055555555555555,83,80,18
Cal500,Instrumental,0.1111111111111111,84,80,19
Cal500,Instrumental + Instrumental,0.18055555555555555,83,80,20
Cal500,Instrumental + Instrumental,0.18055555555555555,84,80,21
Cal500,Instrumental + Mixed,0.20833333333333334,83,80,22
Cal500,Instrumental + Mixed,0.18055555555555555,84,80,23
Cal500,Instrumental + Vocals,0.2361111111111111,83,80,24
Cal500,Instrumental + Vocals,0.20833333333333334,84,80,25
Cal500,Mixed,0.19444444444444445,83,80,26
Cal500,Mixed,0.16666666666666666,84,80,27
Cal500,Mixed + Mixed,0.16666666666666666,83,80,28
Cal500,Mixed + Mixed,0.19444444444444445,84,80,29
Cal500,Mixed + Vocals,0.2361111111111111,83,80,30
Cal500,Mixed + Vocals,0.20833333333333334,84,80,31
Cal500,Vocals,0.18055555555555555,83,80,32
Cal500,Vocals,0.2222222222222222,84,80,33
Cal500,Vocals + Vocals,0.20833333333333334,83,80,34
Cal500,Vocals + Vocals,0.19444444444444445,84,80,35
Emotify,Instrumental,0.27906976744186046,11,10,36
Emotify,Instrumental,0.3023255813953488,12,10,37
Emotify,Instrumental + Instrumental,0.27906976744186046,11,10,38
Emotify,Instrumental + Instrumental,0.2558139534883721,12,10,39
Emotify,Instrumental + Mixed,0.2558139534883721,11,10,40
Emotify,Instrumental + Mixed,0.27906976744186046,12,10,41
Emotify,Instrumental + Vocals,0.27906976744186046,11,10,42
Emotify,Instrumental + Vocals,0.27906976744186046,12,10,43
Emotify,Mixed,0.3023255813953488,11,10,44
Emotify,Mixed,0.4186046511627907,12,10,45
Emotify,Mixed + Mixed,0.3953488372093023,11,10,46
Emotify,Mixed + Mixed,0.37209302325581395,12,10,47
Emotify,Mixed + Vocals,0.32558139534883723,11,10,48
Emotify,Mixed + Vocals,0.32558139534883723,12,10,49
Emotify,Vocals,0.27906976744186046,11,10,50
Emotify,Vocals,0.27906976744186046,12,10,51
Emotify,Vocals + Vocals,0.27906976744186046,11,10,52
Emotify,Vocals + Vocals,0.23255813953488372,12,10,53
Emotify,Instrumental,0.37209302325581395,13,10,54
Emotify,Instrumental,0.4186046511627907,14,10,55
Emotify,Instrumental + Instrumental,0.3953488372093023,13,10,56
Emotify,Instrumental + Instrumental,0.3488372093023256,14,10,57
Emotify,Instrumental + Mixed,0.32558139534883723,13,10,58
Emotify,Instrumental + Mixed,0.4186046511627907,14,10,59
Emotify,Instrumental + Vocals,0.3953488372093023,13,10,60
Emotify,Instrumental + Vocals,0.37209302325581395,14,10,61
Emotify,Mixed,0.3488372093023256,13,10,62
Emotify,Mixed,0.37209302325581395,14,10,63
Emotify,Mixed + Mixed,0.37209302325581395,13,10,64
Emotify,Mixed + Mixed,0.3488372093023256,14,10,65
Emotify,Mixed + Vocals,0.37209302325581395,13,10,66
Emotify,Mixed + Vocals,0.4186046511627907,14,10,67
Emotify,Vocals,0.23255813953488372,13,10,68
Emotify,Vocals,0.27906976744186046,14,10,69
Emotify,Vocals + Vocals,0.2558139534883721,13,10,70
Emotify,Vocals + Vocals,0.23255813953488372,14,10,71
Emotify,Instrumental,0.3023255813953488,21,20,36
Emotify,Instrumental,0.32558139534883723,22,20,37
Emotify,Instrumental + Instrumental,0.32558139534883723,21,20,38
Emotify,Instrumental + Instrumental,0.32558139534883723,22,20,39
Emotify,Instrumental + Mixed,0.3953488372093023,21,20,40
Emotify,Instrumental + Mixed,0.3953488372093023,22,20,41
Emotify,Instrumental + Vocals,0.23255813953488372,21,20,42
Emotify,Instrumental + Vocals,0.32558139534883723,22,20,43
Emotify,Mixed,0.37209302325581395,21,20,44
Emotify,Mixed,0.32558139534883723,22,20,45
Emotify,Mixed + Mixed,0.37209302325581395,21,20,46
Emotify,Mixed + Mixed,0.37209302325581395,22,20,47
Emotify,Mixed + Vocals,0.3488372093023256,21,20,48
Emotify,Mixed + Vocals,0.3953488372093023,22,20,49
Emotify,Vocals,0.32558139534883723,21,20,50
Emotify,Vocals,0.32558139534883723,22,20,51
Emotify,Vocals + Vocals,0.3488372093023256,21,20,52
Emotify,Vocals + Vocals,0.27906976744186046,22,20,53
Emotify,Instrumental,0.3023255813953488,23,20,54
Emotify,Instrumental,0.37209302325581395,24,20,55
Emotify,Instrumental + Instrumental,0.32558139534883723,23,20,56
Emotify,Instrumental + Instrumental,0.32558139534883723,24,20,57
Emotify,Instrumental + Mixed,0.37209302325581395,23,20,58
Emotify,Instrumental + Mixed,0.37209302325581395,24,20,59
Emotify,Instrumental + Vocals,0.32558139534883723,23,20,60
Emotify,Instrumental + Vocals,0.32558139534883723,24,20,61
Emotify,Mixed,0.3488372093023256,23,20,62
Emotify,Mixed,0.37209302325581395,24,20,63
Emotify,Mixed + Mixed,0.3488372093023256,23,20,64
Emotify,Mixed + Mixed,0.3488372093023256,24,20,65
Emotify,Mixed + Vocals,0.3488372093023256,23,20,66
Emotify,Mixed + Vocals,0.3488372093023256,24,20,67
Emotify,Vocals,0.32558139534883723,23,20,68
Emotify,Vocals,0.32558139534883723,24,20,69
Emotify,Vocals + Vocals,0.32558139534883723,23,20,70
Emotify,Vocals + Vocals,0.32558139534883723,24,20,71
Emotify,Instrumental,0.27906976744186046,31,30,36
Emotify,Instrumental,0.2558139534883721,32,30,37
Emotify,Instrumental + Instrumental,0.23255813953488372,31,30,38
Emotify,Instrumental + Instrumental,0.3023255813953488,32,30,39
Emotify,Instrumental + Mixed,0.4186046511627907,31,30,40
Emotify,Instrumental + Mixed,0.4186046511627907,32,30,41
Emotify,Instrumental + Vocals,0.3488372093023256,31,30,42
Emotify,Instrumental + Vocals,0.2558139534883721,32,30,43
Emotify,Mixed,0.37209302325581395,31,30,44
Emotify,Mixed,0.37209302325581395,32,30,45
Emotify,Mixed + Mixed,0.37209302325581395,31,30,46
Emotify,Mixed + Mixed,0.3953488372093023,32,30,47
Emotify,Mixed + Vocals,0.27906976744186046,31,30,48
Emotify,Mixed + Vocals,0.37209302325581395,32,30,49
Emotify,Vocals,0.2558139534883721,31,30,50
Emotify,Vocals,0.32558139534883723,32,30,51
Emotify,Vocals + Vocals,0.2558139534883721,31,30,52
Emotify,Vocals + Vocals,0.27906976744186046,32,30,53
Emotify,Instrumental,0.37209302325581395,33,30,54
Emotify,Instrumental,0.32558139534883723,34,30,55
Emotify,Instrumental + Instrumental,0.3488372093023256,33,30,56
Emotify,Instrumental + Instrumental,0.3953488372093023,34,30,57
Emotify,Instrumental + Mixed,0.37209302325581395,33,30,58
Emotify,Instrumental + Mixed,0.3488372093023256,34,30,59
Emotify,Instrumental + Vocals,0.37209302325581395,33,30,60
Emotify,Instrumental + Vocals,0.32558139534883723,34,30,61
Emotify,Mixed,0.37209302325581395,33,30,62
Emotify,Mixed,0.37209302325581395,34,30,63
Emotify,Mixed + Mixed,0.3953488372093023,33,30,64
Emotify,Mixed + Mixed,0.3953488372093023,34,30,65
Emotify,Mixed + Vocals,0.32558139534883723,33,30,66
Emotify,Mixed + Vocals,0.3488372093023256,34,30,67
Emotify,Vocals,0.23255813953488372,33,30,68
Emotify,Vocals,0.20930232558139536,34,30,69
Emotify,Vocals + Vocals,0.20930232558139536,33,30,70
Emotify,Vocals + Vocals,0.23255813953488372,34,30,71
Emotify,Instrumental,0.3023255813953488,41,40,36
Emotify,Instrumental,0.2558139534883721,42,40,37
Emotify,Instrumental + Instrumental,0.27906976744186046,41,40,38
Emotify,Instrumental + Instrumental,0.3023255813953488,42,40,39
Emotify,Instrumental + Mixed,0.2558139534883721,41,40,40
Emotify,Instrumental + Mixed,0.3023255813953488,42,40,41
Emotify,Instrumental + Vocals,0.27906976744186046,41,40,42
Emotify,Instrumental + Vocals,0.2558139534883721,42,40,43
Emotify,Mixed,0.20930232558139536,41,40,44
Emotify,Mixed,0.27906976744186046,42,40,45
Emotify,Mixed + Mixed,0.23255813953488372,41,40,46
Emotify,Mixed + Mixed,0.2558139534883721,42,40,47
Emotify,Mixed + Vocals,0.2558139534883721,41,40,48
Emotify,Mixed + Vocals,0.23255813953488372,42,40,49
Emotify,Vocals,0.32558139534883723,41,40,50
Emotify,Vocals,0.3023255813953488,42,40,51
Emotify,Vocals + Vocals,0.3023255813953488,41,40,52
Emotify,Vocals + Vocals,0.2558139534883721,42,40,53
Emotify,Instrumental,0.32558139534883723,43,40,54
Emotify,Instrumental,0.32558139534883723,44,40,55
Emotify,Instrumental + Instrumental,0.32558139534883723,43,40,56
Emotify,Instrumental + Instrumental,0.32558139534883723,44,40,57
Emotify,Instrumental + Mixed,0.3023255813953488,43,40,58
Emotify,Instrumental + Mixed,0.2558139534883721,44,40,59
Emotify,Instrumental + Vocals,0.3023255813953488,43,40,60
Emotify,Instrumental + Vocals,0.3023255813953488,44,40,61
Emotify,Mixed,0.23255813953488372,43,40,62
Emotify,Mixed,0.2558139534883721,44,40,63
Emotify,Mixed + Mixed,0.23255813953488372,43,40,64
Emotify,Mixed + Mixed,0.2558139534883721,44,40,65
Emotify,Mixed + Vocals,0.2558139534883721,43,40,66
Emotify,Mixed + Vocals,0.27906976744186046,44,40,67
Emotify,Vocals,0.2558139534883721,43,40,68
Emotify,Vocals,0.2558139534883721,44,40,69
Emotify,Vocals + Vocals,0.23255813953488372,43,40,70
Emotify,Vocals + Vocals,0.20930232558139536,44,40,71
Emotify,Instrumental,0.3488372093023256,51,50,36
Emotify,Instrumental,0.37209302325581395,52,50,37
Emotify,Instrumental + Instrumental,0.37209302325581395,51,50,38
Emotify,Instrumental + Instrumental,0.3488372093023256,52,50,39
Emotify,Instrumental + Mixed,0.4883720930232558,51,50,40
Emotify,Instrumental + Mixed,0.46511627906976744,52,50,41
Emotify,Instrumental + Vocals,0.3953488372093023,51,50,42
Emotify,Instrumental + Vocals,0.3488372093023256,52,50,43
Emotify,Mixed,0.3953488372093023,51,50,44
Emotify,Mixed,0.4186046511627907,52,50,45
Emotify,Mixed + Mixed,0.4186046511627907,51,50,46
Emotify,Mixed + Mixed,0.4186046511627907,52,50,47
Emotify,Mixed + Vocals,0.37209302325581395,51,50,48
Emotify,Mixed + Vocals,0.32558139534883723,52,50,49
Emotify,Vocals,0.3023255813953488,51,50,50
Emotify,Vocals,0.20930232558139536,52,50,51
Emotify,Vocals + Vocals,0.27906976744186046,51,50,52
Emotify,Vocals + Vocals,0.3488372093023256,52,50,53
Emotify,Instrumental,0.4418604651162791,53,50,54
Emotify,Instrumental,0.46511627906976744,54,50,55
Emotify,Instrumental + Instrumental,0.4418604651162791,53,50,56
Emotify,Instrumental + Instrumental,0.4418604651162791,54,50,57
Emotify,Instrumental + Mixed,0.4883720930232558,53,50,58
Emotify,Instrumental + Mixed,0.4883720930232558,54,50,59
Emotify,Instrumental + Vocals,0.4418604651162791,53,50,60
Emotify,Instrumental + Vocals,0.46511627906976744,54,50,61
Emotify,Mixed,0.37209302325581395,53,50,62
Emotify,Mixed,0.4186046511627907,54,50,63
Emotify,Mixed + Mixed,0.3953488372093023,53,50,64
Emotify,Mixed + Mixed,0.37209302325581395,54,50,65
Emotify,Mixed + Vocals,0.3953488372093023,53,50,66
Emotify,Mixed + Vocals,0.3953488372093023,54,50,67
Emotify,Vocals,0.32558139534883723,53,50,68
Emotify,Vocals,0.3488372093023256,54,50,69
Emotify,Vocals + Vocals,0.3488372093023256,53,50,70
Emotify,Vocals + Vocals,0.32558139534883723,54,50,71
Emotify,Instrumental,0.3488372093023256,61,60,36
Emotify,Instrumental,0.3488372093023256,62,60,37
Emotify,Instrumental + Instrumental,0.3488372093023256,61,60,38
Emotify,Instrumental + Instrumental,0.37209302325581395,62,60,39
Emotify,Instrumental + Mixed,0.37209302325581395,61,60,40
Emotify,Instrumental + Mixed,0.4418604651162791,62,60,41
Emotify,Instrumental + Vocals,0.3488372093023256,61,60,42
Emotify,Instrumental + Vocals,0.32558139534883723,62,60,43
Emotify,Mixed,0.37209302325581395,61,60,44
Emotify,Mixed,0.46511627906976744,62,60,45
Emotify,Mixed + Mixed,0.4186046511627907,61,60,46
Emotify,Mixed + Mixed,0.3953488372093023,62,60,47
Emotify,Mixed + Vocals,0.32558139534883723,61,60,48
Emotify,Mixed + Vocals,0.37209302325581395,62,60,49
Emotify,Vocals,0.3023255813953488,61,60,50
Emotify,Vocals,0.27906976744186046,62,60,51
Emotify,Vocals + Vocals,0.32558139534883723,61,60,52
Emotify,Vocals + Vocals,0.27906976744186046,62,60,53
Emotify,Instrumental,0.4186046511627907,63,60,54
Emotify,Instrumental,0.4186046511627907,64,60,55
Emotify,Instrumental + Instrumental,0.4186046511627907,63,60,56
Emotify,Instrumental + Instrumental,0.4186046511627907,64,60,57
Emotify,Instrumental + Mixed,0.4883720930232558,63,60,58
Emotify,Instrumental + Mixed,0.4883720930232558,64,60,59
Emotify,Instrumental + Vocals,0.46511627906976744,63,60,60
Emotify,Instrumental + Vocals,0.4883720930232558,64,60,61
Emotify,Mixed,0.46511627906976744,63,60,62
Emotify,Mixed,0.46511627906976744,64,60,63
Emotify,Mixed + Mixed,0.46511627906976744,63,60,64
Emotify,Mixed + Mixed,0.46511627906976744,64,60,65
Emotify,Mixed + Vocals,0.46511627906976744,63,60,66
Emotify,Mixed + Vocals,0.4883720930232558,64,60,67
Emotify,Vocals,0.4418604651162791,63,60,68
Emotify,Vocals,0.4186046511627907,64,60,69
Emotify,Vocals + Vocals,0.4418604651162791,63,60,70
Emotify,Vocals + Vocals,0.4186046511627907,64,60,71
Emotify,Instrumental,0.27906976744186046,71,70,36
Emotify,Instrumental,0.3488372093023256,72,70,37
Emotify,Instrumental + Instrumental,0.3023255813953488,71,70,38
Emotify,Instrumental + Instrumental,0.2558139534883721,72,70,39
Emotify,Instrumental + Mixed,0.4418604651162791,71,70,40
Emotify,Instrumental + Mixed,0.4186046511627907,72,70,41
Emotify,Instrumental + Vocals,0.32558139534883723,71,70,42
Emotify,Instrumental + Vocals,0.3023255813953488,72,70,43
Emotify,Mixed,0.3488372093023256,71,70,44
Emotify,Mixed,0.3953488372093023,72,70,45
Emotify,Mixed + Mixed,0.4418604651162791,71,70,46
Emotify,Mixed + Mixed,0.46511627906976744,72,70,47
Emotify,Mixed + Vocals,0.3953488372093023,71,70,48
Emotify,Mixed + Vocals,0.3488372093023256,72,70,49
Emotify,Vocals,0.3488372093023256,71,70,50
Emotify,Vocals,0.2558139534883721,72,70,51
Emotify,Vocals + Vocals,0.3023255813953488,71,70,52
Emotify,Vocals + Vocals,0.3488372093023256,72,70,53
Emotify,Instrumental,0.4186046511627907,73,70,54
Emotify,Instrumental,0.4186046511627907,74,70,55
Emotify,Instrumental + Instrumental,0.4186046511627907,73,70,56
Emotify,Instrumental + Instrumental,0.4186046511627907,74,70,57
Emotify,Instrumental + Mixed,0.4186046511627907,73,70,58
Emotify,Instrumental + Mixed,0.4418604651162791,74,70,59
Emotify,Instrumental + Vocals,0.4418604651162791,73,70,60
Emotify,Instrumental + Vocals,0.37209302325581395,74,70,61
Emotify,Mixed,0.3953488372093023,73,70,62
Emotify,Mixed,0.46511627906976744,74,70,63
Emotify,Mixed + Mixed,0.37209302325581395,73,70,64
Emotify,Mixed + Mixed,0.3953488372093023,74,70,65
Emotify,Mixed + Vocals,0.4418604651162791,73,70,66
Emotify,Mixed + Vocals,0.4418604651162791,74,70,67
Emotify,Vocals,0.3023255813953488,73,70,68
Emotify,Vocals,0.27906976744186046,74,70,69
Emotify,Vocals + Vocals,0.3023255813953488,73,70,70
Emotify,Vocals + Vocals,0.3023255813953488,74,70,71
Emotify,Instrumental,0.32558139534883723,81,80,36
Emotify,Instrumental,0.32558139534883723,82,80,37
Emotify,Instrumental + Instrumental,0.32558139534883723,81,80,38
Emotify,Instrumental + Instrumental,0.32558139534883723,82,80,39
Emotify,Instrumental + Mixed,0.37209302325581395,81,80,40
Emotify,Instrumental + Mixed,0.3488372093023256,82,80,41
Emotify,Instrumental + Vocals,0.3488372093023256,81,80,42
Emotify,Instrumental + Vocals,0.37209302325581395,82,80,43
Emotify,Mixed,0.4186046511627907,81,80,44
Emotify,Mixed,0.32558139534883723,82,80,45
Emotify,Mixed + Mixed,0.3488372093023256,81,80,46
Emotify,Mixed + Mixed,0.3488372093023256,82,80,47
Emotify,Mixed + Vocals,0.3953488372093023,81,80,48
Emotify,Mixed + Vocals,0.37209302325581395,82,80,49
Emotify,Vocals,0.3488372093023256,81,80,50
Emotify,Vocals,0.4418604651162791,82,80,51
Emotify,Vocals + Vocals,0.3953488372093023,81,80,52
Emotify,Vocals + Vocals,0.32558139534883723,82,80,53
Emotify,Instrumental,0.3953488372093023,83,80,54
Emotify,Instrumental,0.3953488372093023,84,80,55
Emotify,Instrumental + Instrumental,0.3953488372093023,83,80,56
Emotify,Instrumental + Instrumental,0.3953488372093023,84,80,57
Emotify,Instrumental + Mixed,0.4186046511627907,83,80,58
Emotify,Instrumental + Mixed,0.4186046511627907,84,80,59
Emotify,Instrumental + Vocals,0.4418604651162791,83,80,60
Emotify,Instrumental + Vocals,0.46511627906976744,84,80,61
Emotify,Mixed,0.3953488372093023,83,80,62
Emotify,Mixed,0.4186046511627907,84,80,63
Emotify,Mixed + Mixed,0.3953488372093023,83,80,64
Emotify,Mixed + Mixed,0.3953488372093023,84,80,65
Emotify,Mixed + Vocals,0.32558139534883723,83,80,66
Emotify,Mixed + Vocals,0.3488372093023256,84,80,67
Emotify,Vocals,0.37209302325581395,83,80,68
Emotify,Vocals,0.3953488372093023,84,80,69
Emotify,Vocals + Vocals,0.3488372093023256,83,80,70
Emotify,Vocals + Vocals,0.3488372093023256,84,80,71
Merge,Instrumental,0.6119133574007221,11,10,72
Merge,Instrumental,0.6119133574007221,12,10,73
Merge,Instrumental + Instrumental,0.6209386281588448,11,10,74
Merge,Instrumental + Instrumental,0.6191335740072202,12,10,75
Merge,Instrumental + Mixed,0.6534296028880866,11,10,76
Merge,Instrumental + Mixed,0.6678700361010831,12,10,77
Merge,Instrumental + Vocals,0.6606498194945848,11,10,78
Merge,Instrumental + Vocals,0.6588447653429603,12,10,79
Merge,Mixed,0.6678700361010831,11,10,80
Merge,Mixed,0.6534296028880866,12,10,81
Merge,Mixed + Mixed,0.6624548736462094,11,10,82
Merge,Mixed + Mixed,0.6678700361010831,12,10,83
Merge,Mixed + Vocals,0.6895306859205776,11,10,84
Merge,Mixed + Vocals,0.6877256317689531,12,10,85
Merge,Vocals,0.6137184115523465,11,10,86
Merge,Vocals,0.6101083032490975,12,10,87
Merge,Vocals + Vocals,0.6119133574007221,11,10,88
Merge,Vocals + Vocals,0.6119133574007221,12,10,89
Merge,Instrumental,0.6155234657039711,13,10,90
Merge,Instrumental,0.6064981949458483,14,10,91
Merge,Instrumental + Instrumental,0.6173285198555957,13,10,92
Merge,Instrumental + Instrumental,0.6227436823104693,14,10,93
Merge,Instrumental + Mixed,0.6588447653429603,13,10,94
Merge,Instrumental + Mixed,0.6588447653429603,14,10,95
Merge,Instrumental + Vocals,0.6660649819494585,13,10,96
Merge,Instrumental + Vocals,0.6678700361010831,14,10,97
Merge,Mixed,0.6606498194945848,13,10,98
Merge,Mixed,0.6642599277978339,14,10,99
Merge,Mixed + Mixed,0.6678700361010831,13,10,100
Merge,Mixed + Mixed,0.6660649819494585,14,10,101
Merge,Mixed + Vocals,0.6841155234657039,13,10,102
Merge,Mixed + Vocals,0.6895306859205776,14,10,103
Merge,Vocals,0.6173285198555957,13,10,104
Merge,Vocals,0.6064981949458483,14,10,105
Merge,Vocals + Vocals,0.6028880866425993,13,10,106
Merge,Vocals + Vocals,0.6137184115523465,14,10,107
Merge,Instrumental,0.5902527075812274,21,20,72
Merge,Instrumental,0.5830324909747292,22,20,73
Merge,Instrumental + Instrumental,0.5902527075812274,21,20,74
Merge,Instrumental + Instrumental,0.5884476534296029,22,20,75
Merge,Instrumental + Mixed,0.6155234657039711,21,20,76
Merge,Instrumental + Mixed,0.5992779783393501,22,20,77
Merge,Instrumental + Vocals,0.6462093862815884,21,20,78
Merge,Instrumental + Vocals,0.6425992779783394,22,20,79
Merge,Mixed,0.6371841155234657,21,20,80
Merge,Mixed,0.6064981949458483,22,20,81
Merge,Mixed + Mixed,0.628158844765343,21,20,82
Merge,Mixed + Mixed,0.6299638989169675,22,20,83
Merge,Mixed + Vocals,0.6462093862815884,21,20,84
Merge,Mixed + Vocals,0.6462093862815884,22,20,85
Merge,Vocals,0.5938628158844765,21,20,86
Merge,Vocals,0.5902527075812274,22,20,87
Merge,Vocals + Vocals,0.592057761732852,21,20,88
Merge,Vocals + Vocals,0.592057761732852,22,20,89
Merge,Instrumental,0.592057761732852,23,20,90
Merge,Instrumental,0.5866425992779783,24,20,91
Merge,Instrumental + Instrumental,0.5938628158844765,23,20,92
Merge,Instrumental + Instrumental,0.5938628158844765,24,20,93
Merge,Instrumental + Mixed,0.6119133574007221,23,20,94
Merge,Instrumental + Mixed,0.6209386281588448,24,20,95
Merge,Instrumental + Vocals,0.644404332129964,23,20,96
Merge,Instrumental + Vocals,0.6389891696750902,24,20,97
Merge,Mixed,0.6353790613718412,23,20,98
Merge,Mixed,0.6299638989169675,24,20,99
Merge,Mixed + Mixed,0.6263537906137184,23,20,100
Merge,Mixed + Mixed,0.6353790613718412,24,20,101
Merge,Mixed + Vocals,0.6425992779783394,23,20,102
Merge,Mixed + Vocals,0.6389891696750902,24,20,103
Merge,Vocals,0.5974729241877257,23,20,104
Merge,Vocals,0.592057761732852,24,20,105
Merge,Vocals + Vocals,0.5992779783393501,23,20,106
Merge,Vocals + Vocals,0.5902527075812274,24,20,107
Merge,Instrumental,0.6191335740072202,31,30,72
Merge,Instrumental,0.6155234657039711,32,30,73
Merge,Instrumental + Instrumental,0.6209386281588448,31,30,74
Merge,Instrumental + Instrumental,0.628158844765343,32,30,75
Merge,Instrumental + Mixed,0.6462093862815884,31,30,76
Merge,Instrumental + Mixed,0.6353790613718412,32,30,77
Merge,Instrumental + Vocals,0.6570397111913358,31,30,78
Merge,Instrumental + Vocals,0.6588447653429603,32,30,79
Merge,Mixed,0.6353790613718412,31,30,80
Merge,Mixed,0.6263537906137184,32,30,81
Merge,Mixed + Mixed,0.6389891696750902,31,30,82
Merge,Mixed + Mixed,0.6353790613718412,32,30,83
Merge,Mixed + Vocals,0.6570397111913358,31,30,84
Merge,Mixed + Vocals,0.6570397111913358,32,30,85
Merge,Vocals,0.6101083032490975,31,30,86
Merge,Vocals,0.6064981949458483,32,30,87
Merge,Vocals + Vocals,0.6119133574007221,31,30,88
Merge,Vocals + Vocals,0.6046931407942239,32,30,89
Merge,Instrumental,0.6335740072202166,33,30,90
Merge,Instrumental,0.6263537906137184,34,30,91
Merge,Instrumental + Instrumental,0.6209386281588448,33,30,92
Merge,Instrumental + Instrumental,0.6425992779783394,34,30,93
Merge,Instrumental + Mixed,0.6371841155234657,33,30,94
Merge,Instrumental + Mixed,0.6462093862815884,34,30,95
Merge,Instrumental + Vocals,0.648014440433213,33,30,96
Merge,Instrumental + Vocals,0.6588447653429603,34,30,97
Merge,Mixed,0.6335740072202166,33,30,98
Merge,Mixed,0.6371841155234657,34,30,99
Merge,Mixed + Mixed,0.6335740072202166,33,30,100
Merge,Mixed + Mixed,0.6353790613718412,34,30,101
Merge,Mixed + Vocals,0.6624548736462094,33,30,102
Merge,Mixed + Vocals,0.6678700361010831,34,30,103
Merge,Vocals,0.6083032490974729,33,30,104
Merge,Vocals,0.6119133574007221,34,30,105
Merge,Vocals + Vocals,0.6083032490974729,33,30,106
Merge,Vocals + Vocals,0.6155234657039711,34,30,107
Merge,Instrumental,0.6516245487364621,41,40,72
Merge,Instrumental,0.6588447653429603,42,40,73
Merge,Instrumental + Instrumental,0.648014440433213,41,40,74
Merge,Instrumental + Instrumental,0.6534296028880866,42,40,75
Merge,Instrumental + Mixed,0.6624548736462094,41,40,76
Merge,Instrumental + Mixed,0.6678700361010831,42,40,77
Merge,Instrumental + Vocals,0.6678700361010831,41,40,78
Merge,Instrumental + Vocals,0.6660649819494585,42,40,79
Merge,Mixed,0.6678700361010831,41,40,80
Merge,Mixed,0.6732851985559567,42,40,81
Merge,Mixed + Mixed,0.6768953068592057,41,40,82
Merge,Mixed + Mixed,0.6696750902527075,42,40,83
Merge,Mixed + Vocals,0.6750902527075813,41,40,84
Merge,Mixed + Vocals,0.6768953068592057,42,40,85
Merge,Vocals,0.6137184115523465,41,40,86
Merge,Vocals,0.6173285198555957,42,40,87
Merge,Vocals + Vocals,0.6137184115523465,41,40,88
Merge,Vocals + Vocals,0.6137184115523465,42,40,89
Merge,Instrumental,0.6407942238267148,43,40,90
Merge,Instrumental,0.6335740072202166,44,40,91
Merge,Instrumental + Instrumental,0.644404332129964,43,40,92
Merge,Instrumental + Instrumental,0.644404332129964,44,40,93
Merge,Instrumental + Mixed,0.6714801444043321,43,40,94
Merge,Instrumental + Mixed,0.6768953068592057,44,40,95
Merge,Instrumental + Vocals,0.6841155234657039,43,40,96
Merge,Instrumental + Vocals,0.6841155234657039,44,40,97
Merge,Mixed,0.6714801444043321,43,40,98
Merge,Mixed,0.6642599277978339,44,40,99
Merge,Mixed + Mixed,0.6732851985559567,43,40,100
Merge,Mixed + Mixed,0.6660649819494585,44,40,101
Merge,Mixed + Vocals,0.6732851985559567,43,40,102
Merge,Mixed + Vocals,0.6750902527075813,44,40,103
Merge,Vocals,0.6209386281588448,43,40,104
Merge,Vocals,0.6209386281588448,44,40,105
Merge,Vocals + Vocals,0.6263537906137184,43,40,106
Merge,Vocals + Vocals,0.6191335740072202,44,40,107
Merge,Instrumental,0.5956678700361011,51,50,72
Merge,Instrumental,0.5974729241877257,52,50,73
Merge,Instrumental + Instrumental,0.5992779783393501,51,50,74
Merge,Instrumental + Instrumental,0.5902527075812274,52,50,75
Merge,Instrumental + Mixed,0.6299638989169675,51,50,76
Merge,Instrumental + Mixed,0.644404332129964,52,50,77
Merge,Instrumental + Vocals,0.6570397111913358,51,50,78
Merge,Instrumental + Vocals,0.6534296028880866,52,50,79
Merge,Mixed,0.648014440433213,51,50,80
Merge,Mixed,0.6227436823104693,52,50,81
Merge,Mixed + Mixed,0.6462093862815884,51,50,82
Merge,Mixed + Mixed,0.6498194945848376,52,50,83
Merge,Mixed + Vocals,0.6750902527075813,51,50,84
Merge,Mixed + Vocals,0.6768953068592057,52,50,85
Merge,Vocals,0.6299638989169675,51,50,86
Merge,Vocals,0.6299638989169675,52,50,87
Merge,Vocals + Vocals,0.631768953068592,51,50,88
Merge,Vocals + Vocals,0.6335740072202166,52,50,89
Merge,Instrumental,0.5866425992779783,53,50,90
Merge,Instrumental,0.5992779783393501,54,50,91
Merge,Instrumental + Instrumental,0.6010830324909747,53,50,92
Merge,Instrumental + Instrumental,0.6083032490974729,54,50,93
Merge,Instrumental + Mixed,0.6227436823104693,53,50,94
Merge,Instrumental + Mixed,0.6227436823104693,54,50,95
Merge,Instrumental + Vocals,0.6498194945848376,53,50,96
Merge,Instrumental + Vocals,0.648014440433213,54,50,97
Merge,Mixed,0.6407942238267148,53,50,98
Merge,Mixed,0.6389891696750902,54,50,99
Merge,Mixed + Mixed,0.6462093862815884,53,50,100
Merge,Mixed + Mixed,0.6407942238267148,54,50,101
Merge,Mixed + Vocals,0.6750902527075813,53,50,102
Merge,Mixed + Vocals,0.6805054151624549,54,50,103
Merge,Vocals,0.6389891696750902,53,50,104
Merge,Vocals,0.6462093862815884,54,50,105
Merge,Vocals + Vocals,0.6425992779783394,53,50,106
Merge,Vocals + Vocals,0.6335740072202166,54,50,107
Merge,Instrumental,0.6155234657039711,61,60,72
Merge,Instrumental,0.6245487364620939,62,60,73
Merge,Instrumental + Instrumental,0.6299638989169675,61,60,74
Merge,Instrumental + Instrumental,0.6101083032490975,62,60,75
Merge,Instrumental + Mixed,0.6389891696750902,61,60,76
Merge,Instrumental + Mixed,0.6173285198555957,62,60,77
Merge,Instrumental + Vocals,0.6624548736462094,61,60,78
Merge,Instrumental + Vocals,0.6642599277978339,62,60,79
Merge,Mixed,0.6425992779783394,61,60,80
Merge,Mixed,0.6209386281588448,62,60,81
Merge,Mixed + Mixed,0.631768953068592,61,60,82
Merge,Mixed + Mixed,0.6425992779783394,62,60,83
Merge,Mixed + Vocals,0.6588447653429603,61,60,84
Merge,Mixed + Vocals,0.6606498194945848,62,60,85
Merge,Vocals,0.628158844765343,61,60,86
Merge,Vocals,0.6299638989169675,62,60,87
Merge,Vocals + Vocals,0.6263537906137184,61,60,88
Merge,Vocals + Vocals,0.6209386281588448,62,60,89
Merge,Instrumental,0.6137184115523465,63,60,90
Merge,Instrumental,0.6209386281588448,64,60,91
Merge,Instrumental + Instrumental,0.6191335740072202,63,60,92
Merge,Instrumental + Instrumental,0.628158844765343,64,60,93
Merge,Instrumental + Mixed,0.6353790613718412,63,60,94
Merge,Instrumental + Mixed,0.648014440433213,64,60,95
Merge,Instrumental + Vocals,0.6606498194945848,63,60,96
Merge,Instrumental + Vocals,0.6606498194945848,64,60,97
Merge,Mixed,0.6425992779783394,63,60,98
Merge,Mixed,0.6299638989169675,64,60,99
Merge,Mixed + Mixed,0.6371841155234657,63,60,100
Merge,Mixed + Mixed,0.644404332129964,64,60,101
Merge,Mixed + Vocals,0.6660649819494585,63,60,102
Merge,Mixed + Vocals,0.6660649819494585,64,60,103
Merge,Vocals,0.628158844765343,63,60,104
Merge,Vocals,0.631768953068592,64,60,105
Merge,Vocals + Vocals,0.631768953068592,63,60,106
Merge,Vocals + Vocals,0.6335740072202166,64,60,107
Merge,Instrumental,0.6064981949458483,71,70,72
Merge,Instrumental,0.6137184115523465,72,70,73
Merge,Instrumental + Instrumental,0.6101083032490975,71,70,74
Merge,Instrumental + Instrumental,0.6155234657039711,72,70,75
Merge,Instrumental + Mixed,0.6263537906137184,71,70,76
Merge,Instrumental + Mixed,0.6209386281588448,72,70,77
Merge,Instrumental + Vocals,0.6660649819494585,71,70,78
Merge,Instrumental + Vocals,0.6660649819494585,72,70,79
Merge,Mixed,0.6570397111913358,71,70,80
Merge,Mixed,0.644404332129964,72,70,81
Merge,Mixed + Mixed,0.644404332129964,71,70,82
Merge,Mixed + Mixed,0.6534296028880866,72,70,83
Merge,Mixed + Vocals,0.6732851985559567,71,70,84
Merge,Mixed + Vocals,0.6732851985559567,72,70,85
Merge,Vocals,0.5992779783393501,71,70,86
Merge,Vocals,0.6028880866425993,72,70,87
Merge,Vocals + Vocals,0.6010830324909747,71,70,88
Merge,Vocals + Vocals,0.6064981949458483,72,70,89
Merge,Instrumental,0.6064981949458483,73,70,90
Merge,Instrumental,0.628158844765343,74,70,91
Merge,Instrumental + Instrumental,0.6245487364620939,73,70,92
Merge,Instrumental + Instrumental,0.6064981949458483,74,70,93
Merge,Instrumental + Mixed,0.628158844765343,73,70,94
Merge,Instrumental + Mixed,0.6245487364620939,74,70,95
Merge,Instrumental + Vocals,0.6534296028880866,73,70,96
Merge,Instrumental + Vocals,0.6516245487364621,74,70,97
Merge,Mixed,0.644404332129964,73,70,98
Merge,Mixed,0.6425992779783394,74,70,99
Merge,Mixed + Mixed,0.6407942238267148,73,70,100
Merge,Mixed + Mixed,0.6407942238267148,74,70,101
Merge,Mixed + Vocals,0.6732851985559567,73,70,102
Merge,Mixed + Vocals,0.6768953068592057,74,70,103
Merge,Vocals,0.6155234657039711,73,70,104
Merge,Vocals,0.6137184115523465,74,70,105
Merge,Vocals + Vocals,0.6137184115523465,73,70,106
Merge,Vocals + Vocals,0.6227436823104693,74,70,107
Merge,Instrumental,0.631768953068592,81,80,72
Merge,Instrumental,0.6516245487364621,82,80,73
Merge,Instrumental + Instrumental,0.6498194945848376,81,80,74
Merge,Instrumental + Instrumental,0.6299638989169675,82,80,75
Merge,Instrumental + Mixed,0.6425992779783394,81,80,76
Merge,Instrumental + Mixed,0.6498194945848376,82,80,77
Merge,Instrumental + Vocals,0.6678700361010831,81,80,78
Merge,Instrumental + Vocals,0.6696750902527075,82,80,79
Merge,Mixed,0.6389891696750902,81,80,80
Merge,Mixed,0.6389891696750902,82,80,81
Merge,Mixed + Mixed,0.644404332129964,81,80,82
Merge,Mixed + Mixed,0.6371841155234657,82,80,83
Merge,Mixed + Vocals,0.6805054151624549,81,80,84
Merge,Mixed + Vocals,0.6805054151624549,82,80,85
Merge,Vocals,0.6209386281588448,81,80,86
Merge,Vocals,0.6209386281588448,82,80,87
Merge,Vocals + Vocals,0.6173285198555957,81,80,88
Merge,Vocals + Vocals,0.6227436823104693,82,80,89
Merge,Instrumental,0.6462093862815884,83,80,90
Merge,Instrumental,0.6353790613718412,84,80,91
Merge,Instrumental + Instrumental,0.6425992779783394,83,80,92
Merge,Instrumental + Instrumental,0.6516245487364621,84,80,93
Merge,Instrumental + Mixed,0.6516245487364621,83,80,94
Merge,Instrumental + Mixed,0.6570397111913358,84,80,95
Merge,Instrumental + Vocals,0.6732851985559567,83,80,96
Merge,Instrumental + Vocals,0.6732851985559567,84,80,97
Merge,Mixed,0.6462093862815884,83,80,98
Merge,Mixed,0.6462093862815884,84,80,99
Merge,Mixed + Mixed,0.6407942238267148,83,80,100
Merge,Mixed + Mixed,0.6498194945848376,84,80,101
Merge,Mixed + Vocals,0.6732851985559567,83,80,102
Merge,Mixed + Vocals,0.6750902527075813,84,80,103
Merge,Vocals,0.6245487364620939,83,80,104
Merge,Vocals,0.6209386281588448,84,80,105
Merge,Vocals + Vocals,0.6191335740072202,83,80,106
Merge,Vocals + Vocals,0.6245487364620939,84,80,107
MirexLike_Categories,Instrumental,0.06748466257668712,11,10,108
MirexLike_Categories,Instrumental,0.0736196319018405,12,10,109
MirexLike_Categories,Instrumental + Instrumental,0.06748466257668712,11,10,110
MirexLike_Categories,Instrumental + Instrumental,0.08588957055214724,12,10,111
MirexLike_Categories,Instrumental + Mixed,0.08588957055214724,11,10,112
MirexLike_Categories,Instrumental + Mixed,0.06134969325153374,12,10,113
MirexLike_Categories,Instrumental + Vocals,0.06748466257668712,11,10,114
MirexLike_Categories,Instrumental + Vocals,0.07975460122699386,12,10,115
MirexLike_Categories,Mixed,0.07975460122699386,11,10,116
MirexLike_Categories,Mixed,0.08588957055214724,12,10,117
MirexLike_Categories,Mixed + Mixed,0.07975460122699386,11,10,118
MirexLike_Categories,Mixed + Mixed,0.07975460122699386,12,10,119
MirexLike_Categories,Mixed + Vocals,0.09202453987730061,11,10,120
MirexLike_Categories,Mixed + Vocals,0.06748466257668712,12,10,121
MirexLike_Categories,Vocals,0.0736196319018405,11,10,122
MirexLike_Categories,Vocals,0.06748466257668712,12,10,123
MirexLike_Categories,Vocals + Vocals,0.07975460122699386,11,10,124
MirexLike_Categories,Vocals + Vocals,0.0736196319018405,12,10,125
MirexLike_Categories,Instrumental,0.0736196319018405,13,10,126
MirexLike_Categories,Instrumental,0.07975460122699386,14,10,127
MirexLike_Categories,Instrumental + Instrumental,0.07975460122699386,13,10,128
MirexLike_Categories,Instrumental + Instrumental,0.07975460122699386,14,10,129
MirexLike_Categories,Instrumental + Mixed,0.09202453987730061,13,10,130
MirexLike_Categories,Instrumental + Mixed,0.08588957055214724,14,10,131
MirexLike_Categories,Instrumental + Vocals,0.06748466257668712,13,10,132
MirexLike_Categories,Instrumental + Vocals,0.06134969325153374,14,10,133
MirexLike_Categories,Mixed,0.06748466257668712,13,10,134
MirexLike_Categories,Mixed,0.0736196319018405,14,10,135
MirexLike_Categories,Mixed + Mixed,0.0736196319018405,13,10,136
MirexLike_Categories,Mixed + Mixed,0.0736196319018405,14,10,137
MirexLike_Categories,Mixed + Vocals,0.05521472392638037,13,10,138
MirexLike_Categories,Mixed + Vocals,0.06134969325153374,14,10,139
MirexLike_Categories,Vocals,0.03680981595092025,13,10,140
MirexLike_Categories,Vocals,0.06748466257668712,14,10,141
MirexLike_Categories,Vocals + Vocals,0.05521472392638037,13,10,142
MirexLike_Categories,Vocals + Vocals,0.03680981595092025,14,10,143
MirexLike_Categories,Instrumental,0.09202453987730061,21,20,108
MirexLike_Categories,Instrumental,0.09202453987730061,22,20,109
MirexLike_Categories,Instrumental + Instrumental,0.09815950920245399,21,20,110
MirexLike_Categories,Instrumental + Instrumental,0.0736196319018405,22,20,111
MirexLike_Categories,Instrumental + Mixed,0.06748466257668712,21,20,112
MirexLike_Categories,Instrumental + Mixed,0.09202453987730061,22,20,113
MirexLike_Categories,Instrumental + Vocals,0.08588957055214724,21,20,114
MirexLike_Categories,Instrumental + Vocals,0.08588957055214724,22,20,115
MirexLike_Categories,Mixed,0.06748466257668712,21,20,116
MirexLike_Categories,Mixed,0.08588957055214724,22,20,117
MirexLike_Categories,Mixed + Mixed,0.07975460122699386,21,20,118
MirexLike_Categories,Mixed + Mixed,0.09202453987730061,22,20,119
MirexLike_Categories,Mixed + Vocals,0.07975460122699386,21,20,120
MirexLike_Categories,Mixed + Vocals,0.0736196319018405,22,20,121
MirexLike_Categories,Vocals,0.06134969325153374,21,20,122
MirexLike_Categories,Vocals,0.0736196319018405,22,20,123
MirexLike_Categories,Vocals + Vocals,0.06134969325153374,21,20,124
MirexLike_Categories,Vocals + Vocals,0.06134969325153374,22,20,125
MirexLike_Categories,Instrumental,0.03680981595092025,23,20,126
MirexLike_Categories,Instrumental,0.03680981595092025,24,20,127
MirexLike_Categories,Instrumental + Instrumental,0.03680981595092025,23,20,128
MirexLike_Categories,Instrumental + Instrumental,0.03680981595092025,24,20,129
MirexLike_Categories,Instrumental + Mixed,0.07975460122699386,23,20,130
MirexLike_Categories,Instrumental + Mixed,0.0736196319018405,24,20,131
MirexLike_Categories,Instrumental + Vocals,0.0736196319018405,23,20,132
MirexLike_Categories,Instrumental + Vocals,0.06748466257668712,24,20,133
MirexLike_Categories,Mixed,0.08588957055214724,23,20,134
MirexLike_Categories,Mixed,0.07975460122699386,24,20,135
MirexLike_Categories,Mixed + Mixed,0.08588957055214724,23,20,136
MirexLike_Categories,Mixed + Mixed,0.08588957055214724,24,20,137
MirexLike_Categories,Mixed + Vocals,0.07975460122699386,23,20,138
MirexLike_Categories,Mixed + Vocals,0.07975460122699386,24,20,139
MirexLike_Categories,Vocals,0.0736196319018405,23,20,140
MirexLike_Categories,Vocals,0.07975460122699386,24,20,141
MirexLike_Categories,Vocals + Vocals,0.0736196319018405,23,20,142
MirexLike_Categories,Vocals + Vocals,0.06134969325153374,24,20,143
MirexLike_Categories,Instrumental,0.08588957055214724,31,30,108
MirexLike_Categories,Instrumental,0.08588957055214724,32,30,109
MirexLike_Categories,Instrumental + Instrumental,0.09202453987730061,31,30,110
MirexLike_Categories,Instrumental + Instrumental,0.0736196319018405,32,30,111
MirexLike_Categories,Instrumental + Mixed,0.10429447852760736,31,30,112
MirexLike_Categories,Instrumental + Mixed,0.07975460122699386,32,30,113
MirexLike_Categories,Instrumental + Vocals,0.09202453987730061,31,30,114
MirexLike_Categories,Instrumental + Vocals,0.09815950920245399,32,30,115
MirexLike_Categories,Mixed,0.08588957055214724,31,30,116
MirexLike_Categories,Mixed,0.08588957055214724,32,30,117
MirexLike_Categories,Mixed + Mixed,0.1165644171779141,31,30,118
MirexLike_Categories,Mixed + Mixed,0.12269938650306748,32,30,119
MirexLike_Categories,Mixed + Vocals,0.10429447852760736,31,30,120
MirexLike_Categories,Mixed + Vocals,0.09202453987730061,32,30,121
MirexLike_Categories,Vocals,0.06748466257668712,31,30,122
MirexLike_Categories,Vocals,0.09815950920245399,32,30,123
MirexLike_Categories,Vocals + Vocals,0.08588957055214724,31,30,124
MirexLike_Categories,Vocals + Vocals,0.06748466257668712,32,30,125
MirexLike_Categories,Instrumental,0.08588957055214724,33,30,126
MirexLike_Categories,Instrumental,0.09202453987730061,34,30,127
MirexLike_Categories,Instrumental + Instrumental,0.08588957055214724,33,30,128
MirexLike_Categories,Instrumental + Instrumental,0.09202453987730061,34,30,129
MirexLike_Categories,Instrumental + Mixed,0.06134969325153374,33,30,130
MirexLike_Categories,Instrumental + Mixed,0.06134969325153374,34,30,131
MirexLike_Categories,Instrumental + Vocals,0.12269938650306748,33,30,132
MirexLike_Categories,Instrumental + Vocals,0.147239263803681,34,30,133
MirexLike_Categories,Mixed,0.06748466257668712,33,30,134
MirexLike_Categories,Mixed,0.05521472392638037,34,30,135
MirexLike_Categories,Mixed + Mixed,0.06748466257668712,33,30,136
MirexLike_Categories,Mixed + Mixed,0.06134969325153374,34,30,137
MirexLike_Categories,Mixed + Vocals,0.08588957055214724,33,30,138
MirexLike_Categories,Mixed + Vocals,0.08588957055214724,34,30,139
MirexLike_Categories,Vocals,0.08588957055214724,33,30,140
MirexLike_Categories,Vocals,0.10429447852760736,34,30,141
MirexLike_Categories,Vocals + Vocals,0.09202453987730061,33,30,142
MirexLike_Categories,Vocals + Vocals,0.10429447852760736,34,30,143
MirexLike_Categories,Instrumental,0.10429447852760736,41,40,108
MirexLike_Categories,Instrumental,0.11042944785276074,42,40,109
MirexLike_Categories,Instrumental + Instrumental,0.11042944785276074,41,40,110
MirexLike_Categories,Instrumental + Instrumental,0.11042944785276074,42,40,111
MirexLike_Categories,Instrumental + Mixed,0.09815950920245399,41,40,112
MirexLike_Categories,Instrumental + Mixed,0.08588957055214724,42,40,113
MirexLike_Categories,Instrumental + Vocals,0.11042944785276074,41,40,114
MirexLike_Categories,Instrumental + Vocals,0.1165644171779141,42,40,115
MirexLike_Categories,Mixed,0.09815950920245399,41,40,116
MirexLike_Categories,Mixed,0.10429447852760736,42,40,117
MirexLike_Categories,Mixed + Mixed,0.09815950920245399,41,40,118
MirexLike_Categories,Mixed + Mixed,0.10429447852760736,42,40,119
MirexLike_Categories,Mixed + Vocals,0.09202453987730061,41,40,120
MirexLike_Categories,Mixed + Vocals,0.1165644171779141,42,40,121
MirexLike_Categories,Vocals,0.08588957055214724,41,40,122
MirexLike_Categories,Vocals,0.09202453987730061,42,40,123
MirexLike_Categories,Vocals + Vocals,0.09815950920245399,41,40,124
MirexLike_Categories,Vocals + Vocals,0.08588957055214724,42,40,125
MirexLike_Categories,Instrumental,0.0736196319018405,43,40,126
MirexLike_Categories,Instrumental,0.0736196319018405,44,40,127
MirexLike_Categories,Instrumental + Instrumental,0.0736196319018405,43,40,128
MirexLike_Categories,Instrumental + Instrumental,0.07975460122699386,44,40,129
MirexLike_Categories,Instrumental + Mixed,0.09202453987730061,43,40,130
MirexLike_Categories,Instrumental + Mixed,0.0736196319018405,44,40,131
MirexLike_Categories,Instrumental + Vocals,0.08588957055214724,43,40,132
MirexLike_Categories,Instrumental + Vocals,0.08588957055214724,44,40,133
MirexLike_Categories,Mixed,0.06748466257668712,43,40,134
MirexLike_Categories,Mixed,0.06134969325153374,44,40,135
MirexLike_Categories,Mixed + Mixed,0.06134969325153374,43,40,136
MirexLike_Categories,Mixed + Mixed,0.06748466257668712,44,40,137
MirexLike_Categories,Mixed + Vocals,0.06134969325153374,43,40,138
MirexLike_Categories,Mixed + Vocals,0.06134969325153374,44,40,139
MirexLike_Categories,Vocals,0.09202453987730061,43,40,140
MirexLike_Categories,Vocals,0.09202453987730061,44,40,141
MirexLike_Categories,Vocals + Vocals,0.10429447852760736,43,40,142
MirexLike_Categories,Vocals + Vocals,0.08588957055214724,44,40,143
MirexLike_Categories,Instrumental,0.0736196319018405,51,50,108
MirexLike_Categories,Instrumental,0.0736196319018405,52,50,109
MirexLike_Categories,Instrumental + Instrumental,0.0736196319018405,51,50,110
MirexLike_Categories,Instrumental + Instrumental,0.06748466257668712,52,50,111
MirexLike_Categories,Instrumental + Mixed,0.08588957055214724,51,50,112
MirexLike_Categories,Instrumental + Mixed,0.08588957055214724,52,50,113
MirexLike_Categories,Instrumental + Vocals,0.09815950920245399,51,50,114
MirexLike_Categories,Instrumental + Vocals,0.09815950920245399,52,50,115
MirexLike_Categories,Mixed,0.08588957055214724,51,50,116
MirexLike_Categories,Mixed,0.0736196319018405,52,50,117
MirexLike_Categories,Mixed + Mixed,0.09202453987730061,51,50,118
MirexLike_Categories,Mixed + Mixed,0.08588957055214724,52,50,119
MirexLike_Categories,Mixed + Vocals,0.1165644171779141,51,50,120
MirexLike_Categories,Mixed + Vocals,0.10429447852760736,52,50,121
MirexLike_Categories,Vocals,0.09202453987730061,51,50,122
MirexLike_Categories,Vocals,0.07975460122699386,52,50,123
MirexLike_Categories,Vocals + Vocals,0.0736196319018405,51,50,124
MirexLike_Categories,Vocals + Vocals,0.09202453987730061,52,50,125
MirexLike_Categories,Instrumental,0.0736196319018405,53,50,126
MirexLike_Categories,Instrumental,0.07975460122699386,54,50,127
MirexLike_Categories,Instrumental + Instrumental,0.0736196319018405,53,50,128
MirexLike_Categories,Instrumental + Instrumental,0.0736196319018405,54,50,129
MirexLike_Categories,Instrumental + Mixed,0.07975460122699386,53,50,130
MirexLike_Categories,Instrumental + Mixed,0.07975460122699386,54,50,131
MirexLike_Categories,Instrumental + Vocals,0.08588957055214724,53,50,132
MirexLike_Categories,Instrumental + Vocals,0.08588957055214724,54,50,133
MirexLike_Categories,Mixed,0.06748466257668712,53,50,134
MirexLike_Categories,Mixed,0.06134969325153374,54,50,135
MirexLike_Categories,Mixed + Mixed,0.0736196319018405,53,50,136
MirexLike_Categories,Mixed + Mixed,0.0736196319018405,54,50,137
MirexLike_Categories,Mixed + Vocals,0.09202453987730061,53,50,138
MirexLike_Categories,Mixed + Vocals,0.09202453987730061,54,50,139
MirexLike_Categories,Vocals,0.0736196319018405,53,50,140
MirexLike_Categories,Vocals,0.06748466257668712,54,50,141
MirexLike_Categories,Vocals + Vocals,0.0736196319018405,53,50,142
MirexLike_Categories,Vocals + Vocals,0.0736196319018405,54,50,143
MirexLike_Categories,Instrumental,0.06748466257668712,61,60,108
MirexLike_Categories,Instrumental,0.06748466257668712,62,60,109
MirexLike_Categories,Instrumental + Instrumental,0.06134969325153374,61,60,110
MirexLike_Categories,Instrumental + Instrumental,0.05521472392638037,62,60,111
MirexLike_Categories,Instrumental + Mixed,0.06748466257668712,61,60,112
MirexLike_Categories,Instrumental + Mixed,0.09815950920245399,62,60,113
MirexLike_Categories,Instrumental + Vocals,0.10429447852760736,61,60,114
MirexLike_Categories,Instrumental + Vocals,0.11042944785276074,62,60,115
MirexLike_Categories,Mixed,0.0736196319018405,61,60,116
MirexLike_Categories,Mixed,0.09202453987730061,62,60,117
MirexLike_Categories,Mixed + Mixed,0.09202453987730061,61,60,118
MirexLike_Categories,Mixed + Mixed,0.07975460122699386,62,60,119
MirexLike_Categories,Mixed + Vocals,0.08588957055214724,61,60,120
MirexLike_Categories,Mixed + Vocals,0.07975460122699386,62,60,121
MirexLike_Categories,Vocals,0.11042944785276074,61,60,122
MirexLike_Categories,Vocals,0.11042944785276074,62,60,123
MirexLike_Categories,Vocals + Vocals,0.12269938650306748,61,60,124
MirexLike_Categories,Vocals + Vocals,0.12269938650306748,62,60,125
MirexLike_Categories,Instrumental,0.0736196319018405,63,60,126
MirexLike_Categories,Instrumental,0.0736196319018405,64,60,127
MirexLike_Categories,Instrumental + Instrumental,0.0736196319018405,63,60,128
MirexLike_Categories,Instrumental + Instrumental,0.0736196319018405,64,60,129
MirexLike_Categories,Instrumental + Mixed,0.11042944785276074,63,60,130
MirexLike_Categories,Instrumental + Mixed,0.11042944785276074,64,60,131
MirexLike_Categories,Instrumental + Vocals,0.07975460122699386,63,60,132
MirexLike_Categories,Instrumental + Vocals,0.09202453987730061,64,60,133
MirexLike_Categories,Mixed,0.08588957055214724,63,60,134
MirexLike_Categories,Mixed,0.08588957055214724,64,60,135
MirexLike_Categories,Mixed + Mixed,0.08588957055214724,63,60,136
MirexLike_Categories,Mixed + Mixed,0.0736196319018405,64,60,137
MirexLike_Categories,Mixed + Vocals,0.11042944785276074,63,60,138
MirexLike_Categories,Mixed + Vocals,0.1165644171779141,64,60,139
MirexLike_Categories,Vocals,0.12269938650306748,63,60,140
MirexLike_Categories,Vocals,0.12269938650306748,64,60,141
MirexLike_Categories,Vocals + Vocals,0.12269938650306748,63,60,142
MirexLike_Categories,Vocals + Vocals,0.12883435582822086,64,60,143
MirexLike_Categories,Instrumental,0.09202453987730061,71,70,108
MirexLike_Categories,Instrumental,0.09815950920245399,72,70,109
MirexLike_Categories,Instrumental + Instrumental,0.09815950920245399,71,70,110
MirexLike_Categories,Instrumental + Instrumental,0.09815950920245399,72,70,111
MirexLike_Categories,Instrumental + Mixed,0.09202453987730061,71,70,112
MirexLike_Categories,Instrumental + Mixed,0.10429447852760736,72,70,113
MirexLike_Categories,Instrumental + Vocals,0.09815950920245399,71,70,114
MirexLike_Categories,Instrumental + Vocals,0.09815950920245399,72,70,115
MirexLike_Categories,Mixed,0.07975460122699386,71,70,116
MirexLike_Categories,Mixed,0.09815950920245399,72,70,117
MirexLike_Categories,Mixed + Mixed,0.09815950920245399,71,70,118
MirexLike_Categories,Mixed + Mixed,0.08588957055214724,72,70,119
MirexLike_Categories,Mixed + Vocals,0.09815950920245399,71,70,120
MirexLike_Categories,Mixed + Vocals,0.10429447852760736,72,70,121
MirexLike_Categories,Vocals,0.0736196319018405,71,70,122
MirexLike_Categories,Vocals,0.10429447852760736,72,70,123
MirexLike_Categories,Vocals + Vocals,0.09202453987730061,71,70,124
MirexLike_Categories,Vocals + Vocals,0.08588957055214724,72,70,125
MirexLike_Categories,Instrumental,0.06748466257668712,73,70,126
MirexLike_Categories,Instrumental,0.049079754601226995,74,70,127
MirexLike_Categories,Instrumental + Instrumental,0.049079754601226995,73,70,128
MirexLike_Categories,Instrumental + Instrumental,0.06134969325153374,74,70,129
MirexLike_Categories,Instrumental + Mixed,0.07975460122699386,73,70,130
MirexLike_Categories,Instrumental + Mixed,0.08588957055214724,74,70,131
MirexLike_Categories,Instrumental + Vocals,0.09815950920245399,73,70,132
MirexLike_Categories,Instrumental + Vocals,0.09815950920245399,74,70,133
MirexLike_Categories,Mixed,0.0736196319018405,73,70,134
MirexLike_Categories,Mixed,0.07975460122699386,74,70,135
MirexLike_Categories,Mixed + Mixed,0.0736196319018405,73,70,136
MirexLike_Categories,Mixed + Mixed,0.06134969325153374,74,70,137
MirexLike_Categories,Mixed + Vocals,0.11042944785276074,73,70,138
MirexLike_Categories,Mixed + Vocals,0.12269938650306748,74,70,139
MirexLike_Categories,Vocals,0.09202453987730061,73,70,140
MirexLike_Categories,Vocals,0.0736196319018405,74,70,141
MirexLike_Categories,Vocals + Vocals,0.08588957055214724,73,70,142
MirexLike_Categories,Vocals + Vocals,0.10429447852760736,74,70,143
MirexLike_Categories,Instrumental,0.10429447852760736,81,80,108
MirexLike_Categories,Instrumental,0.10429447852760736,82,80,109
MirexLike_Categories,Instrumental + Instrumental,0.10429447852760736,81,80,110
MirexLike_Categories,Instrumental + Instrumental,0.09202453987730061,82,80,111
MirexLike_Categories,Instrumental + Mixed,0.08588957055214724,81,80,112
MirexLike_Categories,Instrumental + Mixed,0.1165644171779141,82,80,113
MirexLike_Categories,Instrumental + Vocals,0.09815950920245399,81,80,114
MirexLike_Categories,Instrumental + Vocals,0.0736196319018405,82,80,115
MirexLike_Categories,Mixed,0.09815950920245399,81,80,116
MirexLike_Categories,Mixed,0.13496932515337423,82,80,117
MirexLike_Categories,Mixed + Mixed,0.09202453987730061,81,80,118
MirexLike_Categories,Mixed + Mixed,0.08588957055214724,82,80,119
MirexLike_Categories,Mixed + Vocals,0.09202453987730061,81,80,120
MirexLike_Categories,Mixed + Vocals,0.09202453987730061,82,80,121
MirexLike_Categories,Vocals,0.08588957055214724,81,80,122
MirexLike_Categories,Vocals,0.06134969325153374,82,80,123
MirexLike_Categories,Vocals + Vocals,0.0736196319018405,81,80,124
MirexLike_Categories,Vocals + Vocals,0.08588957055214724,82,80,125
MirexLike_Categories,Instrumental,0.09815950920245399,83,80,126
MirexLike_Categories,Instrumental,0.08588957055214724,84,80,127
MirexLike_Categories,Instrumental + Instrumental,0.09202453987730061,83,80,128
MirexLike_Categories,Instrumental + Instrumental,0.09202453987730061,84,80,129
MirexLike_Categories,Instrumental + Mixed,0.10429447852760736,83,80,130
MirexLike_Categories,Instrumental + Mixed,0.09815950920245399,84,80,131
MirexLike_Categories,Instrumental + Vocals,0.10429447852760736,83,80,132
MirexLike_Categories,Instrumental + Vocals,0.10429447852760736,84,80,133
MirexLike_Categories,Mixed,0.08588957055214724,83,80,134
MirexLike_Categories,Mixed,0.09202453987730061,84,80,135
MirexLike_Categories,Mixed + Mixed,0.09202453987730061,83,80,136
MirexLike_Categories,Mixed + Mixed,0.08588957055214724,84,80,137
MirexLike_Categories,Mixed + Vocals,0.07975460122699386,83,80,138
MirexLike_Categories,Mixed + Vocals,0.09202453987730061,84,80,139
MirexLike_Categories,Vocals,0.0736196319018405,83,80,140
MirexLike_Categories,Vocals,0.08588957055214724,84,80,141
MirexLike_Categories,Vocals + Vocals,0.06748466257668712,83,80,142
MirexLike_Categories,Vocals + Vocals,0.06134969325153374,84,80,143
MirexLike_Cluster,Instrumental,0.3888888888888889,11,10,144
MirexLike_Cluster,Instrumental,0.3888888888888889,12,10,145
MirexLike_Cluster,Instrumental + Instrumental,0.3888888888888889,11,10,146
MirexLike_Cluster,Instrumental + Instrumental,0.3950617283950617,12,10,147
MirexLike_Cluster,Instrumental + Mixed,0.43209876543209874,11,10,148
MirexLike_Cluster,Instrumental + Mixed,0.43209876543209874,12,10,149
MirexLike_Cluster,Instrumental + Vocals,0.4382716049382716,11,10,150
MirexLike_Cluster,Instrumental + Vocals,0.46296296296296297,12,10,151
MirexLike_Cluster,Mixed,0.38271604938271603,11,10,152
MirexLike_Cluster,Mixed,0.38271604938271603,12,10,153
MirexLike_Cluster,Mixed + Mixed,0.38271604938271603,11,10,154
MirexLike_Cluster,Mixed + Mixed,0.38271604938271603,12,10,155
MirexLike_Cluster,Mixed + Vocals,0.4382716049382716,11,10,156
MirexLike_Cluster,Mixed + Vocals,0.4506172839506173,12,10,157
MirexLike_Cluster,Vocals,0.3950617283950617,11,10,158
MirexLike_Cluster,Vocals,0.4074074074074074,12,10,159
MirexLike_Cluster,Vocals + Vocals,0.4382716049382716,11,10,160
MirexLike_Cluster,Vocals + Vocals,0.42592592592592593,12,10,161
MirexLike_Cluster,Instrumental,0.4074074074074074,13,10,162
MirexLike_Cluster,Instrumental,0.42592592592592593,14,10,163
MirexLike_Cluster,Instrumental + Instrumental,0.4012345679012346,13,10,164
MirexLike_Cluster,Instrumental + Instrumental,0.3950617283950617,14,10,165
MirexLike_Cluster,Instrumental + Mixed,0.42592592592592593,13,10,166
MirexLike_Cluster,Instrumental + Mixed,0.41975308641975306,14,10,167
MirexLike_Cluster,Instrumental + Vocals,0.4691358024691358,13,10,168
MirexLike_Cluster,Instrumental + Vocals,0.4691358024691358,14,10,169
MirexLike_Cluster,Mixed,0.42592592592592593,13,10,170
MirexLike_Cluster,Mixed,0.4012345679012346,14,10,171
MirexLike_Cluster,Mixed + Mixed,0.41358024691358025,13,10,172
MirexLike_Cluster,Mixed + Mixed,0.41358024691358025,14,10,173
MirexLike_Cluster,Mixed + Vocals,0.4012345679012346,13,10,174
MirexLike_Cluster,Mixed + Vocals,0.41975308641975306,14,10,175
MirexLike_Cluster,Vocals,0.35185185185185186,13,10,176
MirexLike_Cluster,Vocals,0.37037037037037035,14,10,177
MirexLike_Cluster,Vocals + Vocals,0.37037037037037035,13,10,178
MirexLike_Cluster,Vocals + Vocals,0.4012345679012346,14,10,179
MirexLike_Cluster,Instrumental,0.4074074074074074,21,20,144
MirexLike_Cluster,Instrumental,0.4074074074074074,22,20,145
MirexLike_Cluster,Instrumental + Instrumental,0.4074074074074074,21,20,146
MirexLike_Cluster,Instrumental + Instrumental,0.4074074074074074,22,20,147
MirexLike_Cluster,Instrumental + Mixed,0.4691358024691358,21,20,148
MirexLike_Cluster,Instrumental + Mixed,0.46296296296296297,22,20,149
MirexLike_Cluster,Instrumental + Vocals,0.4876543209876543,21,20,150
MirexLike_Cluster,Instrumental + Vocals,0.46296296296296297,22,20,151
MirexLike_Cluster,Mixed,0.48148148148148145,21,20,152
MirexLike_Cluster,Mixed,0.46296296296296297,22,20,153
MirexLike_Cluster,Mixed + Mixed,0.4691358024691358,21,20,154
MirexLike_Cluster,Mixed + Mixed,0.4691358024691358,22,20,155
MirexLike_Cluster,Mixed + Vocals,0.5185185185185185,21,20,156
MirexLike_Cluster,Mixed + Vocals,0.4567901234567901,22,20,157
MirexLike_Cluster,Vocals,0.41975308641975306,21,20,158
MirexLike_Cluster,Vocals,0.3888888888888889,22,20,159
MirexLike_Cluster,Vocals + Vocals,0.46296296296296297,21,20,160
MirexLike_Cluster,Vocals + Vocals,0.4567901234567901,22,20,161
MirexLike_Cluster,Instrumental,0.3950617283950617,23,20,162
MirexLike_Cluster,Instrumental,0.3950617283950617,24,20,163
MirexLike_Cluster,Instrumental + Instrumental,0.4074074074074074,23,20,164
MirexLike_Cluster,Instrumental + Instrumental,0.4012345679012346,24,20,165
MirexLike_Cluster,Instrumental + Mixed,0.41975308641975306,23,20,166
MirexLike_Cluster,Instrumental + Mixed,0.41975308641975306,24,20,167
MirexLike_Cluster,Instrumental + Vocals,0.47530864197530864,23,20,168
MirexLike_Cluster,Instrumental + Vocals,0.49382716049382713,24,20,169
MirexLike_Cluster,Mixed,0.41358024691358025,23,20,170
MirexLike_Cluster,Mixed,0.4012345679012346,24,20,171
MirexLike_Cluster,Mixed + Mixed,0.41975308641975306,23,20,172
MirexLike_Cluster,Mixed + Mixed,0.41975308641975306,24,20,173
MirexLike_Cluster,Mixed + Vocals,0.47530864197530864,23,20,174
MirexLike_Cluster,Mixed + Vocals,0.48148148148148145,24,20,175
MirexLike_Cluster,Vocals,0.4506172839506173,23,20,176
MirexLike_Cluster,Vocals,0.4382716049382716,24,20,177
MirexLike_Cluster,Vocals + Vocals,0.4444444444444444,23,20,178
MirexLike_Cluster,Vocals + Vocals,0.41975308641975306,24,20,179
MirexLike_Cluster,Instrumental,0.3888888888888889,31,30,144
MirexLike_Cluster,Instrumental,0.3888888888888889,32,30,145
MirexLike_Cluster,Instrumental + Instrumental,0.3888888888888889,31,30,146
MirexLike_Cluster,Instrumental + Instrumental,0.3765432098765432,32,30,147
MirexLike_Cluster,Instrumental + Mixed,0.41975308641975306,31,30,148
MirexLike_Cluster,Instrumental + Mixed,0.4444444444444444,32,30,149
MirexLike_Cluster,Instrumental + Vocals,0.4444444444444444,31,30,150
MirexLike_Cluster,Instrumental + Vocals,0.42592592592592593,32,30,151
MirexLike_Cluster,Mixed,0.35802469135802467,31,30,152
MirexLike_Cluster,Mixed,0.41975308641975306,32,30,153
MirexLike_Cluster,Mixed + Mixed,0.4012345679012346,31,30,154
MirexLike_Cluster,Mixed + Mixed,0.4012345679012346,32,30,155
MirexLike_Cluster,Mixed + Vocals,0.4444444444444444,31,30,156
MirexLike_Cluster,Mixed + Vocals,0.41975308641975306,32,30,157
MirexLike_Cluster,Vocals,0.41975308641975306,31,30,158
MirexLike_Cluster,Vocals,0.3395061728395062,32,30,159
MirexLike_Cluster,Vocals + Vocals,0.41975308641975306,31,30,160
MirexLike_Cluster,Vocals + Vocals,0.3950617283950617,32,30,161
MirexLike_Cluster,Instrumental,0.38271604938271603,33,30,162
MirexLike_Cluster,Instrumental,0.35802469135802467,34,30,163
MirexLike_Cluster,Instrumental + Instrumental,0.3765432098765432,33,30,164
MirexLike_Cluster,Instrumental + Instrumental,0.3888888888888889,34,30,165
MirexLike_Cluster,Instrumental + Mixed,0.4012345679012346,33,30,166
MirexLike_Cluster,Instrumental + Mixed,0.4074074074074074,34,30,167
MirexLike_Cluster,Instrumental + Vocals,0.46296296296296297,33,30,168
MirexLike_Cluster,Instrumental + Vocals,0.4444444444444444,34,30,169
MirexLike_Cluster,Mixed,0.4506172839506173,33,30,170
MirexLike_Cluster,Mixed,0.4567901234567901,34,30,171
MirexLike_Cluster,Mixed + Mixed,0.4506172839506173,33,30,172
MirexLike_Cluster,Mixed + Mixed,0.4567901234567901,34,30,173
MirexLike_Cluster,Mixed + Vocals,0.4876543209876543,33,30,174
MirexLike_Cluster,Mixed + Vocals,0.48148148148148145,34,30,175
MirexLike_Cluster,Vocals,0.35802469135802467,33,30,176
MirexLike_Cluster,Vocals,0.35802469135802467,34,30,177
MirexLike_Cluster,Vocals + Vocals,0.37037037037037035,33,30,178
MirexLike_Cluster,Vocals + Vocals,0.3888888888888889,34,30,179
MirexLike_Cluster,Instrumental,0.3765432098765432,41,40,144
MirexLike_Cluster,Instrumental,0.3765432098765432,42,40,145
MirexLike_Cluster,Instrumental + Instrumental,0.3765432098765432,41,40,146
MirexLike_Cluster,Instrumental + Instrumental,0.37037037037037035,42,40,147
MirexLike_Cluster,Instrumental + Mixed,0.38271604938271603,41,40,148
MirexLike_Cluster,Instrumental + Mixed,0.38271604938271603,42,40,149
MirexLike_Cluster,Instrumental + Vocals,0.43209876543209874,41,40,150
MirexLike_Cluster,Instrumental + Vocals,0.3888888888888889,42,40,151
MirexLike_Cluster,Mixed,0.38271604938271603,41,40,152
MirexLike_Cluster,Mixed,0.3765432098765432,42,40,153
MirexLike_Cluster,Mixed + Mixed,0.3765432098765432,41,40,154
MirexLike_Cluster,Mixed + Mixed,0.3765432098765432,42,40,155
MirexLike_Cluster,Mixed + Vocals,0.4382716049382716,41,40,156
MirexLike_Cluster,Mixed + Vocals,0.4012345679012346,42,40,157
MirexLike_Cluster,Vocals,0.3765432098765432,41,40,158
MirexLike_Cluster,Vocals,0.3765432098765432,42,40,159
MirexLike_Cluster,Vocals + Vocals,0.4012345679012346,41,40,160
MirexLike_Cluster,Vocals + Vocals,0.3765432098765432,42,40,161
MirexLike_Cluster,Instrumental,0.38271604938271603,43,40,162
MirexLike_Cluster,Instrumental,0.37037037037037035,44,40,163
MirexLike_Cluster,Instrumental + Instrumental,0.37037037037037035,43,40,164
MirexLike_Cluster,Instrumental + Instrumental,0.3888888888888889,44,40,165
MirexLike_Cluster,Instrumental + Mixed,0.4012345679012346,43,40,166
MirexLike_Cluster,Instrumental + Mixed,0.4012345679012346,44,40,167
MirexLike_Cluster,Instrumental + Vocals,0.4567901234567901,43,40,168
MirexLike_Cluster,Instrumental + Vocals,0.4444444444444444,44,40,169
MirexLike_Cluster,Mixed,0.42592592592592593,43,40,170
MirexLike_Cluster,Mixed,0.42592592592592593,44,40,171
MirexLike_Cluster,Mixed + Mixed,0.42592592592592593,43,40,172
MirexLike_Cluster,Mixed + Mixed,0.41975308641975306,44,40,173
MirexLike_Cluster,Mixed + Vocals,0.4382716049382716,43,40,174
MirexLike_Cluster,Mixed + Vocals,0.4382716049382716,44,40,175
MirexLike_Cluster,Vocals,0.4074074074074074,43,40,176
MirexLike_Cluster,Vocals,0.3950617283950617,44,40,177
MirexLike_Cluster,Vocals + Vocals,0.4012345679012346,43,40,178
MirexLike_Cluster,Vocals + Vocals,0.4382716049382716,44,40,179
MirexLike_Cluster,Instrumental,0.35802469135802467,51,50,144
MirexLike_Cluster,Instrumental,0.35802469135802467,52,50,145
MirexLike_Cluster,Instrumental + Instrumental,0.35802469135802467,51,50,146
MirexLike_Cluster,Instrumental + Instrumental,0.35802469135802467,52,50,147
MirexLike_Cluster,Instrumental + Mixed,0.4012345679012346,51,50,148
MirexLike_Cluster,Instrumental + Mixed,0.3950617283950617,52,50,149
MirexLike_Cluster,Instrumental + Vocals,0.4012345679012346,51,50,150
MirexLike_Cluster,Instrumental + Vocals,0.4444444444444444,52,50,151
MirexLike_Cluster,Mixed,0.4074074074074074,51,50,152
MirexLike_Cluster,Mixed,0.41358024691358025,52,50,153
MirexLike_Cluster,Mixed + Mixed,0.41358024691358025,51,50,154
MirexLike_Cluster,Mixed + Mixed,0.41358024691358025,52,50,155
MirexLike_Cluster,Mixed + Vocals,0.41975308641975306,51,50,156
MirexLike_Cluster,Mixed + Vocals,0.43209876543209874,52,50,157
MirexLike_Cluster,Vocals,0.36419753086419754,51,50,158
MirexLike_Cluster,Vocals,0.3765432098765432,52,50,159
MirexLike_Cluster,Vocals + Vocals,0.3765432098765432,51,50,160
MirexLike_Cluster,Vocals + Vocals,0.4074074074074074,52,50,161
MirexLike_Cluster,Instrumental,0.35802469135802467,53,50,162
MirexLike_Cluster,Instrumental,0.35802469135802467,54,50,163
MirexLike_Cluster,Instrumental + Instrumental,0.35185185185185186,53,50,164
MirexLike_Cluster,Instrumental + Instrumental,0.35185185185185186,54,50,165
MirexLike_Cluster,Instrumental + Mixed,0.4012345679012346,53,50,166
MirexLike_Cluster,Instrumental + Mixed,0.3950617283950617,54,50,167
MirexLike_Cluster,Instrumental + Vocals,0.4444444444444444,53,50,168
MirexLike_Cluster,Instrumental + Vocals,0.4382716049382716,54,50,169
MirexLike_Cluster,Mixed,0.41358024691358025,53,50,170
MirexLike_Cluster,Mixed,0.4012345679012346,54,50,171
MirexLike_Cluster,Mixed + Mixed,0.4074074074074074,53,50,172
MirexLike_Cluster,Mixed + Mixed,0.4074074074074074,54,50,173
MirexLike_Cluster,Mixed + Vocals,0.41975308641975306,53,50,174
MirexLike_Cluster,Mixed + Vocals,0.4012345679012346,54,50,175
MirexLike_Cluster,Vocals,0.35185185185185186,53,50,176
MirexLike_Cluster,Vocals,0.35185185185185186,54,50,177
MirexLike_Cluster,Vocals + Vocals,0.35802469135802467,53,50,178
MirexLike_Cluster,Vocals + Vocals,0.35185185185185186,54,50,179
MirexLike_Cluster,Instrumental,0.3888888888888889,61,60,144
MirexLike_Cluster,Instrumental,0.3888888888888889,62,60,145
MirexLike_Cluster,Instrumental + Instrumental,0.3888888888888889,61,60,146
MirexLike_Cluster,Instrumental + Instrumental,0.4074074074074074,62,60,147
MirexLike_Cluster,Instrumental + Mixed,0.4444444444444444,61,60,148
MirexLike_Cluster,Instrumental + Mixed,0.4444444444444444,62,60,149
MirexLike_Cluster,Instrumental + Vocals,0.4382716049382716,61,60,150
MirexLike_Cluster,Instrumental + Vocals,0.4567901234567901,62,60,151
MirexLike_Cluster,Mixed,0.3950617283950617,61,60,152
MirexLike_Cluster,Mixed,0.3950617283950617,62,60,153
MirexLike_Cluster,Mixed + Mixed,0.3950617283950617,61,60,154
MirexLike_Cluster,Mixed + Mixed,0.3950617283950617,62,60,155
MirexLike_Cluster,Mixed + Vocals,0.4506172839506173,61,60,156
MirexLike_Cluster,Mixed + Vocals,0.5,62,60,157
MirexLike_Cluster,Vocals,0.35802469135802467,61,60,158
MirexLike_Cluster,Vocals,0.4382716049382716,62,60,159
MirexLike_Cluster,Vocals + Vocals,0.41358024691358025,61,60,160
MirexLike_Cluster,Vocals + Vocals,0.42592592592592593,62,60,161
MirexLike_Cluster,Instrumental,0.3950617283950617,63,60,162
MirexLike_Cluster,Instrumental,0.4012345679012346,64,60,163
MirexLike_Cluster,Instrumental + Instrumental,0.3950617283950617,63,60,164
MirexLike_Cluster,Instrumental + Instrumental,0.3888888888888889,64,60,165
MirexLike_Cluster,Instrumental + Mixed,0.43209876543209874,63,60,166
MirexLike_Cluster,Instrumental + Mixed,0.4444444444444444,64,60,167
MirexLike_Cluster,Instrumental + Vocals,0.41975308641975306,63,60,168
MirexLike_Cluster,Instrumental + Vocals,0.4382716049382716,64,60,169
MirexLike_Cluster,Mixed,0.46296296296296297,63,60,170
MirexLike_Cluster,Mixed,0.46296296296296297,64,60,171
MirexLike_Cluster,Mixed + Mixed,0.4691358024691358,63,60,172
MirexLike_Cluster,Mixed + Mixed,0.4567901234567901,64,60,173
MirexLike_Cluster,Mixed + Vocals,0.43209876543209874,63,60,174
MirexLike_Cluster,Mixed + Vocals,0.43209876543209874,64,60,175
MirexLike_Cluster,Vocals,0.35802469135802467,63,60,176
MirexLike_Cluster,Vocals,0.36419753086419754,64,60,177
MirexLike_Cluster,Vocals + Vocals,0.36419753086419754,63,60,178
MirexLike_Cluster,Vocals + Vocals,0.4012345679012346,64,60,179
MirexLike_Cluster,Instrumental,0.32098765432098764,71,70,144
MirexLike_Cluster,Instrumental,0.32098765432098764,72,70,145
MirexLike_Cluster,Instrumental + Instrumental,0.32098765432098764,71,70,146
MirexLike_Cluster,Instrumental + Instrumental,0.3333333333333333,72,70,147
MirexLike_Cluster,Instrumental + Mixed,0.3765432098765432,71,70,148
MirexLike_Cluster,Instrumental + Mixed,0.3765432098765432,72,70,149
MirexLike_Cluster,Instrumental + Vocals,0.3271604938271605,71,70,150
MirexLike_Cluster,Instrumental + Vocals,0.35802469135802467,72,70,151
MirexLike_Cluster,Mixed,0.3395061728395062,71,70,152
MirexLike_Cluster,Mixed,0.3395061728395062,72,70,153
MirexLike_Cluster,Mixed + Mixed,0.3395061728395062,71,70,154
MirexLike_Cluster,Mixed + Mixed,0.3395061728395062,72,70,155
MirexLike_Cluster,Mixed + Vocals,0.36419753086419754,71,70,156
MirexLike_Cluster,Mixed + Vocals,0.3765432098765432,72,70,157
MirexLike_Cluster,Vocals,0.35185185185185186,71,70,158
MirexLike_Cluster,Vocals,0.3333333333333333,72,70,159
MirexLike_Cluster,Vocals + Vocals,0.3888888888888889,71,70,160
MirexLike_Cluster,Vocals + Vocals,0.3950617283950617,72,70,161
MirexLike_Cluster,Instrumental,0.32098765432098764,73,70,162
MirexLike_Cluster,Instrumental,0.3395061728395062,74,70,163
MirexLike_Cluster,Instrumental + Instrumental,0.3333333333333333,73,70,164
MirexLike_Cluster,Instrumental + Instrumental,0.30864197530864196,74,70,165
MirexLike_Cluster,Instrumental + Mixed,0.36419753086419754,73,70,166
MirexLike_Cluster,Instrumental + Mixed,0.3395061728395062,74,70,167
MirexLike_Cluster,Instrumental + Vocals,0.35185185185185186,73,70,168
MirexLike_Cluster,Instrumental + Vocals,0.35185185185185186,74,70,169
MirexLike_Cluster,Mixed,0.3333333333333333,73,70,170
MirexLike_Cluster,Mixed,0.35185185185185186,74,70,171
MirexLike_Cluster,Mixed + Mixed,0.35802469135802467,73,70,172
MirexLike_Cluster,Mixed + Mixed,0.35802469135802467,74,70,173
MirexLike_Cluster,Mixed + Vocals,0.37037037037037035,73,70,174
MirexLike_Cluster,Mixed + Vocals,0.37037037037037035,74,70,175
MirexLike_Cluster,Vocals,0.3271604938271605,73,70,176
MirexLike_Cluster,Vocals,0.3395061728395062,74,70,177
MirexLike_Cluster,Vocals + Vocals,0.3333333333333333,73,70,178
MirexLike_Cluster,Vocals + Vocals,0.3395061728395062,74,70,179
MirexLike_Cluster,Instrumental,0.3888888888888889,81,80,144
MirexLike_Cluster,Instrumental,0.3888888888888889,82,80,145
MirexLike_Cluster,Instrumental + Instrumental,0.3888888888888889,81,80,146
MirexLike_Cluster,Instrumental + Instrumental,0.41358024691358025,82,80,147
MirexLike_Cluster,Instrumental + Mixed,0.41358024691358025,81,80,148
MirexLike_Cluster,Instrumental + Mixed,0.41358024691358025,82,80,149
MirexLike_Cluster,Instrumental + Vocals,0.4444444444444444,81,80,150
MirexLike_Cluster,Instrumental + Vocals,0.49382716049382713,82,80,151
MirexLike_Cluster,Mixed,0.3765432098765432,81,80,152
MirexLike_Cluster,Mixed,0.3950617283950617,82,80,153
MirexLike_Cluster,Mixed + Mixed,0.3950617283950617,81,80,154
MirexLike_Cluster,Mixed + Mixed,0.3950617283950617,82,80,155
MirexLike_Cluster,Mixed + Vocals,0.4506172839506173,81,80,156
MirexLike_Cluster,Mixed + Vocals,0.4691358024691358,82,80,157
MirexLike_Cluster,Vocals,0.38271604938271603,81,80,158
MirexLike_Cluster,Vocals,0.37037037037037035,82,80,159
MirexLike_Cluster,Vocals + Vocals,0.4444444444444444,81,80,160
MirexLike_Cluster,Vocals + Vocals,0.42592592592592593,82,80,161
MirexLike_Cluster,Instrumental,0.42592592592592593,83,80,162
MirexLike_Cluster,Instrumental,0.43209876543209874,84,80,163
MirexLike_Cluster,Instrumental + Instrumental,0.4382716049382716,83,80,164
MirexLike_Cluster,Instrumental + Instrumental,0.43209876543209874,84,80,165
MirexLike_Cluster,Instrumental + Mixed,0.4382716049382716,83,80,166
MirexLike_Cluster,Instrumental + Mixed,0.4444444444444444,84,80,167
MirexLike_Cluster,Instrumental + Vocals,0.4567901234567901,83,80,168
MirexLike_Cluster,Instrumental + Vocals,0.4506172839506173,84,80,169
MirexLike_Cluster,Mixed,0.4691358024691358,83,80,170
MirexLike_Cluster,Mixed,0.4691358024691358,84,80,171
MirexLike_Cluster,Mixed + Mixed,0.46296296296296297,83,80,172
MirexLike_Cluster,Mixed + Mixed,0.4691358024691358,84,80,173
MirexLike_Cluster,Mixed + Vocals,0.47530864197530864,83,80,174
MirexLike_Cluster,Mixed + Vocals,0.47530864197530864,84,80,175
MirexLike_Cluster,Vocals,0.41358024691358025,83,80,176
MirexLike_Cluster,Vocals,0.41975308641975306,84,80,177
MirexLike_Cluster,Vocals + Vocals,0.41358024691358025,83,80,178
MirexLike_Cluster,Vocals + Vocals,0.41975308641975306,84,80,179
