,mean_fit_time,std_fit_time,mean_score_time,std_score_time,param_C,param_coef0,param_gamma,param_kernel,params,split0_test_score,split1_test_score,split2_test_score,split3_test_score,split4_test_score,mean_test_score,std_test_score,rank_test_score
0,0.7224596977233887,0.006164120831978518,0.020839691162109375,0.0026300613896288413,0.1,-10.0,1.0,sigmoid,"{'C': 0.1, 'coef0': -10, 'gamma': 1, 'kernel': 'sigmoid'}",0.17647058823529413,0.2047244094488189,0.20078740157480315,0.18503937007874016,0.18110236220472442,0.18962482630847616,0.011129180384098832,130
1,0.8361238002777099,0.02259890192320909,0.023611688613891603,0.005187833529506429,0.1,-10.0,0.1,sigmoid,"{'C': 0.1, 'coef0': -10, 'gamma': 0.1, 'kernel': 'sigmoid'}",0.050980392156862744,0.051181102362204724,0.05905511811023622,0.05511811023622047,0.2795275590551181,0.09917245638412846,0.0902261541012442,247
2,0.8088349819183349,0.02096241055718906,0.02305116653442383,0.002131185442189638,0.1,-10.0,0.01,sigmoid,"{'C': 0.1, 'coef0': -10, 'gamma': 0.01, 'kernel': 'sigmoid'}",0.050980392156862744,0.051181102362204724,0.09448818897637795,0.09448818897637795,0.09448818897637795,0.07712521228964027,0.021265311368398713,248
3,0.8216098785400391,0.030957408454644605,0.02234940528869629,0.003198013866687382,0.1,-10.0,0.001,sigmoid,"{'C': 0.1, 'coef0': -10, 'gamma': 0.001, 'kernel': 'sigmoid'}",0.050980392156862744,0.051181102362204724,0.09448818897637795,0.09448818897637795,0.09448818897637795,0.07712521228964027,0.021265311368398713,248
4,0.8278570175170898,0.03313879243007406,0.022920513153076173,0.002852266464044344,0.1,-10.0,0.0001,sigmoid,"{'C': 0.1, 'coef0': -10, 'gamma': 0.0001, 'kernel': 'sigmoid'}",0.050980392156862744,0.051181102362204724,0.09448818897637795,0.09448818897637795,0.09448818897637795,0.07712521228964027,0.021265311368398713,248
5,0.8143409729003906,0.021913369651692757,0.023422765731811523,0.0021369273856228503,0.1,-10.0,0.0001,sigmoid,"{'C': 0.1, 'coef0': -10, 'gamma': 0.0001, 'kernel': 'sigmoid'}",0.050980392156862744,0.051181102362204724,0.09448818897637795,0.09448818897637795,0.09448818897637795,0.07712521228964027,0.021265311368398713,248
6,0.7185610771179199,0.018442991713880665,0.02379460334777832,0.0014274107260990355,0.1,-1.0,1.0,sigmoid,"{'C': 0.1, 'coef0': -1, 'gamma': 1, 'kernel': 'sigmoid'}",0.1411764705882353,0.11811023622047244,0.19291338582677164,0.15748031496062992,0.16929133858267717,0.1557943492357573,0.025284812948502572,166
7,0.7014546871185303,0.01735249260538174,0.02172222137451172,0.001828165616261569,0.1,-1.0,0.1,sigmoid,"{'C': 0.1, 'coef0': -1, 'gamma': 0.1, 'kernel': 'sigmoid'}",0.22745098039215686,0.2559055118110236,0.1968503937007874,0.23228346456692914,0.2559055118110236,0.23367917245638412,0.021840868314906687,102
8,0.7855206489562988,0.019814862427024026,0.021098852157592773,0.0016786470709246031,0.1,-1.0,0.01,sigmoid,"{'C': 0.1, 'coef0': -1, 'gamma': 0.01, 'kernel': 'sigmoid'}",0.1607843137254902,0.2283464566929134,0.11811023622047244,0.1377952755905512,0.3110236220472441,0.19121198085533425,0.07050794431523379,127
9,0.7637264728546143,0.022782685793859128,0.02138667106628418,0.0017329855960023352,0.1,-1.0,0.001,sigmoid,"{'C': 0.1, 'coef0': -1, 'gamma': 0.001, 'kernel': 'sigmoid'}",0.050980392156862744,0.051181102362204724,0.09448818897637795,0.09448818897637795,0.09448818897637795,0.07712521228964027,0.021265311368398713,248
10,0.7613859176635742,0.027047614427254067,0.020879411697387697,0.00245287518744544,0.1,-1.0,0.0001,sigmoid,"{'C': 0.1, 'coef0': -1, 'gamma': 0.0001, 'kernel': 'sigmoid'}",0.050980392156862744,0.051181102362204724,0.09448818897637795,0.09448818897637795,0.09448818897637795,0.07712521228964027,0.021265311368398713,248
11,0.7652397155761719,0.02339857354370403,0.020064306259155274,0.0031359707232815927,0.1,-1.0,0.0001,sigmoid,"{'C': 0.1, 'coef0': -1, 'gamma': 0.0001, 'kernel': 'sigmoid'}",0.050980392156862744,0.051181102362204724,0.09448818897637795,0.09448818897637795,0.09448818897637795,0.07712521228964027,0.021265311368398713,248
12,0.6943953990936279,0.035903131870166534,0.022631025314331053,0.002080707254257568,0.1,-0.1,1.0,sigmoid,"{'C': 0.1, 'coef0': -0.1, 'gamma': 1, 'kernel': 'sigmoid'}",0.13725490196078433,0.1377952755905512,0.2047244094488189,0.14566929133858267,0.15748031496062992,0.15658483865987338,0.025155768563092148,163
13,0.6788993835449219,0.019779384381165208,0.021785497665405273,0.0004291106573605856,0.1,-0.1,0.1,sigmoid,"{'C': 0.1, 'coef0': -0.1, 'gamma': 0.1, 'kernel': 'sigmoid'}",0.1803921568627451,0.16929133858267717,0.20078740157480315,0.17716535433070865,0.23228346456692914,0.19198394318357265,0.02267362649707482,126
14,0.6532897472381591,0.014792647363562198,0.016576004028320313,0.002155800016461345,0.1,-0.1,0.01,sigmoid,"{'C': 0.1, 'coef0': -0.1, 'gamma': 0.01, 'kernel': 'sigmoid'}",0.2627450980392157,0.21653543307086615,0.2047244094488189,0.2874015748031496,0.2677165354330709,0.24782461015902424,0.031690016359249944,94
15,0.6198474884033203,0.01743159292595775,0.017551136016845704,0.0038205220080831212,0.1,-0.1,0.001,sigmoid,"{'C': 0.1, 'coef0': -0.1, 'gamma': 0.001, 'kernel': 'sigmoid'}",0.050980392156862744,0.051181102362204724,0.09448818897637795,0.09448818897637795,0.09448818897637795,0.07712521228964027,0.021265311368398713,248
16,0.6293696403503418,0.01539376353526385,0.019016075134277343,0.0022553532273305215,0.1,-0.1,0.0001,sigmoid,"{'C': 0.1, 'coef0': -0.1, 'gamma': 0.0001, 'kernel': 'sigmoid'}",0.050980392156862744,0.051181102362204724,0.09448818897637795,0.09448818897637795,0.09448818897637795,0.07712521228964027,0.021265311368398713,248
17,0.6272688865661621,0.01126836097105837,0.01820979118347168,0.0024936384838998636,0.1,-0.1,0.0001,sigmoid,"{'C': 0.1, 'coef0': -0.1, 'gamma': 0.0001, 'kernel': 'sigmoid'}",0.050980392156862744,0.051181102362204724,0.09448818897637795,0.09448818897637795,0.09448818897637795,0.07712521228964027,0.021265311368398713,248
18,0.7027822017669678,0.01317675633951439,0.023865985870361327,0.0016499056243769496,0.1,-0.01,1.0,sigmoid,"{'C': 0.1, 'coef0': -0.01, 'gamma': 1, 'kernel': 'sigmoid'}",0.13333333333333333,0.12992125984251968,0.19291338582677164,0.14566929133858267,0.14960629921259844,0.15028871391076115,0.022543227481509814,174
19,0.7066088676452636,0.014834307070973114,0.022541522979736328,0.001355148359867231,0.1,-0.01,0.1,sigmoid,"{'C': 0.1, 'coef0': -0.01, 'gamma': 0.1, 'kernel': 'sigmoid'}",0.17254901960784313,0.14566929133858267,0.2047244094488189,0.16141732283464566,0.23622047244094488,0.18411610313416707,0.03245537544275706,132
20,0.6876646995544433,0.02358586273589296,0.016146087646484376,0.0011911586782028436,0.1,-0.01,0.01,sigmoid,"{'C': 0.1, 'coef0': -0.01, 'gamma': 0.01, 'kernel': 'sigmoid'}",0.2549019607843137,0.20866141732283464,0.20866141732283464,0.2874015748031496,0.2795275590551181,0.24783078585765012,0.03373133008518001,93
21,0.6882313251495361,0.02181961768400169,0.018624162673950194,0.002240757071363731,0.1,-0.01,0.001,sigmoid,"{'C': 0.1, 'coef0': -0.01, 'gamma': 0.001, 'kernel': 'sigmoid'}",0.050980392156862744,0.051181102362204724,0.09448818897637795,0.09448818897637795,0.09448818897637795,0.07712521228964027,0.021265311368398713,248
22,0.6490184307098389,0.02481457402280797,0.01867203712463379,0.0009218653501374556,0.1,-0.01,0.0001,sigmoid,"{'C': 0.1, 'coef0': -0.01, 'gamma': 0.0001, 'kernel': 'sigmoid'}",0.050980392156862744,0.051181102362204724,0.09448818897637795,0.09448818897637795,0.09448818897637795,0.07712521228964027,0.021265311368398713,248
23,0.6621462821960449,0.026044142381847293,0.018171167373657225,0.0007482095837623316,0.1,-0.01,0.0001,sigmoid,"{'C': 0.1, 'coef0': -0.01, 'gamma': 0.0001, 'kernel': 'sigmoid'}",0.050980392156862744,0.051181102362204724,0.09448818897637795,0.09448818897637795,0.09448818897637795,0.07712521228964027,0.021265311368398713,248
24,0.6756674766540527,0.027052485784657566,0.021496295928955078,0.0035369603417113914,0.1,0.01,1.0,sigmoid,"{'C': 0.1, 'coef0': 0.01, 'gamma': 1, 'kernel': 'sigmoid'}",0.13725490196078433,0.12992125984251968,0.20866141732283464,0.14173228346456693,0.15748031496062992,0.1550100355102671,0.02830393323273077,168
25,0.6585062503814697,0.011572549993387929,0.020543670654296874,0.003071026494504076,0.1,0.01,0.1,sigmoid,"{'C': 0.1, 'coef0': 0.01, 'gamma': 0.1, 'kernel': 'sigmoid'}",0.16470588235294117,0.1377952755905512,0.2047244094488189,0.16929133858267717,0.24015748031496062,0.18333487725798983,0.035508973669310384,133
26,0.6560980319976807,0.025204544399551946,0.01981673240661621,0.002268414566331897,0.1,0.01,0.01,sigmoid,"{'C': 0.1, 'coef0': 0.01, 'gamma': 0.01, 'kernel': 'sigmoid'}",0.2549019607843137,0.2125984251968504,0.20866141732283464,0.2874015748031496,0.2755905511811024,0.24783078585765014,0.03213101956855631,92
27,0.5924327850341797,0.008094877921783828,0.016831111907958985,0.0022053059150528766,0.1,0.01,0.001,sigmoid,"{'C': 0.1, 'coef0': 0.01, 'gamma': 0.001, 'kernel': 'sigmoid'}",0.050980392156862744,0.051181102362204724,0.09448818897637795,0.09448818897637795,0.09448818897637795,0.07712521228964027,0.021265311368398713,248
28,0.5858763694763184,0.016040119882526113,0.017731714248657226,0.0018778864349615495,0.1,0.01,0.0001,sigmoid,"{'C': 0.1, 'coef0': 0.01, 'gamma': 0.0001, 'kernel': 'sigmoid'}",0.050980392156862744,0.051181102362204724,0.09448818897637795,0.09448818897637795,0.09448818897637795,0.07712521228964027,0.021265311368398713,248
29,0.6015328884124755,0.027251281570297967,0.01780080795288086,0.0010470610798770158,0.1,0.01,0.0001,sigmoid,"{'C': 0.1, 'coef0': 0.01, 'gamma': 0.0001, 'kernel': 'sigmoid'}",0.050980392156862744,0.051181102362204724,0.09448818897637795,0.09448818897637795,0.09448818897637795,0.07712521228964027,0.021265311368398713,248
30,0.7021334171295166,0.01838599149448403,0.021585845947265626,0.0038181805699081446,0.1,0.1,1.0,sigmoid,"{'C': 0.1, 'coef0': 0.1, 'gamma': 1, 'kernel': 'sigmoid'}",0.13725490196078433,0.11811023622047244,0.18503937007874016,0.16535433070866143,0.14960629921259844,0.15107302763625136,0.02296652147687301,172
31,0.6597006320953369,0.01165953282212494,0.019179296493530274,0.0025803671974908757,0.1,0.1,0.1,sigmoid,"{'C': 0.1, 'coef0': 0.1, 'gamma': 0.1, 'kernel': 'sigmoid'}",0.1607843137254902,0.13385826771653545,0.2047244094488189,0.18110236220472442,0.22440944881889763,0.18097576038289334,0.031869271359466995,136
32,0.5805091857910156,0.022481282683676544,0.015921354293823242,0.001687684588013732,0.1,0.1,0.01,sigmoid,"{'C': 0.1, 'coef0': 0.1, 'gamma': 0.01, 'kernel': 'sigmoid'}",0.2549019607843137,0.20866141732283464,0.2204724409448819,0.2874015748031496,0.28346456692913385,0.2509803921568627,0.03199604217601032,83
33,0.5585671901702881,0.012823105739302393,0.01621389389038086,0.0008271482810421908,0.1,0.1,0.001,sigmoid,"{'C': 0.1, 'coef0': 0.1, 'gamma': 0.001, 'kernel': 'sigmoid'}",0.050980392156862744,0.051181102362204724,0.09448818897637795,0.09448818897637795,0.09448818897637795,0.07712521228964027,0.021265311368398713,248
34,0.5684316158294678,0.0337389428634333,0.01553955078125,0.00223753207185689,0.1,0.1,0.0001,sigmoid,"{'C': 0.1, 'coef0': 0.1, 'gamma': 0.0001, 'kernel': 'sigmoid'}",0.050980392156862744,0.051181102362204724,0.09448818897637795,0.09448818897637795,0.09448818897637795,0.07712521228964027,0.021265311368398713,248
35,0.5726349353790283,0.008855514111063955,0.015438556671142578,0.002726051922797054,0.1,0.1,0.0001,sigmoid,"{'C': 0.1, 'coef0': 0.1, 'gamma': 0.0001, 'kernel': 'sigmoid'}",0.050980392156862744,0.051181102362204724,0.09448818897637795,0.09448818897637795,0.09448818897637795,0.07712521228964027,0.021265311368398713,248
36,0.6540131092071533,0.023761346764595702,0.021196460723876952,0.002586528383799016,0.1,1.0,1.0,sigmoid,"{'C': 0.1, 'coef0': 1, 'gamma': 1, 'kernel': 'sigmoid'}",0.1411764705882353,0.1377952755905512,0.1889763779527559,0.17716535433070865,0.14960629921259844,0.15894395553496993,0.020416208172294423,159
37,0.7012267112731934,0.015520951613543839,0.022788143157958983,0.0015567548496449946,0.1,1.0,0.1,sigmoid,"{'C': 0.1, 'coef0': 1, 'gamma': 0.1, 'kernel': 'sigmoid'}",0.14901960784313725,0.1732283464566929,0.16535433070866143,0.14566929133858267,0.16929133858267717,0.16051258298595028,0.011087032930802057,156
38,0.7623892784118652,0.022813965446021548,0.019221067428588867,0.002989233686204431,0.1,1.0,0.01,sigmoid,"{'C': 0.1, 'coef0': 1, 'gamma': 0.01, 'kernel': 'sigmoid'}",0.0784313725490196,0.12992125984251968,0.14173228346456693,0.1141732283464567,0.22440944881889763,0.13773351860429212,0.048294037291844116,221
39,0.7726043701171875,0.016776150947451846,0.020584487915039064,0.0036133646338719016,0.1,1.0,0.001,sigmoid,"{'C': 0.1, 'coef0': 1, 'gamma': 0.001, 'kernel': 'sigmoid'}",0.050980392156862744,0.051181102362204724,0.09448818897637795,0.09448818897637795,0.09448818897637795,0.07712521228964027,0.021265311368398713,248
40,0.7634026527404785,0.015462749226475473,0.020682430267333983,0.0009787815161834733,0.1,1.0,0.0001,sigmoid,"{'C': 0.1, 'coef0': 1, 'gamma': 0.0001, 'kernel': 'sigmoid'}",0.050980392156862744,0.051181102362204724,0.09448818897637795,0.09448818897637795,0.09448818897637795,0.07712521228964027,0.021265311368398713,248
41,0.7628918170928956,0.017321467858883926,0.019275712966918945,0.001642639870353423,0.1,1.0,0.0001,sigmoid,"{'C': 0.1, 'coef0': 1, 'gamma': 0.0001, 'kernel': 'sigmoid'}",0.050980392156862744,0.051181102362204724,0.09448818897637795,0.09448818897637795,0.09448818897637795,0.07712521228964027,0.021265311368398713,248
42,0.6706557273864746,0.022732692695582427,0.022405481338500975,0.0005916070907171606,0.1,10.0,1.0,sigmoid,"{'C': 0.1, 'coef0': 10, 'gamma': 1, 'kernel': 'sigmoid'}",0.08235294117647059,0.1377952755905512,0.16141732283464566,0.14960629921259844,0.11811023622047244,0.12985641500694767,0.02772625859526531,241
43,0.772129487991333,0.012683572132371802,0.020197248458862303,0.0026187955056783314,0.1,10.0,0.1,sigmoid,"{'C': 0.1, 'coef0': 10, 'gamma': 0.1, 'kernel': 'sigmoid'}",0.050980392156862744,0.051181102362204724,0.09448818897637795,0.09448818897637795,0.09448818897637795,0.07712521228964027,0.021265311368398713,248
44,0.7483994007110596,0.012508106867014226,0.02275738716125488,0.0010320662570911738,0.1,10.0,0.01,sigmoid,"{'C': 0.1, 'coef0': 10, 'gamma': 0.01, 'kernel': 'sigmoid'}",0.050980392156862744,0.051181102362204724,0.09448818897637795,0.09448818897637795,0.09448818897637795,0.07712521228964027,0.021265311368398713,248
45,0.7528781414031982,0.007776147442702421,0.020743703842163085,0.003541121770093563,0.1,10.0,0.001,sigmoid,"{'C': 0.1, 'coef0': 10, 'gamma': 0.001, 'kernel': 'sigmoid'}",0.050980392156862744,0.051181102362204724,0.09448818897637795,0.09448818897637795,0.09448818897637795,0.07712521228964027,0.021265311368398713,248
46,0.7262579441070557,0.02665916491672506,0.020011425018310547,0.0041257853355008865,0.1,10.0,0.0001,sigmoid,"{'C': 0.1, 'coef0': 10, 'gamma': 0.0001, 'kernel': 'sigmoid'}",0.050980392156862744,0.051181102362204724,0.09448818897637795,0.09448818897637795,0.09448818897637795,0.07712521228964027,0.021265311368398713,248
47,0.7338176727294922,0.012907917185481437,0.02006840705871582,0.002982296221321732,0.1,10.0,0.0001,sigmoid,"{'C': 0.1, 'coef0': 10, 'gamma': 0.0001, 'kernel': 'sigmoid'}",0.050980392156862744,0.051181102362204724,0.09448818897637795,0.09448818897637795,0.09448818897637795,0.07712521228964027,0.021265311368398713,248
48,0.5419484615325928,0.01201175769701404,0.02101168632507324,0.0017818844217069177,1.0,-10.0,1.0,sigmoid,"{'C': 1, 'coef0': -10, 'gamma': 1, 'kernel': 'sigmoid'}",0.16862745098039217,0.21653543307086615,0.1889763779527559,0.15354330708661418,0.15748031496062992,0.17703257681025164,0.023271497219904833,141
49,0.7888192653656005,0.01510563316987225,0.023058652877807617,0.0019472900639522833,1.0,-10.0,0.1,sigmoid,"{'C': 1, 'coef0': -10, 'gamma': 0.1, 'kernel': 'sigmoid'}",0.050980392156862744,0.051181102362204724,0.05905511811023622,0.051181102362204724,0.047244094488188976,0.05192836189593948,0.0038664830410348626,287
50,0.7890948295593262,0.028861004728662293,0.022368192672729492,0.0021786143251604196,1.0,-10.0,0.01,sigmoid,"{'C': 1, 'coef0': -10, 'gamma': 0.01, 'kernel': 'sigmoid'}",0.23529411764705882,0.09055118110236221,0.09448818897637795,0.09448818897637795,0.1377952755905512,0.1305233904585456,0.05518085646584028,232
51,0.7689082622528076,0.030554587763685567,0.020247602462768556,0.0030234828945030143,1.0,-10.0,0.001,sigmoid,"{'C': 1, 'coef0': -10, 'gamma': 0.001, 'kernel': 'sigmoid'}",0.23529411764705882,0.09055118110236221,0.09448818897637795,0.09448818897637795,0.1377952755905512,0.1305233904585456,0.05518085646584028,232
52,0.7515419006347657,0.0285086320325185,0.02185220718383789,0.003518230195437533,1.0,-10.0,0.0001,sigmoid,"{'C': 1, 'coef0': -10, 'gamma': 0.0001, 'kernel': 'sigmoid'}",0.23529411764705882,0.09055118110236221,0.09448818897637795,0.09448818897637795,0.1377952755905512,0.1305233904585456,0.05518085646584028,232
53,0.7540009498596192,0.015494570449334224,0.02021017074584961,0.004645592849066652,1.0,-10.0,0.0001,sigmoid,"{'C': 1, 'coef0': -10, 'gamma': 0.0001, 'kernel': 'sigmoid'}",0.23529411764705882,0.09055118110236221,0.09448818897637795,0.09448818897637795,0.1377952755905512,0.1305233904585456,0.05518085646584028,232
54,0.5118767261505127,0.018863143593067223,0.022885227203369142,0.0007514496216917376,1.0,-1.0,1.0,sigmoid,"{'C': 1, 'coef0': -1, 'gamma': 1, 'kernel': 'sigmoid'}",0.13725490196078433,0.16535433070866143,0.18110236220472442,0.1377952755905512,0.14566929133858267,0.15343523236066078,0.017171232680364256,170
55,0.4798062801361084,0.009885165543901302,0.020217514038085936,0.0016052629666586534,1.0,-1.0,0.1,sigmoid,"{'C': 1, 'coef0': -1, 'gamma': 0.1, 'kernel': 'sigmoid'}",0.1568627450980392,0.23228346456692914,0.18503937007874016,0.1968503937007874,0.17716535433070865,0.18964026555504093,0.024986339733516674,129
56,0.6307260513305664,0.018944145879942552,0.020183658599853514,0.001272804426237552,1.0,-1.0,0.01,sigmoid,"{'C': 1, 'coef0': -1, 'gamma': 0.01, 'kernel': 'sigmoid'}",0.2784313725490196,0.27165354330708663,0.33858267716535434,0.3346456692913386,0.31496062992125984,0.3076547784468119,0.027887326717866586,46
57,0.7113692283630371,0.024634124154975203,0.019910907745361327,0.0009951495941025092,1.0,-1.0,0.001,sigmoid,"{'C': 1, 'coef0': -1, 'gamma': 0.001, 'kernel': 'sigmoid'}",0.13725490196078433,0.2283464566929134,0.11811023622047244,0.15748031496062992,0.24803149606299213,0.17784468117955843,0.051199726203526176,138
58,0.7176427364349365,0.011271389611639508,0.018487310409545897,0.0014519915759103432,1.0,-1.0,0.0001,sigmoid,"{'C': 1, 'coef0': -1, 'gamma': 0.0001, 'kernel': 'sigmoid'}",0.23529411764705882,0.1377952755905512,0.09448818897637795,0.1377952755905512,0.1377952755905512,0.14863362667901808,0.046463272983686736,181
59,0.7405577659606933,0.015868477958388475,0.019086742401123048,0.001237160320967939,1.0,-1.0,0.0001,sigmoid,"{'C': 1, 'coef0': -1, 'gamma': 0.0001, 'kernel': 'sigmoid'}",0.23529411764705882,0.1377952755905512,0.09448818897637795,0.1377952755905512,0.1377952755905512,0.14863362667901808,0.046463272983686736,181
60,0.5342625141143799,0.012105241339491528,0.02008686065673828,0.0026031015316317677,1.0,-0.1,1.0,sigmoid,"{'C': 1, 'coef0': -0.1, 'gamma': 1, 'kernel': 'sigmoid'}",0.14901960784313725,0.15748031496062992,0.21653543307086615,0.10236220472440945,0.1220472440944882,0.14948896093870617,0.03881569381433374,175
61,0.53650803565979,0.014449754272309557,0.020152568817138672,0.0013630732506494335,1.0,-0.1,0.1,sigmoid,"{'C': 1, 'coef0': -0.1, 'gamma': 0.1, 'kernel': 'sigmoid'}",0.18823529411764706,0.16929133858267717,0.1968503937007874,0.12992125984251968,0.14173228346456693,0.16520611394163964,0.025862847049327314,151
62,0.5467281818389893,0.01887075706992967,0.017804384231567383,0.0024957154463527862,1.0,-0.1,0.01,sigmoid,"{'C': 1, 'coef0': -0.1, 'gamma': 0.01, 'kernel': 'sigmoid'}",0.25098039215686274,0.2952755905511811,0.2874015748031496,0.3464566929133858,0.32677165354330706,0.3013771807935773,0.03301340615682119,47
63,0.5994133472442627,0.016440376408498804,0.018118762969970705,0.001135691315269808,1.0,-0.1,0.001,sigmoid,"{'C': 1, 'coef0': -0.1, 'gamma': 0.001, 'kernel': 'sigmoid'}",0.2627450980392157,0.20866141732283464,0.2125984251968504,0.2874015748031496,0.2992125984251969,0.25412382275744944,0.03743239722588615,79
64,0.6062747955322265,0.01849569004175572,0.017266321182250976,0.004011708880251079,1.0,-0.1,0.0001,sigmoid,"{'C': 1, 'coef0': -0.1, 'gamma': 0.0001, 'kernel': 'sigmoid'}",0.23529411764705882,0.1377952755905512,0.09448818897637795,0.1377952755905512,0.1377952755905512,0.14863362667901808,0.046463272983686736,181
65,0.6173336029052734,0.03313762385638534,0.01772761344909668,0.003505414660292143,1.0,-0.1,0.0001,sigmoid,"{'C': 1, 'coef0': -0.1, 'gamma': 0.0001, 'kernel': 'sigmoid'}",0.23529411764705882,0.1377952755905512,0.09448818897637795,0.1377952755905512,0.1377952755905512,0.14863362667901808,0.046463272983686736,181
66,0.5329849243164062,0.022733289602172566,0.02196950912475586,0.0017176551931461256,1.0,-0.01,1.0,sigmoid,"{'C': 1, 'coef0': -0.01, 'gamma': 1, 'kernel': 'sigmoid'}",0.1411764705882353,0.13385826771653545,0.20866141732283464,0.1220472440944882,0.11811023622047244,0.1447707271885132,0.03298835916094494,194
67,0.5255849838256836,0.009795744815117859,0.019647502899169923,0.0017426355544914993,1.0,-0.01,0.1,sigmoid,"{'C': 1, 'coef0': -0.01, 'gamma': 0.1, 'kernel': 'sigmoid'}",0.1843137254901961,0.14566929133858267,0.2125984251968504,0.13385826771653545,0.16141732283464566,0.16757140651536204,0.028149205242185102,147
68,0.5435261249542236,0.021356496144903418,0.017197227478027342,0.0014750444658575492,1.0,-0.01,0.01,sigmoid,"{'C': 1, 'coef0': -0.01, 'gamma': 0.01, 'kernel': 'sigmoid'}",0.22745098039215686,0.29133858267716534,0.2795275590551181,0.3188976377952756,0.31496062992125984,0.2864350779681951,0.03291931605479915,65
69,0.6257358074188233,0.025331813231642263,0.0181704044342041,0.0022258912658403044,1.0,-0.01,0.001,sigmoid,"{'C': 1, 'coef0': -0.01, 'gamma': 0.001, 'kernel': 'sigmoid'}",0.2627450980392157,0.2047244094488189,0.21653543307086615,0.29133858267716534,0.2992125984251969,0.25491122433225255,0.03832062500234012,78
70,0.5911711692810059,0.012247959927127787,0.017887687683105467,0.0020089474792436036,1.0,-0.01,0.0001,sigmoid,"{'C': 1, 'coef0': -0.01, 'gamma': 0.0001, 'kernel': 'sigmoid'}",0.23529411764705882,0.1377952755905512,0.09448818897637795,0.1377952755905512,0.1377952755905512,0.14863362667901808,0.046463272983686736,181
71,0.6038846492767334,0.0407128176445787,0.017270374298095702,0.0012664202218807784,1.0,-0.01,0.0001,sigmoid,"{'C': 1, 'coef0': -0.01, 'gamma': 0.0001, 'kernel': 'sigmoid'}",0.23529411764705882,0.1377952755905512,0.09448818897637795,0.1377952755905512,0.1377952755905512,0.14863362667901808,0.046463272983686736,181
72,0.5186293125152588,0.017944526666914786,0.022139835357666015,0.0019234617982595648,1.0,0.01,1.0,sigmoid,"{'C': 1, 'coef0': 0.01, 'gamma': 1, 'kernel': 'sigmoid'}",0.1411764705882353,0.14566929133858267,0.19291338582677164,0.11023622047244094,0.12992125984251968,0.14398332561371005,0.027355001397121027,200
73,0.5144838809967041,0.02485430894035354,0.01784358024597168,0.002017343675700519,1.0,0.01,0.1,sigmoid,"{'C': 1, 'coef0': 0.01, 'gamma': 0.1, 'kernel': 'sigmoid'}",0.1803921568627451,0.14960629921259844,0.20078740157480315,0.14566929133858267,0.16929133858267717,0.1691492975142813,0.0203008924097897,146
74,0.5310039520263672,0.01884373331819305,0.01928706169128418,0.0011614017305973546,1.0,0.01,0.01,sigmoid,"{'C': 1, 'coef0': 0.01, 'gamma': 0.01, 'kernel': 'sigmoid'}",0.21568627450980393,0.2992125984251969,0.28346456692913385,0.3188976377952756,0.31496062992125984,0.28644434151613396,0.03753666642456018,64
75,0.579086446762085,0.01913758744295796,0.01741938591003418,0.0023243082688410993,1.0,0.01,0.001,sigmoid,"{'C': 1, 'coef0': 0.01, 'gamma': 0.001, 'kernel': 'sigmoid'}",0.2627450980392157,0.2047244094488189,0.21653543307086615,0.2874015748031496,0.2992125984251969,0.25412382275744944,0.0375976646465785,79
76,0.5851565837860108,0.020228515807193384,0.015872621536254884,0.0014742004622659251,1.0,0.01,0.0001,sigmoid,"{'C': 1, 'coef0': 0.01, 'gamma': 0.0001, 'kernel': 'sigmoid'}",0.23529411764705882,0.1377952755905512,0.09448818897637795,0.1377952755905512,0.1377952755905512,0.14863362667901808,0.046463272983686736,181
77,0.5768729686737061,0.006530075412146928,0.017140626907348633,0.0014273554399025857,1.0,0.01,0.0001,sigmoid,"{'C': 1, 'coef0': 0.01, 'gamma': 0.0001, 'kernel': 'sigmoid'}",0.23529411764705882,0.1377952755905512,0.09448818897637795,0.1377952755905512,0.1377952755905512,0.14863362667901808,0.046463272983686736,181
78,0.5293034553527832,0.023971983275179517,0.021240806579589842,0.0023759056006959255,1.0,0.1,1.0,sigmoid,"{'C': 1, 'coef0': 0.1, 'gamma': 1, 'kernel': 'sigmoid'}",0.1411764705882353,0.14566929133858267,0.17716535433070865,0.1141732283464567,0.13385826771653545,0.14240852246410377,0.02044762390616275,202
79,0.5244796752929688,0.01620022951642101,0.02121310234069824,0.0028636985522523615,1.0,0.1,0.1,sigmoid,"{'C': 1, 'coef0': 0.1, 'gamma': 0.1, 'kernel': 'sigmoid'}",0.17254901960784313,0.12598425196850394,0.2047244094488189,0.12598425196850394,0.1732283464566929,0.16049405589007257,0.03048167192203804,157
80,0.4917335510253906,0.014665054949195415,0.018874406814575195,0.002450776358888285,1.0,0.1,0.01,sigmoid,"{'C': 1, 'coef0': 0.1, 'gamma': 0.01, 'kernel': 'sigmoid'}",0.18823529411764706,0.29133858267716534,0.29133858267716534,0.3110236220472441,0.3188976377952756,0.28016674386289947,0.04722973744015987,67
81,0.5678012371063232,0.010421717868265276,0.01664872169494629,0.0012041371480650367,1.0,0.1,0.001,sigmoid,"{'C': 1, 'coef0': 0.1, 'gamma': 0.001, 'kernel': 'sigmoid'}",0.2627450980392157,0.20866141732283464,0.21653543307086615,0.28346456692913385,0.2992125984251969,0.25412382275744944,0.035910780259917535,79
82,0.5961410999298096,0.011311534672017653,0.018067121505737305,0.002178720984795161,1.0,0.1,0.0001,sigmoid,"{'C': 1, 'coef0': 0.1, 'gamma': 0.0001, 'kernel': 'sigmoid'}",0.23529411764705882,0.1377952755905512,0.09448818897637795,0.1377952755905512,0.1377952755905512,0.14863362667901808,0.046463272983686736,181
83,0.5817193508148193,0.020084630959990798,0.013809442520141602,0.002175008515959015,1.0,0.1,0.0001,sigmoid,"{'C': 1, 'coef0': 0.1, 'gamma': 0.0001, 'kernel': 'sigmoid'}",0.23529411764705882,0.1377952755905512,0.09448818897637795,0.1377952755905512,0.1377952755905512,0.14863362667901808,0.046463272983686736,181
84,0.5241554260253907,0.021592352463274598,0.02044954299926758,0.002074489505252205,1.0,1.0,1.0,sigmoid,"{'C': 1, 'coef0': 1, 'gamma': 1, 'kernel': 'sigmoid'}",0.13725490196078433,0.13385826771653545,0.16535433070866143,0.16535433070866143,0.11811023622047244,0.14398641346302304,0.018604541955596014,199
85,0.557776689529419,0.01590191658470929,0.020853376388549803,0.0008739190344783707,1.0,1.0,0.1,sigmoid,"{'C': 1, 'coef0': 1, 'gamma': 0.1, 'kernel': 'sigmoid'}",0.1411764705882353,0.13385826771653545,0.16929133858267717,0.10236220472440945,0.11811023622047244,0.13295970356646597,0.022561134708264957,231
86,0.68768310546875,0.019136255141682587,0.02225666046142578,0.0010075838755165816,1.0,1.0,0.01,sigmoid,"{'C': 1, 'coef0': 1, 'gamma': 0.01, 'kernel': 'sigmoid'}",0.2,0.24015748031496062,0.20866141732283464,0.22440944881889763,0.2795275590551181,0.23055118110236217,0.02807569725740668,121
87,0.7760010719299316,0.0060859576149634356,0.021227693557739256,0.00253124335420992,1.0,1.0,0.001,sigmoid,"{'C': 1, 'coef0': 1, 'gamma': 0.001, 'kernel': 'sigmoid'}",0.13725490196078433,0.2559055118110236,0.1220472440944882,0.16141732283464566,0.22440944881889763,0.18020688590396788,0.05150652982460225,137
88,0.7917439937591553,0.029936618963710165,0.020357799530029298,0.0036803538817084124,1.0,1.0,0.0001,sigmoid,"{'C': 1, 'coef0': 1, 'gamma': 0.0001, 'kernel': 'sigmoid'}",0.23529411764705882,0.1377952755905512,0.09448818897637795,0.1377952755905512,0.1377952755905512,0.14863362667901808,0.046463272983686736,181
89,0.7711115837097168,0.02689376445468736,0.021102428436279297,0.0009811660963765176,1.0,1.0,0.0001,sigmoid,"{'C': 1, 'coef0': 1, 'gamma': 0.0001, 'kernel': 'sigmoid'}",0.23529411764705882,0.1377952755905512,0.09448818897637795,0.1377952755905512,0.1377952755905512,0.14863362667901808,0.046463272983686736,181
90,0.496164608001709,0.0165075758185323,0.021352100372314452,0.0020802958715996113,1.0,10.0,1.0,sigmoid,"{'C': 1, 'coef0': 10, 'gamma': 1, 'kernel': 'sigmoid'}",0.09411764705882353,0.09055118110236221,0.13385826771653545,0.15354330708661418,0.08267716535433071,0.11094951366373322,0.027704770831106968,246
91,0.7685061931610108,0.023699911812610504,0.020888233184814455,0.0023100154078173566,1.0,10.0,0.1,sigmoid,"{'C': 1, 'coef0': 10, 'gamma': 0.1, 'kernel': 'sigmoid'}",0.23529411764705882,0.09055118110236221,0.09448818897637795,0.09448818897637795,0.1377952755905512,0.1305233904585456,0.05518085646584028,232
92,0.7631200313568115,0.010102862926269116,0.02120361328125,0.001941928389886978,1.0,10.0,0.01,sigmoid,"{'C': 1, 'coef0': 10, 'gamma': 0.01, 'kernel': 'sigmoid'}",0.23529411764705882,0.09055118110236221,0.09448818897637795,0.09448818897637795,0.1377952755905512,0.1305233904585456,0.05518085646584028,232
93,0.7572032451629639,0.014487957974475411,0.02311873435974121,0.0014693672541201855,1.0,10.0,0.001,sigmoid,"{'C': 1, 'coef0': 10, 'gamma': 0.001, 'kernel': 'sigmoid'}",0.23529411764705882,0.09055118110236221,0.09448818897637795,0.09448818897637795,0.1377952755905512,0.1305233904585456,0.05518085646584028,232
94,0.7499626159667969,0.038560880899025964,0.02156682014465332,0.0017456066996584235,1.0,10.0,0.0001,sigmoid,"{'C': 1, 'coef0': 10, 'gamma': 0.0001, 'kernel': 'sigmoid'}",0.23529411764705882,0.09055118110236221,0.09448818897637795,0.09448818897637795,0.1377952755905512,0.1305233904585456,0.05518085646584028,232
95,0.753749942779541,0.022291232970255318,0.02270193099975586,0.001342920065386996,1.0,10.0,0.0001,sigmoid,"{'C': 1, 'coef0': 10, 'gamma': 0.0001, 'kernel': 'sigmoid'}",0.23529411764705882,0.09055118110236221,0.09448818897637795,0.09448818897637795,0.1377952755905512,0.1305233904585456,0.05518085646584028,232
96,0.5080216407775879,0.004159846564688312,0.020311975479125978,0.0022170830986383847,10.0,-10.0,1.0,sigmoid,"{'C': 10, 'coef0': -10, 'gamma': 1, 'kernel': 'sigmoid'}",0.15294117647058825,0.2440944881889764,0.16929133858267717,0.1220472440944882,0.14173228346456693,0.1660213061602594,0.041954450097475046,148
97,0.7883230686187744,0.023999652436755142,0.02111501693725586,0.002070510129869492,10.0,-10.0,0.1,sigmoid,"{'C': 10, 'coef0': -10, 'gamma': 0.1, 'kernel': 'sigmoid'}",0.050980392156862744,0.051181102362204724,0.051181102362204724,0.051181102362204724,0.047244094488188976,0.05035355874633318,0.001556674237324024,288
98,0.7747156620025635,0.02352924247119711,0.020366477966308593,0.0022617140433063496,10.0,-10.0,0.01,sigmoid,"{'C': 10, 'coef0': -10, 'gamma': 0.01, 'kernel': 'sigmoid'}",0.23529411764705882,0.09055118110236221,0.051181102362204724,0.051181102362204724,0.2795275590551181,0.14154701250578974,0.09670545093334015,206
99,0.780096960067749,0.01970533458281229,0.0205902099609375,0.0029248770049077797,10.0,-10.0,0.001,sigmoid,"{'C': 10, 'coef0': -10, 'gamma': 0.001, 'kernel': 'sigmoid'}",0.23529411764705882,0.09055118110236221,0.051181102362204724,0.051181102362204724,0.2795275590551181,0.14154701250578974,0.09670545093334015,206
100,0.7709855079650879,0.03946074781954674,0.021641111373901366,0.0009481501996280212,10.0,-10.0,0.0001,sigmoid,"{'C': 10, 'coef0': -10, 'gamma': 0.0001, 'kernel': 'sigmoid'}",0.23529411764705882,0.09055118110236221,0.051181102362204724,0.051181102362204724,0.2795275590551181,0.14154701250578974,0.09670545093334015,206
101,0.7507748603820801,0.02928399508663192,0.022286701202392577,0.002666890270535243,10.0,-10.0,0.0001,sigmoid,"{'C': 10, 'coef0': -10, 'gamma': 0.0001, 'kernel': 'sigmoid'}",0.23529411764705882,0.09055118110236221,0.051181102362204724,0.051181102362204724,0.2795275590551181,0.14154701250578974,0.09670545093334015,206
102,0.5032374858856201,0.013841648588518912,0.02037019729614258,0.0022737140941032426,10.0,-1.0,1.0,sigmoid,"{'C': 10, 'coef0': -1, 'gamma': 1, 'kernel': 'sigmoid'}",0.13333333333333333,0.14173228346456693,0.16141732283464566,0.16141732283464566,0.14566929133858267,0.14871391076115487,0.011111510660281997,178
103,0.43758020401000974,0.009342944478204041,0.019918298721313475,0.0010906054802238701,10.0,-1.0,0.1,sigmoid,"{'C': 10, 'coef0': -1, 'gamma': 0.1, 'kernel': 'sigmoid'}",0.1843137254901961,0.2283464566929134,0.16929133858267717,0.20078740157480315,0.16929133858267717,0.1904060521846534,0.02225320388146262,128
104,0.5061864852905273,0.01909861126767266,0.020299148559570313,0.0033626208618657053,10.0,-1.0,0.01,sigmoid,"{'C': 10, 'coef0': -1, 'gamma': 0.01, 'kernel': 'sigmoid'}",0.3568627450980392,0.3464566929133858,0.3346456692913386,0.3700787401574803,0.3228346456692913,0.346175698625907,0.016512986671869956,9
105,0.611138391494751,0.014969076834107132,0.02021946907043457,0.0008753816706549408,10.0,-1.0,0.001,sigmoid,"{'C': 10, 'coef0': -1, 'gamma': 0.001, 'kernel': 'sigmoid'}",0.24313725490196078,0.27165354330708663,0.29133858267716534,0.2874015748031496,0.31496062992125984,0.2816983171221244,0.023747405422226694,66
106,0.7161936283111572,0.02800097831025874,0.021294450759887694,0.0024824118669141645,10.0,-1.0,0.0001,sigmoid,"{'C': 10, 'coef0': -1, 'gamma': 0.0001, 'kernel': 'sigmoid'}",0.13725490196078433,0.22440944881889763,0.14566929133858267,0.12992125984251968,0.2440944881889764,0.17626987802995214,0.04800907141444345,142
107,0.7191452503204345,0.009979236603733597,0.02090115547180176,0.0028400506222176682,10.0,-1.0,0.0001,sigmoid,"{'C': 10, 'coef0': -1, 'gamma': 0.0001, 'kernel': 'sigmoid'}",0.13725490196078433,0.22440944881889763,0.14566929133858267,0.12992125984251968,0.2440944881889764,0.17626987802995214,0.04800907141444345,142
108,0.5174641132354736,0.012690370602688796,0.020887088775634766,0.0020145972964647593,10.0,-0.1,1.0,sigmoid,"{'C': 10, 'coef0': -0.1, 'gamma': 1, 'kernel': 'sigmoid'}",0.12941176470588237,0.15748031496062992,0.2125984251968504,0.11023622047244094,0.11023622047244094,0.14399258916164892,0.03841943461658646,196
109,0.48276567459106445,0.019359489254508543,0.01939878463745117,0.0023230932834276646,10.0,-0.1,0.1,sigmoid,"{'C': 10, 'coef0': -0.1, 'gamma': 0.1, 'kernel': 'sigmoid'}",0.17647058823529413,0.13385826771653545,0.20078740157480315,0.13385826771653545,0.15748031496062992,0.16049096804075963,0.025716983890860603,158
110,0.4371935844421387,0.016615105067908652,0.016990232467651366,0.000988786603050261,10.0,-0.1,0.01,sigmoid,"{'C': 10, 'coef0': -0.1, 'gamma': 0.01, 'kernel': 'sigmoid'}",0.2784313725490196,0.3425196850393701,0.29133858267716534,0.37401574803149606,0.3188976377952756,0.3210406052184653,0.03455449547342142,41
111,0.4855222702026367,0.015291495770835242,0.017518329620361327,0.0014838728416955841,10.0,-0.1,0.001,sigmoid,"{'C': 10, 'coef0': -0.1, 'gamma': 0.001, 'kernel': 'sigmoid'}",0.27058823529411763,0.2677165354330709,0.28346456692913385,0.3228346456692913,0.3188976377952756,0.29270032422417785,0.02363391613475151,52
112,0.5719610214233398,0.017191808002542903,0.017012739181518556,0.0028939347566325677,10.0,-0.1,0.0001,sigmoid,"{'C': 10, 'coef0': -0.1, 'gamma': 0.0001, 'kernel': 'sigmoid'}",0.2627450980392157,0.20866141732283464,0.23622047244094488,0.2874015748031496,0.25196850393700787,0.24939941330863052,0.026314028977612588,84
113,0.5788702964782715,0.018566457879353286,0.017092180252075196,0.004079242293180459,10.0,-0.1,0.0001,sigmoid,"{'C': 10, 'coef0': -0.1, 'gamma': 0.0001, 'kernel': 'sigmoid'}",0.2627450980392157,0.20866141732283464,0.23622047244094488,0.2874015748031496,0.25196850393700787,0.24939941330863052,0.026314028977612588,84
114,0.5073376178741456,0.017883948655601698,0.021521663665771483,0.002748424159797681,10.0,-0.01,1.0,sigmoid,"{'C': 10, 'coef0': -0.01, 'gamma': 1, 'kernel': 'sigmoid'}",0.1411764705882353,0.14173228346456693,0.20078740157480315,0.11811023622047244,0.1220472440944882,0.1447707271885132,0.02962146887868083,194
115,0.4678750514984131,0.014336386412898014,0.01945838928222656,0.002942846073103133,10.0,-0.01,0.1,sigmoid,"{'C': 10, 'coef0': -0.01, 'gamma': 0.1, 'kernel': 'sigmoid'}",0.1607843137254902,0.1377952755905512,0.21653543307086615,0.14960629921259844,0.14566929133858267,0.16207812258761772,0.028219586765155045,153
116,0.43325061798095704,0.007309912004427097,0.015037822723388671,0.002684583500460078,10.0,-0.01,0.01,sigmoid,"{'C': 10, 'coef0': -0.01, 'gamma': 0.01, 'kernel': 'sigmoid'}",0.2549019607843137,0.2952755905511811,0.2637795275590551,0.3346456692913386,0.33858267716535434,0.2974370850702486,0.03471074335934038,48
117,0.5146304607391358,0.010269269644017068,0.014103078842163086,0.0033391067479317756,10.0,-0.01,0.001,sigmoid,"{'C': 10, 'coef0': -0.01, 'gamma': 0.001, 'kernel': 'sigmoid'}",0.26666666666666666,0.2677165354330709,0.28346456692913385,0.3228346456692913,0.3188976377952756,0.29191601049868765,0.02440713448233219,54
118,0.5708416938781739,0.006815299339924923,0.016446590423583984,0.002408516319659701,10.0,-0.01,0.0001,sigmoid,"{'C': 10, 'coef0': -0.01, 'gamma': 0.0001, 'kernel': 'sigmoid'}",0.2627450980392157,0.2047244094488189,0.23228346456692914,0.29133858267716534,0.25196850393700787,0.24861201173382738,0.029083717506227985,88
119,0.5652908325195313,0.01504774964501375,0.015378999710083007,0.003490628166838289,10.0,-0.01,0.0001,sigmoid,"{'C': 10, 'coef0': -0.01, 'gamma': 0.0001, 'kernel': 'sigmoid'}",0.2627450980392157,0.2047244094488189,0.23228346456692914,0.29133858267716534,0.25196850393700787,0.24861201173382738,0.029083717506227985,88
120,0.5097972393035889,0.014214929933759838,0.019748640060424805,0.0033460641290531633,10.0,0.01,1.0,sigmoid,"{'C': 10, 'coef0': 0.01, 'gamma': 1, 'kernel': 'sigmoid'}",0.1411764705882353,0.14566929133858267,0.2125984251968504,0.08661417322834646,0.1220472440944882,0.14162112088930062,0.041141862058970184,205
121,0.47120981216430663,0.012585247181374703,0.01953544616699219,0.0018386508082410312,10.0,0.01,0.1,sigmoid,"{'C': 10, 'coef0': 0.01, 'gamma': 0.1, 'kernel': 'sigmoid'}",0.15294117647058825,0.15354330708661418,0.1889763779527559,0.13385826771653545,0.14960629921259844,0.15578508568781846,0.01807616121747813,167
122,0.42368741035461427,0.021491629856055995,0.015941429138183593,0.0033019499122686406,10.0,0.01,0.01,sigmoid,"{'C': 10, 'coef0': 0.01, 'gamma': 0.01, 'kernel': 'sigmoid'}",0.23137254901960785,0.2952755905511811,0.2637795275590551,0.33070866141732286,0.3188976377952756,0.28800679326848855,0.03640034960907052,63
123,0.4933833122253418,0.017202092891074376,0.018723487854003906,0.0013555301513695642,10.0,0.01,0.001,sigmoid,"{'C': 10, 'coef0': 0.01, 'gamma': 0.001, 'kernel': 'sigmoid'}",0.26666666666666666,0.2677165354330709,0.28346456692913385,0.32677165354330706,0.3188976377952756,0.2927034120734908,0.025433815731164947,51
124,0.5529567718505859,0.01589977640335821,0.014954900741577149,0.001640940042997348,10.0,0.01,0.0001,sigmoid,"{'C': 10, 'coef0': 0.01, 'gamma': 0.0001, 'kernel': 'sigmoid'}",0.2627450980392157,0.2047244094488189,0.23228346456692914,0.29133858267716534,0.25196850393700787,0.24861201173382738,0.029083717506227985,88
125,0.5680751323699951,0.015357942621863739,0.013096094131469727,0.0033473495706930682,10.0,0.01,0.0001,sigmoid,"{'C': 10, 'coef0': 0.01, 'gamma': 0.0001, 'kernel': 'sigmoid'}",0.2627450980392157,0.2047244094488189,0.23228346456692914,0.29133858267716534,0.25196850393700787,0.24861201173382738,0.029083717506227985,88
126,0.5106638431549072,0.027741295549342793,0.020504188537597657,0.002274894324553952,10.0,0.1,1.0,sigmoid,"{'C': 10, 'coef0': 0.1, 'gamma': 1, 'kernel': 'sigmoid'}",0.11764705882352941,0.15354330708661418,0.17716535433070865,0.1141732283464567,0.13385826771653545,0.13927744326076888,0.02352220770628127,218
127,0.46888461112976076,0.0202881477023605,0.017923831939697266,0.0030506874047532,10.0,0.1,0.1,sigmoid,"{'C': 10, 'coef0': 0.1, 'gamma': 0.1, 'kernel': 'sigmoid'}",0.15294117647058825,0.14960629921259844,0.20078740157480315,0.14173228346456693,0.18503937007874016,0.1660213061602594,0.02280731029684482,148
128,0.3927152633666992,0.011833536242681046,0.016098880767822267,0.0012655526832454187,10.0,0.1,0.01,sigmoid,"{'C': 10, 'coef0': 0.1, 'gamma': 0.01, 'kernel': 'sigmoid'}",0.18823529411764706,0.28346456692913385,0.2559055118110236,0.30708661417322836,0.2755905511811024,0.26205650764242705,0.04038958317956334,77
129,0.45514702796936035,0.007612369276364142,0.015357351303100586,0.0020280574221327365,10.0,0.1,0.001,sigmoid,"{'C': 10, 'coef0': 0.1, 'gamma': 0.001, 'kernel': 'sigmoid'}",0.2627450980392157,0.2677165354330709,0.28346456692913385,0.32677165354330706,0.3188976377952756,0.2919190983480006,0.026271306178150995,53
130,0.5468769550323487,0.012032286449445671,0.016544389724731445,0.0007664793474570807,10.0,0.1,0.0001,sigmoid,"{'C': 10, 'coef0': 0.1, 'gamma': 0.0001, 'kernel': 'sigmoid'}",0.2627450980392157,0.20866141732283464,0.23622047244094488,0.2874015748031496,0.25196850393700787,0.24939941330863052,0.026314028977612588,84
131,0.5411811351776123,0.011410133785485166,0.01622943878173828,0.003083921136389232,10.0,0.1,0.0001,sigmoid,"{'C': 10, 'coef0': 0.1, 'gamma': 0.0001, 'kernel': 'sigmoid'}",0.2627450980392157,0.20866141732283464,0.23622047244094488,0.2874015748031496,0.25196850393700787,0.24939941330863052,0.026314028977612588,84
132,0.49580721855163573,0.028145069046689793,0.020177030563354494,0.0023432573862729672,10.0,1.0,1.0,sigmoid,"{'C': 10, 'coef0': 1, 'gamma': 1, 'kernel': 'sigmoid'}",0.13725490196078433,0.1141732283464567,0.16141732283464566,0.18503937007874016,0.12992125984251968,0.1455612166126293,0.024934913771182,193
133,0.4767481327056885,0.012209223216666164,0.018961429595947266,0.0022599735269032382,10.0,1.0,0.1,sigmoid,"{'C': 10, 'coef0': 1, 'gamma': 0.1, 'kernel': 'sigmoid'}",0.13333333333333333,0.11023622047244094,0.19291338582677164,0.10236220472440945,0.1377952755905512,0.1353280839895013,0.03175683820138744,226
134,0.5105887413024902,0.018580357695635086,0.019913148880004884,0.0017478592537445695,10.0,1.0,0.01,sigmoid,"{'C': 10, 'coef0': 1, 'gamma': 0.01, 'kernel': 'sigmoid'}",0.16470588235294117,0.23622047244094488,0.20866141732283464,0.16929133858267717,0.2440944881889764,0.20459471977767488,0.032907160436247744,122
135,0.6417793273925781,0.014796162739753628,0.019802093505859375,0.0020978199945054297,10.0,1.0,0.001,sigmoid,"{'C': 10, 'coef0': 1, 'gamma': 0.001, 'kernel': 'sigmoid'}",0.23137254901960785,0.25984251968503935,0.2559055118110236,0.27165354330708663,0.33070866141732286,0.2698965570480161,0.03311232775638277,75
136,0.7342982769012452,0.015168971639524837,0.02032809257507324,0.0016613765449032048,10.0,1.0,0.0001,sigmoid,"{'C': 10, 'coef0': 1, 'gamma': 0.0001, 'kernel': 'sigmoid'}",0.13725490196078433,0.2283464566929134,0.14566929133858267,0.12992125984251968,0.2440944881889764,0.17705727960475529,0.04881763298989689,139
137,0.7462208271026611,0.013980391492394132,0.01928858757019043,0.002954212907327449,10.0,1.0,0.0001,sigmoid,"{'C': 10, 'coef0': 1, 'gamma': 0.0001, 'kernel': 'sigmoid'}",0.13725490196078433,0.2283464566929134,0.14566929133858267,0.12992125984251968,0.2440944881889764,0.17705727960475529,0.04881763298989689,139
138,0.45929436683654784,0.007383180790481306,0.0218294620513916,0.0025472171005032156,10.0,10.0,1.0,sigmoid,"{'C': 10, 'coef0': 10, 'gamma': 1, 'kernel': 'sigmoid'}",0.09803921568627451,0.11023622047244094,0.14566929133858267,0.14173228346456693,0.07480314960629922,0.11409603211363284,0.026748021243599967,245
139,0.7795582294464112,0.020114546796048287,0.020008277893066407,0.003728338852415704,10.0,10.0,0.1,sigmoid,"{'C': 10, 'coef0': 10, 'gamma': 0.1, 'kernel': 'sigmoid'}",0.23529411764705882,0.09055118110236221,0.051181102362204724,0.051181102362204724,0.2795275590551181,0.14154701250578974,0.09670545093334015,206
140,0.7651846408843994,0.02621151172129632,0.023539924621582033,0.003149476540629837,10.0,10.0,0.01,sigmoid,"{'C': 10, 'coef0': 10, 'gamma': 0.01, 'kernel': 'sigmoid'}",0.23529411764705882,0.09055118110236221,0.051181102362204724,0.051181102362204724,0.2795275590551181,0.14154701250578974,0.09670545093334015,206
141,0.745076322555542,0.013906218389358568,0.023083305358886717,0.003358125910422115,10.0,10.0,0.001,sigmoid,"{'C': 10, 'coef0': 10, 'gamma': 0.001, 'kernel': 'sigmoid'}",0.23529411764705882,0.09055118110236221,0.051181102362204724,0.051181102362204724,0.2795275590551181,0.14154701250578974,0.09670545093334015,206
142,0.7563271999359131,0.024480774069792956,0.020418596267700196,0.001674976997586477,10.0,10.0,0.0001,sigmoid,"{'C': 10, 'coef0': 10, 'gamma': 0.0001, 'kernel': 'sigmoid'}",0.23529411764705882,0.09055118110236221,0.051181102362204724,0.051181102362204724,0.2795275590551181,0.14154701250578974,0.09670545093334015,206
143,0.7374392986297608,0.017691030988474795,0.02134256362915039,0.0032015838897442033,10.0,10.0,0.0001,sigmoid,"{'C': 10, 'coef0': 10, 'gamma': 0.0001, 'kernel': 'sigmoid'}",0.23529411764705882,0.09055118110236221,0.051181102362204724,0.051181102362204724,0.2795275590551181,0.14154701250578974,0.09670545093334015,206
144,0.5238815307617187,0.019606864910599514,0.02189478874206543,0.0011456810579094864,100.0,-10.0,1.0,sigmoid,"{'C': 100, 'coef0': -10, 'gamma': 1, 'kernel': 'sigmoid'}",0.1568627450980392,0.21653543307086615,0.15748031496062992,0.1220472440944882,0.14173228346456693,0.15893160413771806,0.031562193121446674,162
145,0.7993969440460205,0.02660431753101924,0.025310039520263672,0.001513732382719581,100.0,-10.0,0.1,sigmoid,"{'C': 100, 'coef0': -10, 'gamma': 0.1, 'kernel': 'sigmoid'}",0.054901960784313725,0.05511811023622047,0.05511811023622047,0.07480314960629922,0.051181102362204724,0.05822448664505172,0.00842377177540388,286
146,0.7745365619659423,0.02383356859034447,0.023566150665283205,0.002415130830318418,100.0,-10.0,0.01,sigmoid,"{'C': 100, 'coef0': -10, 'gamma': 0.01, 'kernel': 'sigmoid'}",0.050980392156862744,0.051181102362204724,0.09448818897637795,0.09448818897637795,0.09448818897637795,0.07712521228964027,0.021265311368398713,248
147,0.7678935050964355,0.02488823443125383,0.023554134368896484,0.0027228297203824524,100.0,-10.0,0.001,sigmoid,"{'C': 100, 'coef0': -10, 'gamma': 0.001, 'kernel': 'sigmoid'}",0.050980392156862744,0.051181102362204724,0.09448818897637795,0.09448818897637795,0.09448818897637795,0.07712521228964027,0.021265311368398713,248
148,0.7739670276641846,0.025885770414017354,0.021596193313598633,0.001962607391548327,100.0,-10.0,0.0001,sigmoid,"{'C': 100, 'coef0': -10, 'gamma': 0.0001, 'kernel': 'sigmoid'}",0.050980392156862744,0.051181102362204724,0.09448818897637795,0.09448818897637795,0.09448818897637795,0.07712521228964027,0.021265311368398713,248
149,0.7826696395874023,0.020428363627665876,0.02223992347717285,0.004883947540864315,100.0,-10.0,0.0001,sigmoid,"{'C': 100, 'coef0': -10, 'gamma': 0.0001, 'kernel': 'sigmoid'}",0.050980392156862744,0.051181102362204724,0.09448818897637795,0.09448818897637795,0.09448818897637795,0.07712521228964027,0.021265311368398713,248
150,0.5241595268249511,0.01031256374629324,0.0203458309173584,0.003103020375661413,100.0,-1.0,1.0,sigmoid,"{'C': 100, 'coef0': -1, 'gamma': 1, 'kernel': 'sigmoid'}",0.13725490196078433,0.16535433070866143,0.15748031496062992,0.14960629921259844,0.14566929133858267,0.15107302763625136,0.009667483682217067,172
151,0.4302384853363037,0.021494752587514338,0.018894243240356445,0.002849579569166674,100.0,-1.0,0.1,sigmoid,"{'C': 100, 'coef0': -1, 'gamma': 0.1, 'kernel': 'sigmoid'}",0.1803921568627451,0.23228346456692914,0.20078740157480315,0.18110236220472442,0.14960629921259844,0.18883433688436005,0.02720512902895753,131
152,0.4819326877593994,0.008404864581835389,0.017824411392211914,0.0016277546746295678,100.0,-1.0,0.01,sigmoid,"{'C': 100, 'coef0': -1, 'gamma': 0.01, 'kernel': 'sigmoid'}",0.3411764705882353,0.31496062992125984,0.2952755905511811,0.33070866141732286,0.31496062992125984,0.3194163964798518,0.015642904428241303,43
153,0.530781602859497,0.018106167765012615,0.015428638458251953,0.0030819717187702627,100.0,-1.0,0.001,sigmoid,"{'C': 100, 'coef0': -1, 'gamma': 0.001, 'kernel': 'sigmoid'}",0.27450980392156865,0.3031496062992126,0.3110236220472441,0.40551181102362205,0.35826771653543305,0.3304925119654161,0.046173786903242614,35
154,0.654622220993042,0.009474184514675695,0.021881675720214842,0.0018259145355784415,100.0,-1.0,0.0001,sigmoid,"{'C': 100, 'coef0': -1, 'gamma': 0.0001, 'kernel': 'sigmoid'}",0.23137254901960785,0.2637795275590551,0.2795275590551181,0.2795275590551181,0.32677165354330706,0.2761957696464412,0.030800668331096827,71
155,0.6352203369140625,0.022660505890360172,0.018547630310058592,0.0021196336672394565,100.0,-1.0,0.0001,sigmoid,"{'C': 100, 'coef0': -1, 'gamma': 0.0001, 'kernel': 'sigmoid'}",0.23137254901960785,0.2637795275590551,0.2795275590551181,0.2795275590551181,0.32677165354330706,0.2761957696464412,0.030800668331096827,71
156,0.5193295001983642,0.014363445606501192,0.022155904769897462,0.001437587772390186,100.0,-0.1,1.0,sigmoid,"{'C': 100, 'coef0': -0.1, 'gamma': 1, 'kernel': 'sigmoid'}",0.11764705882352941,0.16929133858267717,0.20078740157480315,0.10236220472440945,0.11023622047244094,0.14006484483557205,0.03835416500493545,215
157,0.47777671813964845,0.022855002202441257,0.019237184524536134,0.0019219288120341806,100.0,-0.1,0.1,sigmoid,"{'C': 100, 'coef0': -0.1, 'gamma': 0.1, 'kernel': 'sigmoid'}",0.17647058823529413,0.14960629921259844,0.2047244094488189,0.14960629921259844,0.14566929133858267,0.1652153774895785,0.022614064245166918,150
158,0.45806064605712893,0.017699089319286015,0.012578725814819336,0.00345671632213367,100.0,-0.1,0.01,sigmoid,"{'C': 100, 'coef0': -0.1, 'gamma': 0.01, 'kernel': 'sigmoid'}",0.24313725490196078,0.2795275590551181,0.2874015748031496,0.33070866141732286,0.24803149606299213,0.2777613092481087,0.03156632189999396,70
159,0.46811776161193847,0.007501272608454833,0.015804529190063477,0.0025495138493173883,100.0,-0.1,0.001,sigmoid,"{'C': 100, 'coef0': -0.1, 'gamma': 0.001, 'kernel': 'sigmoid'}",0.3137254901960784,0.3346456692913386,0.3228346456692913,0.38976377952755903,0.35039370078740156,0.34227265709433385,0.026729407137668696,10
160,0.5049859523773194,0.014705680749896557,0.01631441116333008,0.0018731747740414499,100.0,-0.1,0.0001,sigmoid,"{'C': 100, 'coef0': -0.1, 'gamma': 0.0001, 'kernel': 'sigmoid'}",0.2627450980392157,0.2677165354330709,0.28346456692913385,0.3228346456692913,0.3188976377952756,0.2911316967731975,0.02525421983694544,59
161,0.49367756843566896,0.009581217784165366,0.016248178482055665,0.002444362933392634,100.0,-0.1,0.0001,sigmoid,"{'C': 100, 'coef0': -0.1, 'gamma': 0.0001, 'kernel': 'sigmoid'}",0.2627450980392157,0.2677165354330709,0.28346456692913385,0.3228346456692913,0.3188976377952756,0.2911316967731975,0.02525421983694544,59
162,0.5156332969665527,0.016073218263790347,0.019925403594970702,0.002882531729624508,100.0,-0.01,1.0,sigmoid,"{'C': 100, 'coef0': -0.01, 'gamma': 1, 'kernel': 'sigmoid'}",0.13333333333333333,0.14566929133858267,0.2125984251968504,0.09448818897637795,0.12598425196850394,0.14241469816272967,0.038950555706525364,201
163,0.4792923927307129,0.013242926767530635,0.019371652603149415,0.0024139780260982032,100.0,-0.01,0.1,sigmoid,"{'C': 100, 'coef0': -0.01, 'gamma': 0.1, 'kernel': 'sigmoid'}",0.1450980392156863,0.13385826771653545,0.20866141732283464,0.1377952755905512,0.14566929133858267,0.15421645823683802,0.027584649202306084,169
164,0.43343524932861327,0.02206093057057365,0.01403813362121582,0.003071390070782504,100.0,-0.01,0.01,sigmoid,"{'C': 100, 'coef0': -0.01, 'gamma': 0.01, 'kernel': 'sigmoid'}",0.2196078431372549,0.2637795275590551,0.25196850393700787,0.3188976377952756,0.25984251968503935,0.26281920642272655,0.03206098254030117,76
165,0.4758604526519775,0.013896436093386767,0.01781315803527832,0.0026569845658408297,100.0,-0.01,0.001,sigmoid,"{'C': 100, 'coef0': -0.01, 'gamma': 0.001, 'kernel': 'sigmoid'}",0.30980392156862746,0.33070866141732286,0.3188976377952756,0.39763779527559057,0.33070866141732286,0.3375513354948279,0.03105448902656527,27
166,0.4949295997619629,0.02314392170451254,0.017873334884643554,0.0010941994789190515,100.0,-0.01,0.0001,sigmoid,"{'C': 100, 'coef0': -0.01, 'gamma': 0.0001, 'kernel': 'sigmoid'}",0.26666666666666666,0.2677165354330709,0.28346456692913385,0.3228346456692913,0.3188976377952756,0.29191601049868765,0.02440713448233219,54
167,0.4935466766357422,0.014504729531632864,0.01732473373413086,0.0013890243452336674,100.0,-0.01,0.0001,sigmoid,"{'C': 100, 'coef0': -0.01, 'gamma': 0.0001, 'kernel': 'sigmoid'}",0.26666666666666666,0.2677165354330709,0.28346456692913385,0.3228346456692913,0.3188976377952756,0.29191601049868765,0.02440713448233219,54
168,0.5071193218231201,0.013404514717125898,0.022306108474731447,0.0017983291752536443,100.0,0.01,1.0,sigmoid,"{'C': 100, 'coef0': 0.01, 'gamma': 1, 'kernel': 'sigmoid'}",0.12549019607843137,0.14960629921259844,0.2125984251968504,0.09055118110236221,0.1220472440944882,0.14005866913694615,0.04084315526524154,216
169,0.48954024314880373,0.025885014401463322,0.01955127716064453,0.0011766434624044724,100.0,0.01,0.1,sigmoid,"{'C': 100, 'coef0': 0.01, 'gamma': 0.1, 'kernel': 'sigmoid'}",0.14901960784313725,0.1377952755905512,0.2047244094488189,0.14566929133858267,0.17716535433070865,0.16287478771035974,0.024789466217337918,152
170,0.43787622451782227,0.026305595954523583,0.015955305099487303,0.0012340322213162073,100.0,0.01,0.01,sigmoid,"{'C': 100, 'coef0': 0.01, 'gamma': 0.01, 'kernel': 'sigmoid'}",0.19215686274509805,0.24015748031496062,0.2559055118110236,0.29133858267716534,0.2755905511811024,0.25102979774587,0.034164399896712404,82
171,0.4520759105682373,0.00819908866108448,0.016392612457275392,0.0015514402577678553,100.0,0.01,0.001,sigmoid,"{'C': 100, 'coef0': 0.01, 'gamma': 0.001, 'kernel': 'sigmoid'}",0.30980392156862746,0.33070866141732286,0.3188976377952756,0.3937007874015748,0.33070866141732286,0.33676393392002474,0.029533657876220403,28
172,0.4684109687805176,0.008858759782230783,0.01637897491455078,0.0010397940701852954,100.0,0.01,0.0001,sigmoid,"{'C': 100, 'coef0': 0.01, 'gamma': 0.0001, 'kernel': 'sigmoid'}",0.26666666666666666,0.2677165354330709,0.28346456692913385,0.3228346456692913,0.3188976377952756,0.29191601049868765,0.02440713448233219,54
173,0.4879815101623535,0.02298809008393949,0.01688857078552246,0.0011771040004920719,100.0,0.01,0.0001,sigmoid,"{'C': 100, 'coef0': 0.01, 'gamma': 0.0001, 'kernel': 'sigmoid'}",0.26666666666666666,0.2677165354330709,0.28346456692913385,0.3228346456692913,0.3188976377952756,0.29191601049868765,0.02440713448233219,54
174,0.5037293434143066,0.016112879341197147,0.019749832153320313,0.0016682919672091404,100.0,0.1,1.0,sigmoid,"{'C': 100, 'coef0': 0.1, 'gamma': 1, 'kernel': 'sigmoid'}",0.14901960784313725,0.14173228346456693,0.15354330708661418,0.1220472440944882,0.11023622047244094,0.13531573259224952,0.016530260186212398,227
175,0.4796860694885254,0.01599488375319027,0.01986527442932129,0.003357062418589901,100.0,0.1,0.1,sigmoid,"{'C': 100, 'coef0': 0.1, 'gamma': 0.1, 'kernel': 'sigmoid'}",0.1450980392156863,0.13385826771653545,0.1732283464566929,0.13385826771653545,0.18110236220472442,0.1534290566620349,0.019966277207440708,171
176,0.3889510154724121,0.025480688667976075,0.01501002311706543,0.0022977500906693916,100.0,0.1,0.01,sigmoid,"{'C': 100, 'coef0': 0.1, 'gamma': 0.01, 'kernel': 'sigmoid'}",0.16862745098039217,0.2559055118110236,0.23228346456692914,0.27165354330708663,0.2795275590551181,0.24159950594410992,0.03989524686235195,95
177,0.4452564239501953,0.014750918187005359,0.015105724334716797,0.0011357500886018306,100.0,0.1,0.001,sigmoid,"{'C': 100, 'coef0': 0.1, 'gamma': 0.001, 'kernel': 'sigmoid'}",0.2901960784313726,0.32677165354330706,0.3188976377952756,0.3779527559055118,0.3346456692913386,0.3296927589933611,0.02842046409377602,40
178,0.4815985679626465,0.008573533322309805,0.01786017417907715,0.0005781343097967665,100.0,0.1,0.0001,sigmoid,"{'C': 100, 'coef0': 0.1, 'gamma': 0.0001, 'kernel': 'sigmoid'}",0.2627450980392157,0.2677165354330709,0.28346456692913385,0.3228346456692913,0.3188976377952756,0.2911316967731975,0.02525421983694544,59
179,0.4661264419555664,0.01159773690316514,0.015169858932495117,0.0011558361473168407,100.0,0.1,0.0001,sigmoid,"{'C': 100, 'coef0': 0.1, 'gamma': 0.0001, 'kernel': 'sigmoid'}",0.2627450980392157,0.2677165354330709,0.28346456692913385,0.3228346456692913,0.3188976377952756,0.2911316967731975,0.02525421983694544,59
180,0.4892287254333496,0.009011476244902743,0.020428228378295898,0.0020717399978707088,100.0,1.0,1.0,sigmoid,"{'C': 100, 'coef0': 1, 'gamma': 1, 'kernel': 'sigmoid'}",0.1411764705882353,0.11023622047244094,0.15748031496062992,0.16929133858267717,0.1220472440944882,0.14004631773969428,0.021785781142000936,217
181,0.47684803009033205,0.022972218645313392,0.0180910587310791,0.002192138489660626,100.0,1.0,0.1,sigmoid,"{'C': 100, 'coef0': 1, 'gamma': 0.1, 'kernel': 'sigmoid'}",0.13333333333333333,0.11023622047244094,0.1889763779527559,0.10236220472440945,0.12992125984251968,0.13296587926509187,0.03033085220492076,230
182,0.4212360382080078,0.02334989775027052,0.018058967590332032,0.0023240567980446726,100.0,1.0,0.01,sigmoid,"{'C': 100, 'coef0': 1, 'gamma': 0.01, 'kernel': 'sigmoid'}",0.14901960784313725,0.21653543307086615,0.2047244094488189,0.16929133858267717,0.2204724409448819,0.19200864597807626,0.028062697677577474,125
183,0.5234878063201904,0.022077445872876803,0.0176485538482666,0.0025511997345752345,100.0,1.0,0.001,sigmoid,"{'C': 100, 'coef0': 1, 'gamma': 0.001, 'kernel': 'sigmoid'}",0.25098039215686274,0.3031496062992126,0.2952755905511811,0.3779527559055118,0.3700787401574803,0.3194874170140497,0.0480083886076208,42
184,0.6154523372650147,0.013946562595715998,0.01770620346069336,0.003549426388632016,100.0,1.0,0.0001,sigmoid,"{'C': 100, 'coef0': 1, 'gamma': 0.0001, 'kernel': 'sigmoid'}",0.23137254901960785,0.2677165354330709,0.2795275590551181,0.28346456692913385,0.32677165354330706,0.2777705727960475,0.030628335775738206,68
185,0.6287215232849122,0.009847218401490082,0.01863861083984375,0.00058980926614456,100.0,1.0,0.0001,sigmoid,"{'C': 100, 'coef0': 1, 'gamma': 0.0001, 'kernel': 'sigmoid'}",0.23137254901960785,0.2677165354330709,0.2795275590551181,0.28346456692913385,0.32677165354330706,0.2777705727960475,0.030628335775738206,68
186,0.43983750343322753,0.01630809729718097,0.01695222854614258,0.0013580145911748639,100.0,10.0,1.0,sigmoid,"{'C': 100, 'coef0': 10, 'gamma': 1, 'kernel': 'sigmoid'}",0.09803921568627451,0.11811023622047244,0.14173228346456693,0.14173228346456693,0.07480314960629922,0.11488343368843598,0.02585455694995517,242
187,0.7403587818145752,0.014214936590089457,0.01958165168762207,0.00016641880514247279,100.0,10.0,0.1,sigmoid,"{'C': 100, 'coef0': 10, 'gamma': 0.1, 'kernel': 'sigmoid'}",0.050980392156862744,0.051181102362204724,0.09448818897637795,0.09448818897637795,0.09448818897637795,0.07712521228964027,0.021265311368398713,248
188,0.7103231906890869,0.02762385511667912,0.01794466972351074,0.0031455432520857006,100.0,10.0,0.01,sigmoid,"{'C': 100, 'coef0': 10, 'gamma': 0.01, 'kernel': 'sigmoid'}",0.050980392156862744,0.051181102362204724,0.09448818897637795,0.09448818897637795,0.09448818897637795,0.07712521228964027,0.021265311368398713,248
189,0.7245956897735596,0.021213672471143936,0.01993107795715332,0.0010102055444757068,100.0,10.0,0.001,sigmoid,"{'C': 100, 'coef0': 10, 'gamma': 0.001, 'kernel': 'sigmoid'}",0.050980392156862744,0.051181102362204724,0.09448818897637795,0.09448818897637795,0.09448818897637795,0.07712521228964027,0.021265311368398713,248
190,0.7296881675720215,0.014345932336819368,0.020334768295288085,0.0007044422095526629,100.0,10.0,0.0001,sigmoid,"{'C': 100, 'coef0': 10, 'gamma': 0.0001, 'kernel': 'sigmoid'}",0.050980392156862744,0.051181102362204724,0.09448818897637795,0.09448818897637795,0.09448818897637795,0.07712521228964027,0.021265311368398713,248
191,0.7322442531585693,0.021115825883266374,0.02027420997619629,0.0010092882152419917,100.0,10.0,0.0001,sigmoid,"{'C': 100, 'coef0': 10, 'gamma': 0.0001, 'kernel': 'sigmoid'}",0.050980392156862744,0.051181102362204724,0.09448818897637795,0.09448818897637795,0.09448818897637795,0.07712521228964027,0.021265311368398713,248
192,0.4777078628540039,0.00954351977742623,0.018789386749267577,0.0005962039663076884,1000.0,-10.0,1.0,sigmoid,"{'C': 1000, 'coef0': -10, 'gamma': 1, 'kernel': 'sigmoid'}",0.15294117647058825,0.2204724409448819,0.15748031496062992,0.11811023622047244,0.0984251968503937,0.14948587308939326,0.041729045723823806,176
193,0.7468229770660401,0.02225217587989799,0.020383262634277345,0.0004772832119339415,1000.0,-10.0,0.1,sigmoid,"{'C': 1000, 'coef0': -10, 'gamma': 0.1, 'kernel': 'sigmoid'}",0.058823529411764705,0.07874015748031496,0.06299212598425197,0.08661417322834646,0.05905511811023622,0.06924502084298287,0.011343591757602372,284
194,0.7596745491027832,0.01012770446746226,0.02029390335083008,0.0016297197528243952,1000.0,-10.0,0.01,sigmoid,"{'C': 1000, 'coef0': -10, 'gamma': 0.01, 'kernel': 'sigmoid'}",0.23529411764705882,0.2755905511811024,0.2755905511811024,0.2755905511811024,0.09448818897637795,0.23131079203334876,0.0701689144860877,103
195,0.7410952568054199,0.02173201855718682,0.022808218002319337,0.003684408272668429,1000.0,-10.0,0.001,sigmoid,"{'C': 1000, 'coef0': -10, 'gamma': 0.001, 'kernel': 'sigmoid'}",0.23529411764705882,0.2755905511811024,0.2755905511811024,0.2755905511811024,0.09448818897637795,0.23131079203334876,0.0701689144860877,103
196,0.47232604026794434,0.20439962783758953,0.012024497985839844,0.002826452336096149,1000.0,-10.0,0.0001,sigmoid,"{'C': 1000, 'coef0': -10, 'gamma': 0.0001, 'kernel': 'sigmoid'}",0.23529411764705882,0.2755905511811024,0.2755905511811024,0.2755905511811024,0.09448818897637795,0.23131079203334876,0.0701689144860877,103
197,0.3125300407409668,0.0025059904541250605,0.010318708419799805,0.0007321973204348224,1000.0,-10.0,0.0001,sigmoid,"{'C': 1000, 'coef0': -10, 'gamma': 0.0001, 'kernel': 'sigmoid'}",0.23529411764705882,0.2755905511811024,0.2755905511811024,0.2755905511811024,0.09448818897637795,0.23131079203334876,0.0701689144860877,103
198,0.2440650463104248,0.004973992995382965,0.010254001617431641,0.0009510967182308013,1000.0,-1.0,1.0,sigmoid,"{'C': 1000, 'coef0': -1, 'gamma': 1, 'kernel': 'sigmoid'}",0.1411764705882353,0.15354330708661418,0.15354330708661418,0.14960629921259844,0.14566929133858267,0.14870773506252893,0.004764976725596208,179
199,0.206414794921875,0.003054507698957611,0.00923457145690918,0.0005176581085343458,1000.0,-1.0,0.1,sigmoid,"{'C': 1000, 'coef0': -1, 'gamma': 0.1, 'kernel': 'sigmoid'}",0.1607843137254902,0.22440944881889763,0.16929133858267717,0.19291338582677164,0.16535433070866143,0.18255056353249963,0.023684769213928477,134
200,0.27222890853881837,0.014875882161396925,0.007493352890014649,0.0009998329742767387,1000.0,-1.0,0.01,sigmoid,"{'C': 1000, 'coef0': -1, 'gamma': 0.01, 'kernel': 'sigmoid'}",0.3215686274509804,0.31496062992125984,0.2677165354330709,0.3188976377952756,0.33070866141732286,0.3107704184035819,0.022142182636535043,44
201,0.3015770435333252,0.010043453048663041,0.00800771713256836,0.000549813826011101,1000.0,-1.0,0.001,sigmoid,"{'C': 1000, 'coef0': -1, 'gamma': 0.001, 'kernel': 'sigmoid'}",0.3607843137254902,0.37401574803149606,0.3661417322834646,0.3858267716535433,0.3543307086614173,0.36821985487108233,0.010918884047024669,1
202,0.233355712890625,0.006784222970804206,0.009134197235107422,0.00026093967959969435,1000.0,-1.0,0.0001,sigmoid,"{'C': 1000, 'coef0': -1, 'gamma': 0.0001, 'kernel': 'sigmoid'}",0.27450980392156865,0.30708661417322836,0.31496062992125984,0.4094488188976378,0.35039370078740156,0.33127991354021924,0.0459351602281261,31
203,0.2380357265472412,0.0037822240128077334,0.009054183959960938,0.0008088547265670102,1000.0,-1.0,0.0001,sigmoid,"{'C': 1000, 'coef0': -1, 'gamma': 0.0001, 'kernel': 'sigmoid'}",0.27450980392156865,0.30708661417322836,0.31496062992125984,0.4094488188976378,0.35039370078740156,0.33127991354021924,0.0459351602281261,31
204,0.2381810188293457,0.005417788277469183,0.010488080978393554,0.0007064082253226793,1000.0,-0.1,1.0,sigmoid,"{'C': 1000, 'coef0': -0.1, 'gamma': 1, 'kernel': 'sigmoid'}",0.13333333333333333,0.1732283464566929,0.2047244094488189,0.0984251968503937,0.11023622047244094,0.14398950131233595,0.039680178568844225,197
205,0.22487435340881348,0.008335521731648664,0.010099458694458007,0.0005737301318885443,1000.0,-0.1,0.1,sigmoid,"{'C': 1000, 'coef0': -0.1, 'gamma': 0.1, 'kernel': 'sigmoid'}",0.1803921568627451,0.16141732283464566,0.2125984251968504,0.14960629921259844,0.14566929133858267,0.16993669908908443,0.024511839921076802,144
206,0.28884158134460447,0.028823345291104863,0.006308078765869141,0.0007706813948417832,1000.0,-0.1,0.01,sigmoid,"{'C': 1000, 'coef0': -0.1, 'gamma': 0.01, 'kernel': 'sigmoid'}",0.2196078431372549,0.25196850393700787,0.3031496062992126,0.3464566929133858,0.24015748031496062,0.27226802532036437,0.046203642495969255,73
207,0.41939845085144045,0.020339842467052942,0.0059855937957763675,0.000803523990091838,1000.0,-0.1,0.001,sigmoid,"{'C': 1000, 'coef0': -0.1, 'gamma': 0.001, 'kernel': 'sigmoid'}",0.3843137254901961,0.3425196850393701,0.35826771653543305,0.38188976377952755,0.33858267716535434,0.3611147136019762,0.019138286276424242,3
208,0.20183615684509276,0.005612250643938752,0.007338714599609375,0.0007549882212753246,1000.0,-0.1,0.0001,sigmoid,"{'C': 1000, 'coef0': -0.1, 'gamma': 0.0001, 'kernel': 'sigmoid'}",0.3058823529411765,0.32677165354330706,0.3228346456692913,0.3937007874015748,0.3425196850393701,0.33834182491894393,0.030033408189405062,23
209,0.19823169708251953,0.0037978965218496124,0.006943893432617187,0.000612103109649663,1000.0,-0.1,0.0001,sigmoid,"{'C': 1000, 'coef0': -0.1, 'gamma': 0.0001, 'kernel': 'sigmoid'}",0.3058823529411765,0.32677165354330706,0.3228346456692913,0.3937007874015748,0.3425196850393701,0.33834182491894393,0.030033408189405062,23
210,0.2312458038330078,0.008686590833770868,0.009952545166015625,0.000515715710791186,1000.0,-0.01,1.0,sigmoid,"{'C': 1000, 'coef0': -0.01, 'gamma': 1, 'kernel': 'sigmoid'}",0.12941176470588237,0.14173228346456693,0.2125984251968504,0.09055118110236221,0.1141732283464567,0.13769337656322372,0.04116126368256474,222
211,0.23061165809631348,0.005273633783790003,0.009131669998168945,0.0004949153256031782,1000.0,-0.01,0.1,sigmoid,"{'C': 1000, 'coef0': -0.01, 'gamma': 0.1, 'kernel': 'sigmoid'}",0.14901960784313725,0.14566929133858267,0.2204724409448819,0.12598425196850394,0.15354330708661418,0.15893777983634397,0.03217443946871103,160
212,0.2508707046508789,0.015493842129962515,0.00717320442199707,0.00042570005774205175,1000.0,-0.01,0.01,sigmoid,"{'C': 1000, 'coef0': -0.01, 'gamma': 0.01, 'kernel': 'sigmoid'}",0.20392156862745098,0.24015748031496062,0.25196850393700787,0.2559055118110236,0.25196850393700787,0.2407843137254902,0.01917330304983638,98
213,0.4986987590789795,0.02663201805090893,0.007226705551147461,0.0006328463948475599,1000.0,-0.01,0.001,sigmoid,"{'C': 1000, 'coef0': -0.01, 'gamma': 0.001, 'kernel': 'sigmoid'}",0.3568627450980392,0.32677165354330706,0.3464566929133858,0.3661417322834646,0.33858267716535434,0.3469631002007102,0.013740490197731688,5
214,0.22734513282775878,0.02290687751127998,0.008828687667846679,0.0032281583604379417,1000.0,-0.01,0.0001,sigmoid,"{'C': 1000, 'coef0': -0.01, 'gamma': 0.0001, 'kernel': 'sigmoid'}",0.3058823529411765,0.33070866141732286,0.3228346456692913,0.38976377952755903,0.3464566929133858,0.33912922649374716,0.02849323992295886,11
215,0.20251908302307128,0.0026975470224959966,0.00734858512878418,0.0006003876976837421,1000.0,-0.01,0.0001,sigmoid,"{'C': 1000, 'coef0': -0.01, 'gamma': 0.0001, 'kernel': 'sigmoid'}",0.3058823529411765,0.33070866141732286,0.3228346456692913,0.38976377952755903,0.3464566929133858,0.33912922649374716,0.02849323992295886,11
216,0.2339958667755127,0.003948530649577577,0.01063084602355957,0.0007804163329061781,1000.0,0.01,1.0,sigmoid,"{'C': 1000, 'coef0': 0.01, 'gamma': 1, 'kernel': 'sigmoid'}",0.12156862745098039,0.15748031496062992,0.20866141732283464,0.09055118110236221,0.11811023622047244,0.13927435541145594,0.04069737530184105,219
217,0.23616132736206055,0.00964215102870434,0.009596490859985351,0.0007231321988341673,1000.0,0.01,0.1,sigmoid,"{'C': 1000, 'coef0': 0.01, 'gamma': 0.1, 'kernel': 'sigmoid'}",0.1607843137254902,0.14566929133858267,0.21653543307086615,0.13385826771653545,0.15354330708661418,0.16207812258761772,0.028655629931938553,153
218,0.2519073963165283,0.01660079981037194,0.007475471496582032,0.00022525040390459656,1000.0,0.01,0.01,sigmoid,"{'C': 1000, 'coef0': 0.01, 'gamma': 0.01, 'kernel': 'sigmoid'}",0.21176470588235294,0.23228346456692914,0.2637795275590551,0.2637795275590551,0.23622047244094488,0.24156553960166743,0.019948628384985803,96
219,0.4997392177581787,0.024464045460877618,0.007147645950317383,0.0007238649971687865,1000.0,0.01,0.001,sigmoid,"{'C': 1000, 'coef0': 0.01, 'gamma': 0.001, 'kernel': 'sigmoid'}",0.3607843137254902,0.3346456692913386,0.3346456692913386,0.3779527559055118,0.32677165354330706,0.34696001235139723,0.019300349130824963,7
220,0.20160369873046874,0.005831008829359833,0.007502841949462891,0.0005941009891956278,1000.0,0.01,0.0001,sigmoid,"{'C': 1000, 'coef0': 0.01, 'gamma': 0.0001, 'kernel': 'sigmoid'}",0.3058823529411765,0.33070866141732286,0.3228346456692913,0.38976377952755903,0.3464566929133858,0.33912922649374716,0.02849323992295886,11
221,0.20066590309143068,0.003184310228880169,0.007769107818603516,0.0010236343362240554,1000.0,0.01,0.0001,sigmoid,"{'C': 1000, 'coef0': 0.01, 'gamma': 0.0001, 'kernel': 'sigmoid'}",0.3058823529411765,0.33070866141732286,0.3228346456692913,0.38976377952755903,0.3464566929133858,0.33912922649374716,0.02849323992295886,11
222,0.23106250762939454,0.005892214484957251,0.010685586929321289,0.002487195125903813,1000.0,0.1,1.0,sigmoid,"{'C': 1000, 'coef0': 0.1, 'gamma': 1, 'kernel': 'sigmoid'}",0.1450980392156863,0.14566929133858267,0.15354330708661418,0.1220472440944882,0.1141732283464567,0.13610622201636563,0.015199132071843542,224
223,0.22685956954956055,0.004186913819039994,0.009180307388305664,0.0005000873657551665,1000.0,0.1,0.1,sigmoid,"{'C': 1000, 'coef0': 0.1, 'gamma': 0.1, 'kernel': 'sigmoid'}",0.15294117647058825,0.14960629921259844,0.18503937007874016,0.1141732283464567,0.18110236220472442,0.15657248726262157,0.025579247575323406,164
224,0.20727128982543946,0.010033849503288879,0.006214714050292969,0.0008197429284506105,1000.0,0.1,0.01,sigmoid,"{'C': 1000, 'coef0': 0.1, 'gamma': 0.01, 'kernel': 'sigmoid'}",0.19215686274509805,0.24803149606299213,0.25984251968503935,0.23622047244094488,0.23228346456692914,0.23370696310020073,0.022904211313209355,100
225,0.5406595230102539,0.022608204013625434,0.007502269744873047,0.000709272302528099,1000.0,0.1,0.001,sigmoid,"{'C': 1000, 'coef0': 0.1, 'gamma': 0.001, 'kernel': 'sigmoid'}",0.33725490196078434,0.3346456692913386,0.3228346456692913,0.35039370078740156,0.31496062992125984,0.3320179095260151,0.01222525286613851,29
226,0.20157012939453126,0.005472799837232543,0.006912517547607422,0.0007871338083561319,1000.0,0.1,0.0001,sigmoid,"{'C': 1000, 'coef0': 0.1, 'gamma': 0.0001, 'kernel': 'sigmoid'}",0.30196078431372547,0.33070866141732286,0.32677165354330706,0.38976377952755903,0.3425196850393701,0.3383449127682569,0.028904622638965184,19
227,0.20060453414916993,0.004910104407067657,0.006516122817993164,0.0008160415729778984,1000.0,0.1,0.0001,sigmoid,"{'C': 1000, 'coef0': 0.1, 'gamma': 0.0001, 'kernel': 'sigmoid'}",0.30196078431372547,0.33070866141732286,0.32677165354330706,0.38976377952755903,0.3425196850393701,0.3383449127682569,0.028904622638965184,19
228,0.23364558219909667,0.0032647520694051085,0.010442972183227539,0.0008763113843628557,1000.0,1.0,1.0,sigmoid,"{'C': 1000, 'coef0': 1, 'gamma': 1, 'kernel': 'sigmoid'}",0.1411764705882353,0.1141732283464567,0.15748031496062992,0.17716535433070865,0.1220472440944882,0.14240852246410377,0.02301533285895133,202
229,0.23865694999694825,0.008640292300556414,0.010264968872070313,0.0007335775510137962,1000.0,1.0,0.1,sigmoid,"{'C': 1000, 'coef0': 1, 'gamma': 0.1, 'kernel': 'sigmoid'}",0.13333333333333333,0.11023622047244094,0.1889763779527559,0.10236220472440945,0.13385826771653545,0.13375328083989502,0.03029267112984157,228
230,0.1999915599822998,0.007138591385304861,0.009555578231811523,0.0003482253651899486,1000.0,1.0,0.01,sigmoid,"{'C': 1000, 'coef0': 1, 'gamma': 0.01, 'kernel': 'sigmoid'}",0.16470588235294117,0.2125984251968504,0.21653543307086615,0.18110236220472442,0.22440944881889763,0.19987031032885594,0.022937625917238958,123
231,0.3597963809967041,0.007590588367897459,0.008647775650024414,0.00048164855179448775,1000.0,1.0,0.001,sigmoid,"{'C': 1000, 'coef0': 1, 'gamma': 0.001, 'kernel': 'sigmoid'}",0.2784313725490196,0.2952755905511811,0.2559055118110236,0.33070866141732286,0.32677165354330706,0.29741855797437083,0.028489555027185913,49
232,0.26020331382751466,0.007013681442094487,0.009728050231933594,0.0005498130237299809,1000.0,1.0,0.0001,sigmoid,"{'C': 1000, 'coef0': 1, 'gamma': 0.0001, 'kernel': 'sigmoid'}",0.2823529411764706,0.31496062992125984,0.31496062992125984,0.3937007874015748,0.3464566929133858,0.3304863362667902,0.037550067807309274,36
233,0.297228479385376,0.045792889923328625,0.010703706741333007,0.0006696928701385651,1000.0,1.0,0.0001,sigmoid,"{'C': 1000, 'coef0': 1, 'gamma': 0.0001, 'kernel': 'sigmoid'}",0.2823529411764706,0.31496062992125984,0.31496062992125984,0.3937007874015748,0.3464566929133858,0.3304863362667902,0.037550067807309274,36
234,0.22026052474975585,0.011558762835267154,0.009645175933837891,0.0009769719446415393,1000.0,10.0,1.0,sigmoid,"{'C': 1000, 'coef0': 10, 'gamma': 1, 'kernel': 'sigmoid'}",0.09803921568627451,0.11811023622047244,0.14173228346456693,0.14173228346456693,0.07480314960629922,0.11488343368843598,0.02585455694995517,242
235,0.32619571685791016,0.00970526090113763,0.010710811614990235,0.0004037158238426988,1000.0,10.0,0.1,sigmoid,"{'C': 1000, 'coef0': 10, 'gamma': 0.1, 'kernel': 'sigmoid'}",0.23529411764705882,0.2755905511811024,0.2755905511811024,0.2755905511811024,0.09448818897637795,0.23131079203334876,0.0701689144860877,103
236,0.33142995834350586,0.004425282315453441,0.01127629280090332,0.000875333718309873,1000.0,10.0,0.01,sigmoid,"{'C': 1000, 'coef0': 10, 'gamma': 0.01, 'kernel': 'sigmoid'}",0.23529411764705882,0.2755905511811024,0.2755905511811024,0.2755905511811024,0.09448818897637795,0.23131079203334876,0.0701689144860877,103
237,0.32311205863952636,0.014347415113628763,0.010661792755126954,0.0005673296491742165,1000.0,10.0,0.001,sigmoid,"{'C': 1000, 'coef0': 10, 'gamma': 0.001, 'kernel': 'sigmoid'}",0.23529411764705882,0.2755905511811024,0.2755905511811024,0.2755905511811024,0.09448818897637795,0.23131079203334876,0.0701689144860877,103
238,0.31566195487976073,0.008732381302399993,0.01042017936706543,0.0006813458326820244,1000.0,10.0,0.0001,sigmoid,"{'C': 1000, 'coef0': 10, 'gamma': 0.0001, 'kernel': 'sigmoid'}",0.23529411764705882,0.2755905511811024,0.2755905511811024,0.2755905511811024,0.09448818897637795,0.23131079203334876,0.0701689144860877,103
239,0.31322526931762695,0.007374107198014786,0.010027694702148437,0.00037674418942249596,1000.0,10.0,0.0001,sigmoid,"{'C': 1000, 'coef0': 10, 'gamma': 0.0001, 'kernel': 'sigmoid'}",0.23529411764705882,0.2755905511811024,0.2755905511811024,0.2755905511811024,0.09448818897637795,0.23131079203334876,0.0701689144860877,103
240,0.2386316776275635,0.009080914254909336,0.01038517951965332,0.000631363704429537,1000.0,-10.0,1.0,sigmoid,"{'C': 1000, 'coef0': -10, 'gamma': 1, 'kernel': 'sigmoid'}",0.15294117647058825,0.2204724409448819,0.15748031496062992,0.11811023622047244,0.0984251968503937,0.14948587308939326,0.041729045723823806,176
241,0.3229533195495605,0.001795859763775425,0.010495901107788086,0.0006414751007960116,1000.0,-10.0,0.1,sigmoid,"{'C': 1000, 'coef0': -10, 'gamma': 0.1, 'kernel': 'sigmoid'}",0.058823529411764705,0.07874015748031496,0.06299212598425197,0.08661417322834646,0.05905511811023622,0.06924502084298287,0.011343591757602372,284
242,0.3222206592559814,0.009869081011561599,0.010652637481689453,0.0007894730847262801,1000.0,-10.0,0.01,sigmoid,"{'C': 1000, 'coef0': -10, 'gamma': 0.01, 'kernel': 'sigmoid'}",0.23529411764705882,0.2755905511811024,0.2755905511811024,0.2755905511811024,0.09448818897637795,0.23131079203334876,0.0701689144860877,103
243,0.3178375244140625,0.004457480458551213,0.010930109024047851,0.000755807283649968,1000.0,-10.0,0.001,sigmoid,"{'C': 1000, 'coef0': -10, 'gamma': 0.001, 'kernel': 'sigmoid'}",0.23529411764705882,0.2755905511811024,0.2755905511811024,0.2755905511811024,0.09448818897637795,0.23131079203334876,0.0701689144860877,103
244,0.3180548191070557,0.00551670155761317,0.010712289810180664,0.0004073242145207996,1000.0,-10.0,0.0001,sigmoid,"{'C': 1000, 'coef0': -10, 'gamma': 0.0001, 'kernel': 'sigmoid'}",0.23529411764705882,0.2755905511811024,0.2755905511811024,0.2755905511811024,0.09448818897637795,0.23131079203334876,0.0701689144860877,103
245,0.31395688056945803,0.003124424669812484,0.010121440887451172,0.0008242316088073106,1000.0,-10.0,0.0001,sigmoid,"{'C': 1000, 'coef0': -10, 'gamma': 0.0001, 'kernel': 'sigmoid'}",0.23529411764705882,0.2755905511811024,0.2755905511811024,0.2755905511811024,0.09448818897637795,0.23131079203334876,0.0701689144860877,103
246,0.23722076416015625,0.0047550192498031435,0.009925317764282227,0.0006486815902459498,1000.0,-1.0,1.0,sigmoid,"{'C': 1000, 'coef0': -1, 'gamma': 1, 'kernel': 'sigmoid'}",0.1411764705882353,0.15354330708661418,0.15354330708661418,0.14960629921259844,0.14566929133858267,0.14870773506252893,0.004764976725596208,179
247,0.21095948219299315,0.006197471352267127,0.009591007232666015,0.0007270847887874076,1000.0,-1.0,0.1,sigmoid,"{'C': 1000, 'coef0': -1, 'gamma': 0.1, 'kernel': 'sigmoid'}",0.1607843137254902,0.22440944881889763,0.16929133858267717,0.19291338582677164,0.16535433070866143,0.18255056353249963,0.023684769213928477,134
248,0.28565540313720705,0.017386890071404253,0.008139610290527344,0.0006881239491699447,1000.0,-1.0,0.01,sigmoid,"{'C': 1000, 'coef0': -1, 'gamma': 0.01, 'kernel': 'sigmoid'}",0.3215686274509804,0.31496062992125984,0.2677165354330709,0.3188976377952756,0.33070866141732286,0.3107704184035819,0.022142182636535043,44
249,0.32039313316345214,0.004632532642587113,0.00889573097229004,0.00016345381030358916,1000.0,-1.0,0.001,sigmoid,"{'C': 1000, 'coef0': -1, 'gamma': 0.001, 'kernel': 'sigmoid'}",0.3607843137254902,0.37401574803149606,0.3661417322834646,0.3858267716535433,0.3543307086614173,0.36821985487108233,0.010918884047024669,1
250,0.24080991744995117,0.005206375199073074,0.008531808853149414,0.0006191259427928766,1000.0,-1.0,0.0001,sigmoid,"{'C': 1000, 'coef0': -1, 'gamma': 0.0001, 'kernel': 'sigmoid'}",0.27450980392156865,0.30708661417322836,0.31496062992125984,0.4094488188976378,0.35039370078740156,0.33127991354021924,0.0459351602281261,31
251,0.23952436447143555,0.006579265248918789,0.009073781967163085,0.0005336640261499885,1000.0,-1.0,0.0001,sigmoid,"{'C': 1000, 'coef0': -1, 'gamma': 0.0001, 'kernel': 'sigmoid'}",0.27450980392156865,0.30708661417322836,0.31496062992125984,0.4094488188976378,0.35039370078740156,0.33127991354021924,0.0459351602281261,31
252,0.24450879096984862,0.006734046010164054,0.010814857482910157,0.0006936519409932928,1000.0,-0.1,1.0,sigmoid,"{'C': 1000, 'coef0': -0.1, 'gamma': 1, 'kernel': 'sigmoid'}",0.13333333333333333,0.1732283464566929,0.2047244094488189,0.0984251968503937,0.11023622047244094,0.14398950131233595,0.039680178568844225,197
253,0.23715505599975586,0.005417102953530738,0.009313201904296875,0.000546200648779683,1000.0,-0.1,0.1,sigmoid,"{'C': 1000, 'coef0': -0.1, 'gamma': 0.1, 'kernel': 'sigmoid'}",0.1803921568627451,0.16141732283464566,0.2125984251968504,0.14960629921259844,0.14566929133858267,0.16993669908908443,0.024511839921076802,144
254,0.2995902061462402,0.03257679631018585,0.005995655059814453,0.00040014061108330614,1000.0,-0.1,0.01,sigmoid,"{'C': 1000, 'coef0': -0.1, 'gamma': 0.01, 'kernel': 'sigmoid'}",0.2196078431372549,0.25196850393700787,0.3031496062992126,0.3464566929133858,0.24015748031496062,0.27226802532036437,0.046203642495969255,73
255,0.46373634338378905,0.034315746981054704,0.007587242126464844,0.0014410987820799338,1000.0,-0.1,0.001,sigmoid,"{'C': 1000, 'coef0': -0.1, 'gamma': 0.001, 'kernel': 'sigmoid'}",0.3843137254901961,0.3425196850393701,0.35826771653543305,0.38188976377952755,0.33858267716535434,0.3611147136019762,0.019138286276424242,3
256,0.22379598617553711,0.0035879614063414715,0.008474636077880859,0.0006254982266316615,1000.0,-0.1,0.0001,sigmoid,"{'C': 1000, 'coef0': -0.1, 'gamma': 0.0001, 'kernel': 'sigmoid'}",0.3058823529411765,0.32677165354330706,0.3228346456692913,0.3937007874015748,0.3425196850393701,0.33834182491894393,0.030033408189405062,23
257,0.22324633598327637,0.006377357008597803,0.00747370719909668,0.0004852833864133802,1000.0,-0.1,0.0001,sigmoid,"{'C': 1000, 'coef0': -0.1, 'gamma': 0.0001, 'kernel': 'sigmoid'}",0.3058823529411765,0.32677165354330706,0.3228346456692913,0.3937007874015748,0.3425196850393701,0.33834182491894393,0.030033408189405062,23
258,0.2689629077911377,0.007238433683512962,0.01205892562866211,0.0010242840912633752,1000.0,-0.01,1.0,sigmoid,"{'C': 1000, 'coef0': -0.01, 'gamma': 1, 'kernel': 'sigmoid'}",0.12941176470588237,0.14173228346456693,0.2125984251968504,0.09055118110236221,0.1141732283464567,0.13769337656322372,0.04116126368256474,222
259,0.2625113487243652,0.013593529876868975,0.010400009155273438,0.00034613465782989386,1000.0,-0.01,0.1,sigmoid,"{'C': 1000, 'coef0': -0.01, 'gamma': 0.1, 'kernel': 'sigmoid'}",0.14901960784313725,0.14566929133858267,0.2204724409448819,0.12598425196850394,0.15354330708661418,0.15893777983634397,0.03217443946871103,160
260,0.2744112014770508,0.025492575286530407,0.006853914260864258,0.0007532995280097001,1000.0,-0.01,0.01,sigmoid,"{'C': 1000, 'coef0': -0.01, 'gamma': 0.01, 'kernel': 'sigmoid'}",0.20392156862745098,0.24015748031496062,0.25196850393700787,0.2559055118110236,0.25196850393700787,0.2407843137254902,0.01917330304983638,98
261,0.5450340270996094,0.016133053402504097,0.007426691055297851,0.000890314588507168,1000.0,-0.01,0.001,sigmoid,"{'C': 1000, 'coef0': -0.01, 'gamma': 0.001, 'kernel': 'sigmoid'}",0.3568627450980392,0.32677165354330706,0.3464566929133858,0.3661417322834646,0.33858267716535434,0.3469631002007102,0.013740490197731688,5
262,0.21511316299438477,0.0063839114474319465,0.008049345016479493,0.0004258319375292178,1000.0,-0.01,0.0001,sigmoid,"{'C': 1000, 'coef0': -0.01, 'gamma': 0.0001, 'kernel': 'sigmoid'}",0.3058823529411765,0.33070866141732286,0.3228346456692913,0.38976377952755903,0.3464566929133858,0.33912922649374716,0.02849323992295886,11
263,0.21973342895507814,0.012899120080814154,0.00799107551574707,0.0004494623901933835,1000.0,-0.01,0.0001,sigmoid,"{'C': 1000, 'coef0': -0.01, 'gamma': 0.0001, 'kernel': 'sigmoid'}",0.3058823529411765,0.33070866141732286,0.3228346456692913,0.38976377952755903,0.3464566929133858,0.33912922649374716,0.02849323992295886,11
264,0.35974321365356443,0.10970187368905157,0.016270875930786133,0.0044448021058767825,1000.0,0.01,1.0,sigmoid,"{'C': 1000, 'coef0': 0.01, 'gamma': 1, 'kernel': 'sigmoid'}",0.12156862745098039,0.15748031496062992,0.20866141732283464,0.09055118110236221,0.11811023622047244,0.13927435541145594,0.04069737530184105,219
265,0.454681396484375,0.01606934053733295,0.01842079162597656,0.0007661800198130751,1000.0,0.01,0.1,sigmoid,"{'C': 1000, 'coef0': 0.01, 'gamma': 0.1, 'kernel': 'sigmoid'}",0.1607843137254902,0.14566929133858267,0.21653543307086615,0.13385826771653545,0.15354330708661418,0.16207812258761772,0.028655629931938553,153
266,0.4312599182128906,0.02624303334519063,0.013506269454956055,0.0005934396694152795,1000.0,0.01,0.01,sigmoid,"{'C': 1000, 'coef0': 0.01, 'gamma': 0.01, 'kernel': 'sigmoid'}",0.21176470588235294,0.23228346456692914,0.2637795275590551,0.2637795275590551,0.23622047244094488,0.24156553960166743,0.019948628384985803,96
267,0.7868391513824463,0.03731586564422482,0.014185285568237305,0.0008109734507688805,1000.0,0.01,0.001,sigmoid,"{'C': 1000, 'coef0': 0.01, 'gamma': 0.001, 'kernel': 'sigmoid'}",0.3607843137254902,0.3346456692913386,0.3346456692913386,0.3779527559055118,0.32677165354330706,0.34696001235139723,0.019300349130824963,7
268,0.42728447914123535,0.010735367414532805,0.012049579620361328,0.0017029083795677999,1000.0,0.01,0.0001,sigmoid,"{'C': 1000, 'coef0': 0.01, 'gamma': 0.0001, 'kernel': 'sigmoid'}",0.3058823529411765,0.33070866141732286,0.3228346456692913,0.38976377952755903,0.3464566929133858,0.33912922649374716,0.02849323992295886,11
269,0.43569149971008303,0.010092124799072736,0.015457344055175782,0.0005446170589439848,1000.0,0.01,0.0001,sigmoid,"{'C': 1000, 'coef0': 0.01, 'gamma': 0.0001, 'kernel': 'sigmoid'}",0.3058823529411765,0.33070866141732286,0.3228346456692913,0.38976377952755903,0.3464566929133858,0.33912922649374716,0.02849323992295886,11
270,0.4909206867218018,0.018634608865063337,0.019316768646240233,0.001126064145586143,1000.0,0.1,1.0,sigmoid,"{'C': 1000, 'coef0': 0.1, 'gamma': 1, 'kernel': 'sigmoid'}",0.1450980392156863,0.14566929133858267,0.15354330708661418,0.1220472440944882,0.1141732283464567,0.13610622201636563,0.015199132071843542,224
271,0.4637688159942627,0.024744217001905763,0.017966413497924806,0.0006362945949069995,1000.0,0.1,0.1,sigmoid,"{'C': 1000, 'coef0': 0.1, 'gamma': 0.1, 'kernel': 'sigmoid'}",0.15294117647058825,0.14960629921259844,0.18503937007874016,0.1141732283464567,0.18110236220472442,0.15657248726262157,0.025579247575323406,164
272,0.3802061080932617,0.03733500433254971,0.013890218734741212,0.0008942701801531983,1000.0,0.1,0.01,sigmoid,"{'C': 1000, 'coef0': 0.1, 'gamma': 0.01, 'kernel': 'sigmoid'}",0.19215686274509805,0.24803149606299213,0.25984251968503935,0.23622047244094488,0.23228346456692914,0.23370696310020073,0.022904211313209355,100
273,0.8569900989532471,0.03428049473795428,0.013233137130737305,0.0015812963421391107,1000.0,0.1,0.001,sigmoid,"{'C': 1000, 'coef0': 0.1, 'gamma': 0.001, 'kernel': 'sigmoid'}",0.33725490196078434,0.3346456692913386,0.3228346456692913,0.35039370078740156,0.31496062992125984,0.3320179095260151,0.01222525286613851,29
274,0.4359903335571289,0.011083630240703217,0.014380550384521485,0.0006754704521314396,1000.0,0.1,0.0001,sigmoid,"{'C': 1000, 'coef0': 0.1, 'gamma': 0.0001, 'kernel': 'sigmoid'}",0.30196078431372547,0.33070866141732286,0.32677165354330706,0.38976377952755903,0.3425196850393701,0.3383449127682569,0.028904622638965184,19
275,0.42775659561157225,0.018441604693886515,0.014812946319580078,0.0005361858393036344,1000.0,0.1,0.0001,sigmoid,"{'C': 1000, 'coef0': 0.1, 'gamma': 0.0001, 'kernel': 'sigmoid'}",0.30196078431372547,0.33070866141732286,0.32677165354330706,0.38976377952755903,0.3425196850393701,0.3383449127682569,0.028904622638965184,19
276,0.49178242683410645,0.020440078126504686,0.019884252548217775,0.0005954829527861287,1000.0,1.0,1.0,sigmoid,"{'C': 1000, 'coef0': 1, 'gamma': 1, 'kernel': 'sigmoid'}",0.1411764705882353,0.1141732283464567,0.15748031496062992,0.17716535433070865,0.1220472440944882,0.14240852246410377,0.02301533285895133,202
277,0.488723087310791,0.02697149131573665,0.01807575225830078,0.0007413709563814581,1000.0,1.0,0.1,sigmoid,"{'C': 1000, 'coef0': 1, 'gamma': 0.1, 'kernel': 'sigmoid'}",0.13333333333333333,0.11023622047244094,0.1889763779527559,0.10236220472440945,0.13385826771653545,0.13375328083989502,0.03029267112984157,228
278,0.4103518009185791,0.012285958688991008,0.017855453491210937,0.0008451941709423714,1000.0,1.0,0.01,sigmoid,"{'C': 1000, 'coef0': 1, 'gamma': 0.01, 'kernel': 'sigmoid'}",0.16470588235294117,0.2125984251968504,0.21653543307086615,0.18110236220472442,0.22440944881889763,0.19987031032885594,0.022937625917238958,123
279,0.6248342514038085,0.012815820729167577,0.01784358024597168,0.0010564363624184674,1000.0,1.0,0.001,sigmoid,"{'C': 1000, 'coef0': 1, 'gamma': 0.001, 'kernel': 'sigmoid'}",0.2784313725490196,0.2952755905511811,0.2559055118110236,0.33070866141732286,0.32677165354330706,0.29741855797437083,0.028489555027185913,49
280,0.5422348022460938,0.0128109379181889,0.018239545822143554,0.0010385074159569645,1000.0,1.0,0.0001,sigmoid,"{'C': 1000, 'coef0': 1, 'gamma': 0.0001, 'kernel': 'sigmoid'}",0.2823529411764706,0.31496062992125984,0.31496062992125984,0.3937007874015748,0.3464566929133858,0.3304863362667902,0.037550067807309274,36
281,0.5361247539520264,0.014440452762088139,0.018238353729248046,0.00042414203928625623,1000.0,1.0,0.0001,sigmoid,"{'C': 1000, 'coef0': 1, 'gamma': 0.0001, 'kernel': 'sigmoid'}",0.2823529411764706,0.31496062992125984,0.31496062992125984,0.3937007874015748,0.3464566929133858,0.3304863362667902,0.037550067807309274,36
282,0.45129942893981934,0.00772270298084934,0.016846561431884767,0.0035399401565877737,1000.0,10.0,1.0,sigmoid,"{'C': 1000, 'coef0': 10, 'gamma': 1, 'kernel': 'sigmoid'}",0.09803921568627451,0.11811023622047244,0.14173228346456693,0.14173228346456693,0.07480314960629922,0.11488343368843598,0.02585455694995517,242
283,0.7304196834564209,0.03690730183343487,0.019244050979614256,0.002319991734101179,1000.0,10.0,0.1,sigmoid,"{'C': 1000, 'coef0': 10, 'gamma': 0.1, 'kernel': 'sigmoid'}",0.23529411764705882,0.2755905511811024,0.2755905511811024,0.2755905511811024,0.09448818897637795,0.23131079203334876,0.0701689144860877,103
284,0.7435602188110352,0.02325977859001263,0.02161893844604492,0.000581433449240699,1000.0,10.0,0.01,sigmoid,"{'C': 1000, 'coef0': 10, 'gamma': 0.01, 'kernel': 'sigmoid'}",0.23529411764705882,0.2755905511811024,0.2755905511811024,0.2755905511811024,0.09448818897637795,0.23131079203334876,0.0701689144860877,103
285,0.7381921768188476,0.012527990739108905,0.019439268112182616,0.0023830114113978025,1000.0,10.0,0.001,sigmoid,"{'C': 1000, 'coef0': 10, 'gamma': 0.001, 'kernel': 'sigmoid'}",0.23529411764705882,0.2755905511811024,0.2755905511811024,0.2755905511811024,0.09448818897637795,0.23131079203334876,0.0701689144860877,103
286,0.7444221496582031,0.024483259559926154,0.021062469482421874,0.0005041812071246053,1000.0,10.0,0.0001,sigmoid,"{'C': 1000, 'coef0': 10, 'gamma': 0.0001, 'kernel': 'sigmoid'}",0.23529411764705882,0.2755905511811024,0.2755905511811024,0.2755905511811024,0.09448818897637795,0.23131079203334876,0.0701689144860877,103
287,0.7630576133728028,0.022214834878354323,0.021703052520751952,0.0005702882187107284,1000.0,10.0,0.0001,sigmoid,"{'C': 1000, 'coef0': 10, 'gamma': 0.0001, 'kernel': 'sigmoid'}",0.23529411764705882,0.2755905511811024,0.2755905511811024,0.2755905511811024,0.09448818897637795,0.23131079203334876,0.0701689144860877,103
