A001;Q4;;;;;;;
A002;Q4;;;;;;;
A003;Q3;;;;;;;
A004;Q3;;;;;;;
A005;Q1;;;;;;;
A010;Q2;;;;;;;
A011;Q1;;;;;;;
A013;Q2;;;;;;;
A014;Q1;;;;;;;
A017;Q4;;;;;;;
A018;Q3;;;;;;;
A019;Q1;;;;;;;
A020;Q2;;;;;;;
A021;Q4;;;;;;;
A022;Q1;;;;;;;
A023;Q2;;;;;;;
A024;Q1;;;;;;;
A025;Q2;;;;;;;
A028;Q2;;;;;;;
A029;Q3;;;;;;;
A030;Q4;;;;;;;
A032;Q4;;;;;;;
A034;Q3;;;;;;;
A035;Q3;;;;;;;
A038;Q3;;;;;;;
A039;Q1;;;;;;;
A042;Q1;;;;;;;
A043;Q1;;;;;;;
A045;Q3;;;;;;;
A047;Q1;;;;;;;
A048;Q3;;;;;;;
A049;Q2;;;;;;;
A050;Q1;;;;;;;
A051;Q2;;;;;;;
A052;Q2;;;;;;;
A055;Q2;;;;;;;
A058;Q4;;;;;;;
A060;Q3;;;;;;;
A061-66;Q3;;;;;;;
A062-170;Q2;;;;;;;
A063-90;Q4;;;;;;;
A064-116;Q1;;;;;;;
A066-140;Q4;;;;;;;
A067-104;Q4;;;;;;;
A068-167;Q2;;;;;;;
A071-70;Q3;;;;;;;
A073-143;Q3;;;;;;;
A074-91;Q2;;;;;;;
A077-122;Q1;;;;;;;
A078-173;Q4;;;;;;;
A080-92;Q2;;;;;;;
A081-67;Q3;;;;;;;
A082-93;Q2;;;;;;;
A083-158;Q3;;;;;;;
A084-75;Q3;;;;;;;
A085-69;Q3;;;;;;;
A086-123;Q1;;;;;;;
A087-165;Q2;;;;;;;
A088-136;Q4;;;;;;;
A090-94;Q2;;;;;;;
A091-95;Q2;;;;;;;
A092-96;Q1;;;;;;;
A094-110;Q1;;;;;;;
A095-113;Q1;;;;;;;
A096-68;Q3;;;;;;;
A097-152;Q3;;;;;;;
A098-154;Q4;;;;;;;
A100-124;Q1;;;;;;;
A101-111;Q1;;;;;;;
A102-114;Q1;;;;;;;
A103-99;Q2;;;;;;;
A104-119;Q1;;;;;;;
A105-117;Q1;;;;;;;
A106-100;Q3;;;;;;;
A107-115;Q1;;;;;;;
A109-138;Q4;;;;;;;
A111-141;Q4;;;;;;;
A114-120;Q1;;;;;;;
A115-84;Q1;;;;;;;
A116-135;Q2;;;;;;;
A117-76;Q3;;;;;;;
A119-151;Q4;;;;;;;
A120-168;Q4;;;;;;;
A126-77;Q3;;;;;;;
A127-133;Q2;;;;;;;
A128-109;Q1;;;;;;;
A130-162;Q3;;;;;;;
A131-101;Q2;;;;;;;
A132-121;Q1;;;;;;;
A134-142;Q4;;;;;;;
A136-97;Q2;;;;;;;
A137-153;Q4;;;;;;;
A140-166;Q2;;;;;;;
A141-139;Q4;;;;;;;
A142-98;Q2;;;;;;;
A143-72;Q3;;;;;;;
A145-134;Q4;;;;;;;
A146-118;Q1;;;;;;;
A147-169;Q2;;;;;;;
A148-102;Q1;;;;;;;
A150-132;Q2;;;;;;;
A151-172;Q2;;;;;;;
A152-108;Q1;;;;;;;
A153-130;Q1;;;;;;;
A157-71;Q3;;;;;;;
A159-164;Q2;;;;;;;
A160-149;Q1;;;;;;;
A162;Q1;;;;;;;
A165;Q4;;;;;;;
A166;Q1;;;;;;;
A167;Q1;;;;;;;
A168;Q4;;;;;;;
A170;Q3;;;;;;;
A171;Q3;;;;;;;
A172;Q2;;;;;;;
A174;Q2;;;;;;;
A176;Q2;;;;;;;
A177;Q2;;;;;;;
A178;Q4;;;;;;;
A179;Q4;;;;;;;
A182;Q2;;;;;;;
A183;Q2;;;;;;;
A186;Q4;;;;;;;
A187;Q1;;;;;;;
A188;Q3;;;;;;;
A190;Q4;;;;;;;
A191;Q3;;;;;;;
A192;Q4;;;;;;;
A193;Q2;;;;;;;
A194;Q2;;;;;;;
A195;Q3;;;;;;;
A196;Q1;;;;;;;
A198;Q4;;;;;;;
MT0000004637;Q3;;;;;;;
MT0000008995;Q3;;;;;;;
MT0000010219;Q3;;;;;;;
MT0000010844;Q4;;;;;;;
MT0000011357;Q2;;;;;;;
MT0000011975;Q2;;;;;;;
MT0000022993;Q3;;;;;;;
MT0000026571;Q4;;;;;;;
MT0000027422;Q3;;;;;;;
MT0000027476;Q3;;;;;;;
MT0000030834;Q4;;;;;;;
MT0000031210;Q3;;;;;;;
MT0000038502;Q2;;;;;;;
MT0000040632;Q1;;;;;;;
MT0000040773;Q1;;;;;;;
MT0000042939;Q2;;;;;;;
MT0000043184;Q3;;;;;;;
MT0000044741;Q3;;;;;;;
MT0000045345;Q1;;;;;;;
MT0000048600;Q4;;;;;;;
MT0000054705;Q4;;;;;;;
MT0000059269;Q3;;;;;;;
MT0000060906;Q3;;;;;;;
MT0000062500;Q3;;;;;;;
MT0000063684;Q4;;;;;;;
MT0000066236;Q2;;;;;;;
MT0000066421;Q4;;;;;;;
MT0000074128;Q3;;;;;;;
MT0000080053;Q1;;;;;;;
MT0000082188;Q3;;;;;;;
MT0000086233;Q3;;;;;;;
MT0000088320;Q3;;;;;;;
MT0000089238;Q2;;;;;;;
MT0000089410;Q4;;;;;;;
MT0000091401;Q1;;;;;;;
MT0000091781;Q3;;;;;;;
MT0000092267;Q4;;;;;;;
MT0000092637;Q3;;;;;;;
MT0000093583;Q1;;;;;;;
MT0000095414;Q3;;;;;;;
MT0000097008;Q4;;;;;;;
MT0000097948;Q4;;;;;;;
MT0000098581;Q3;;;;;;;
MT0000103049;Q4;;;;;;;
MT0000103874;Q1;;;;;;;
MT0000104363;Q1;;;;;;;
MT0000105492;Q1;;;;;;;
MT0000110175;Q1;;;;;;;
MT0000113311;Q1;;;;;;;
MT0000117176;Q4;;;;;;;
MT0000119701;Q4;;;;;;;
MT0000119987;Q1;;;;;;;
MT0000123853;Q3;;;;;;;
MT0000124779;Q3;;;;;;;
MT0000128573;Q1;;;;;;;
MT0000133200;Q2;;;;;;;
MT0000135916;Q4;;;;;;;
MT0000144160;Q4;;;;;;;
MT0000145509;Q2;;;;;;;
MT0000146284;Q4;;;;;;;
MT0000146966;Q1;;;;;;;
MT0000147182;Q4;;;;;;;
MT0000151451;Q4;;;;;;;
MT0000151529;Q3;;;;;;;
MT0000153970;Q2;;;;;;;
MT0000162219;Q3;;;;;;;
MT0000164441;Q4;;;;;;;
MT0000169174;Q2;;;;;;;
MT0000169836;Q2;;;;;;;
MT0000171421;Q3;;;;;;;
MT0000171852;Q3;;;;;;;
MT0000174580;Q1;;;;;;;
MT0000175597;Q3;;;;;;;
MT0000177451;Q3;;;;;;;
MT0000177878;Q4;;;;;;;
MT0000185453;Q3;;;;;;;
MT0000185601;Q1;;;;;;;
MT0000186467;Q2;;;;;;;
MT0000190640;Q2;;;;;;;
MT0000192913;Q3;;;;;;;
MT0000192982;Q3;;;;;;;
MT0000195705;Q4;;;;;;;
MT0000197431;Q1;;;;;;;
MT0000202045;Q4;;;;;;;
MT0000203193;Q4;;;;;;;
MT0000203272;Q3;;;;;;;
MT0000204016;Q1;;;;;;;
MT0000214287;Q3;;;;;;;
MT0000216849;Q2;;;;;;;
MT0000218346;Q4;;;;;;;
MT0000222773;Q4;;;;;;;
MT0000225806;Q1;;;;;;;
MT0000231442;Q2;;;;;;;
MT0000231784;Q2;;;;;;;
MT0000235880;Q4;;;;;;;
MT0000245808;Q1;;;;;;;
MT0000249842;Q1;;;;;;;
MT0000252574;Q1;;;;;;;
MT0000255724;Q3;;;;;;;
MT0000258223;Q4;;;;;;;
MT0000258646;Q2;;;;;;;
MT0000265621;Q4;;;;;;;
MT0000268576;Q3;;;;;;;
MT0000270200;Q2;;;;;;;
MT0000271454;Q1;;;;;;;
MT0000271970;Q2;;;;;;;
MT0000273374;Q4;;;;;;;
MT0000277032;Q4;;;;;;;
MT0000277633;Q3;;;;;;;
MT0000283043;Q2;;;;;;;
MT0000287606;Q4;;;;;;;
MT0000287921;Q2;;;;;;;
MT0000289116;Q3;;;;;;;
MT0000292000;Q4;;;;;;;
MT0000293345;Q3;;;;;;;
MT0000299291;Q3;;;;;;;
MT0000300896;Q3;;;;;;;
MT0000302038;Q1;;;;;;;
MT0000310204;Q1;;;;;;;
MT0000312152;Q3;;;;;;;
MT0000315363;Q1;;;;;;;
MT0000315392;Q3;;;;;;;
MT0000316110;Q2;;;;;;;
MT0000318206;Q2;;;;;;;
MT0000318279;Q4;;;;;;;
MT0000320757;Q3;;;;;;;
MT0000321394;Q2;;;;;;;
MT0000321824;Q4;;;;;;;
MT0000325093;Q1;;;;;;;
MT0000335310;Q4;;;;;;;
MT0000336135;Q4;;;;;;;
MT0000348553;Q4;;;;;;;
MT0000353361;Q3;;;;;;;
MT0000357325;Q3;;;;;;;
MT0000364027;Q1;;;;;;;
MT0000369188;Q1;;;;;;;
MT0000370694;Q4;;;;;;;
MT0000379144;Q3;;;;;;;
MT0000380307;Q4;;;;;;;
MT0000380971;Q3;;;;;;;
MT0000381928;Q3;;;;;;;
MT0000391566;Q4;;;;;;;
MT0000392975;Q1;;;;;;;
MT0000398595;Q4;;;;;;;
MT0000400490;Q1;;;;;;;
MT0000401186;Q1;;;;;;;
MT0000401600;Q1;;;;;;;
MT0000408441;Q3;;;;;;;
MT0000409922;Q4;;;;;;;
MT0000413173;Q3;;;;;;;
MT0000414517;Q1;;;;;;;
MT0000419956;Q2;;;;;;;
MT0000421504;Q4;;;;;;;
MT0000425270;Q2;;;;;;;
MT0000426771;Q3;;;;;;;
MT0000426880;Q1;;;;;;;
MT0000436815;Q4;;;;;;;
MT0000441552;Q2;;;;;;;
MT0000442827;Q1;;;;;;;
MT0000446304;Q3;;;;;;;
MT0000447539;Q4;;;;;;;
MT0000456939;Q2;;;;;;;
MT0000460480;Q4;;;;;;;
MT0000463371;Q2;;;;;;;
MT0000475876;Q1;;;;;;;
MT0000481304;Q4;;;;;;;
MT0000483039;Q4;;;;;;;
MT0000487439;Q3;;;;;;;
MT0000497520;Q1;;;;;;;
MT0000515256;Q3;;;;;;;
MT0000518591;Q1;;;;;;;
MT0000522450;Q1;;;;;;;
MT0000522789;Q4;;;;;;;
MT0000522938;Q2;;;;;;;
MT0000523576;Q4;;;;;;;
MT0000524741;Q4;;;;;;;
MT0000526302;Q4;;;;;;;
MT0000526867;Q3;;;;;;;
MT0000534539;Q3;;;;;;;
MT0000540286;Q1;;;;;;;
MT0000546446;Q1;;;;;;;
MT0000547065;Q3;;;;;;;
MT0000549945;Q4;;;;;;;
MT0000550961;Q4;;;;;;;
MT0000553622;Q3;;;;;;;
MT0000556349;Q1;;;;;;;
MT0000562195;Q2;;;;;;;
MT0000567692;Q3;;;;;;;
MT0000570966;Q3;;;;;;;
MT0000576231;Q2;;;;;;;
MT0000581530;Q1;;;;;;;
MT0000595581;Q4;;;;;;;
MT0000599398;Q4;;;;;;;
MT0000603187;Q3;;;;;;;
MT0000603561;Q3;;;;;;;
MT0000604234;Q2;;;;;;;
MT0000615489;Q1;;;;;;;
MT0000619767;Q3;;;;;;;
MT0000620635;Q4;;;;;;;
MT0000621840;Q1;;;;;;;
MT0000630628;Q4;;;;;;;
MT0000631491;Q4;;;;;;;
MT0000633351;Q4;;;;;;;
MT0000636335;Q4;;;;;;;
MT0000638424;Q4;;;;;;;
MT0000638634;Q4;;;;;;;
MT0000642549;Q2;;;;;;;
MT0000643201;Q3;;;;;;;
MT0000647818;Q4;;;;;;;
MT0000652082;Q4;;;;;;;
MT0000661250;Q3;;;;;;;
MT0000661847;Q4;;;;;;;
MT0000664362;Q1;;;;;;;
MT0000666429;Q2;;;;;;;
MT0000670865;Q4;;;;;;;
MT0000672880;Q1;;;;;;;
MT0000685324;Q3;;;;;;;
MT0000685538;Q3;;;;;;;
MT0000685552;Q3;;;;;;;
MT0000688115;Q3;;;;;;;
MT0000688312;Q3;;;;;;;
MT0000694316;Q2;;;;;;;
MT0000698081;Q4;;;;;;;
MT0000704913;Q1;;;;;;;
MT0000707663;Q4;;;;;;;
MT0000712071;Q1;;;;;;;
MT0000712316;Q1;;;;;;;
MT0000714708;Q1;;;;;;;
MT0000716124;Q1;;;;;;;
MT0000720686;Q3;;;;;;;
MT0000721873;Q1;;;;;;;
MT0000723464;Q4;;;;;;;
MT0000724357;Q2;;;;;;;
MT0000727738;Q3;;;;;;;
MT0000732821;Q2;;;;;;;
MT0000734482;Q4;;;;;;;
MT0000735056;Q2;;;;;;;
MT0000741489;Q2;;;;;;;
MT0000744293;Q2;;;;;;;
MT0000746822;Q4;;;;;;;
MT0000747666;Q3;;;;;;;
MT0000753074;Q4;;;;;;;
MT0000754511;Q4;;;;;;;
MT0000762097;Q4;;;;;;;
MT0000763275;Q3;;;;;;;
MT0000764951;Q3;;;;;;;
MT0000766316;Q1;;;;;;;
MT0000772749;Q1;;;;;;;
MT0000773391;Q1;;;;;;;
MT0000775053;Q4;;;;;;;
MT0000776108;Q3;;;;;;;
MT0000778102;Q2;;;;;;;
MT0000780401;Q3;;;;;;;
MT0000783307;Q2;;;;;;;
MT0000789330;Q2;;;;;;;
MT0000793161;Q4;;;;;;;
MT0000796526;Q3;;;;;;;
MT0000805883;Q4;;;;;;;
MT0000807741;Q1;;;;;;;
MT0000808227;Q2;;;;;;;
MT0000811092;Q4;;;;;;;
MT0000811743;Q3;;;;;;;
MT0000825920;Q4;;;;;;;
MT0000829531;Q2;;;;;;;
MT0000829765;Q3;;;;;;;
MT0000832464;Q3;;;;;;;
MT0000834505;Q2;;;;;;;
MT0000848769;Q4;;;;;;;
MT0000850050;Q3;;;;;;;
MT0000850957;Q2;;;;;;;
MT0000851865;Q1;;;;;;;
MT0000852582;Q2;;;;;;;
MT0000853072;Q3;;;;;;;
MT0000854722;Q1;;;;;;;
MT0000857091;Q3;;;;;;;
MT0000863232;Q4;;;;;;;
MT0000863543;Q1;;;;;;;
MT0000871290;Q1;;;;;;;
MT0000874482;Q2;;;;;;;
MT0000875199;Q3;;;;;;;
MT0000875520;Q1;;;;;;;
MT0000886390;Q1;;;;;;;
MT0000886723;Q3;;;;;;;
MT0000888329;Q4;;;;;;;
MT0000889229;Q3;;;;;;;
MT0000892306;Q2;;;;;;;
MT0000895003;Q2;;;;;;;
MT0000895905;Q4;;;;;;;
MT0000897883;Q1;;;;;;;
MT0000900387;Q2;;;;;;;
MT0000900995;Q4;;;;;;;
MT0000901959;Q4;;;;;;;
MT0000903225;Q4;;;;;;;
MT0000906888;Q4;;;;;;;
MT0000910270;Q2;;;;;;;
MT0000913916;Q4;;;;;;;
MT0000920227;Q4;;;;;;;
MT0000927561;Q2;;;;;;;
MT0000931402;Q3;;;;;;;
MT0000934613;Q2;;;;;;;
MT0000936370;Q1;;;;;;;
MT0000941301;Q3;;;;;;;
MT0000945118;Q4;;;;;;;
MT0000948111;Q1;;;;;;;
MT0000949813;Q3;;;;;;;
MT0000950090;Q3;;;;;;;
MT0000954088;Q1;;;;;;;
MT0000956340;Q2;;;;;;;
MT0000971834;Q2;;;;;;;
MT0000972004;Q2;;;;;;;
MT0000980148;Q4;;;;;;;
MT0000982297;Q1;;;;;;;
MT0000984023;Q2;;;;;;;
MT0000992846;Q1;;;;;;;
MT0001016068;Q3;;;;;;;
MT0001020011;Q4;;;;;;;
MT0001026170;Q1;;;;;;;
MT0001030436;Q3;;;;;;;
MT0001032211;Q4;;;;;;;
MT0001035786;Q3;;;;;;;
MT0001042055;Q4;;;;;;;
MT0001043721;Q2;;;;;;;
MT0001051344;Q4;;;;;;;
MT0001052263;Q3;;;;;;;
MT0001053268;Q1;;;;;;;
MT0001057748;Q4;;;;;;;
MT0001058887;Q4;;;;;;;
MT0001062700;Q3;;;;;;;
MT0001062974;Q2;;;;;;;
MT0001068364;Q3;;;;;;;
MT0001069996;Q4;;;;;;;
MT0001082164;Q1;;;;;;;
MT0001084055;Q4;;;;;;;
MT0001084444;Q1;;;;;;;
MT0001094338;Q4;;;;;;;
MT0001095298;Q3;;;;;;;
MT0001098562;Q2;;;;;;;
MT0001101467;Q2;;;;;;;
MT0001102610;Q3;;;;;;;
MT0001104467;Q3;;;;;;;
MT0001106114;Q4;;;;;;;
MT0001108070;Q4;;;;;;;
MT0001109401;Q4;;;;;;;
MT0001115644;Q3;;;;;;;
MT0001116511;Q2;;;;;;;
MT0001117815;Q1;;;;;;;
MT0001121577;Q4;;;;;;;
MT0001134958;Q3;;;;;;;
MT0001137053;Q3;;;;;;;
MT0001144930;Q4;;;;;;;
MT0001152165;Q4;;;;;;;
MT0001152664;Q3;;;;;;;
MT0001153847;Q1;;;;;;;
MT0001156310;Q3;;;;;;;
MT0001157069;Q3;;;;;;;
MT0001168323;Q4;;;;;;;
MT0001169715;Q1;;;;;;;
MT0001183783;Q4;;;;;;;
MT0001189913;Q1;;;;;;;
MT0001193202;Q2;;;;;;;
MT0001193331;Q1;;;;;;;
MT0001193971;Q3;;;;;;;
MT0001194164;Q3;;;;;;;
MT0001195535;Q4;;;;;;;
MT0001202986;Q1;;;;;;;
MT0001217651;Q1;;;;;;;
MT0001227219;Q4;;;;;;;
MT0001230193;Q2;;;;;;;
MT0001230298;Q3;;;;;;;
MT0001243097;Q4;;;;;;;
MT0001243566;Q1;;;;;;;
MT0001253889;Q3;;;;;;;
MT0001256033;Q3;;;;;;;
MT0001265984;Q3;;;;;;;
MT0001266436;Q3;;;;;;;
MT0001267997;Q4;;;;;;;
MT0001276044;Q2;;;;;;;
MT0001277283;Q3;;;;;;;
MT0001284282;Q1;;;;;;;
MT0001284801;Q3;;;;;;;
MT0001287647;Q2;;;;;;;
MT0001289749;Q1;;;;;;;
MT0001292451;Q1;;;;;;;
MT0001297031;Q3;;;;;;;
MT0001298241;Q3;;;;;;;
MT0001301827;Q4;;;;;;;
MT0001302466;Q3;;;;;;;
MT0001305231;Q4;;;;;;;
MT0001305550;Q3;;;;;;;
MT0001309422;Q3;;;;;;;
MT0001313815;Q4;;;;;;;
MT0001318718;Q1;;;;;;;
MT0001321861;Q2;;;;;;;
MT0001323755;Q4;;;;;;;
MT0001323890;Q3;;;;;;;
MT0001328889;Q2;;;;;;;
MT0001331047;Q3;;;;;;;
MT0001332899;Q3;;;;;;;
MT0001333258;Q2;;;;;;;
MT0001335920;Q1;;;;;;;
MT0001339839;Q3;;;;;;;
MT0001340527;Q3;;;;;;;
MT0001347462;Q4;;;;;;;
MT0001353828;Q2;;;;;;;
MT0001356476;Q1;;;;;;;
MT0001356637;Q3;;;;;;;
MT0001361436;Q2;;;;;;;
MT0001362313;Q3;;;;;;;
MT0001368531;Q4;;;;;;;
MT0001369981;Q3;;;;;;;
MT0001370627;Q4;;;;;;;
MT0001372070;Q3;;;;;;;
MT0001376988;Q2;;;;;;;
MT0001377616;Q4;;;;;;;
MT0001377742;Q2;;;;;;;
MT0001380360;Q2;;;;;;;
MT0001383277;Q2;;;;;;;
MT0001385947;Q3;;;;;;;
MT0001394087;Q4;;;;;;;
MT0001395462;Q3;;;;;;;
MT0001397431;Q2;;;;;;;
MT0001404677;Q3;;;;;;;
MT0001417252;Q4;;;;;;;
MT0001418045;Q1;;;;;;;
MT0001435061;Q3;;;;;;;
MT0001436086;Q4;;;;;;;
MT0001438043;Q4;;;;;;;
MT0001440624;Q3;;;;;;;
MT0001453285;Q3;;;;;;;
MT0001463745;Q4;;;;;;;
MT0001472536;Q3;;;;;;;
MT0001473110;Q2;;;;;;;
MT0001473158;Q2;;;;;;;
MT0001474073;Q3;;;;;;;
MT0001477169;Q4;;;;;;;
MT0001486960;Q1;;;;;;;
MT0001494267;Q3;;;;;;;
MT0001494812;Q4;;;;;;;
MT0001497191;Q1;;;;;;;
MT0001497786;Q3;;;;;;;
MT0001504929;Q1;;;;;;;
MT0001509368;Q1;;;;;;;
MT0001509615;Q3;;;;;;;
MT0001510617;Q2;;;;;;;
MT0001511433;Q4;;;;;;;
MT0001514284;Q1;;;;;;;
MT0001515028;Q4;;;;;;;
MT0001515531;Q3;;;;;;;
MT0001518335;Q3;;;;;;;
MT0001520918;Q4;;;;;;;
MT0001521543;Q1;;;;;;;
MT0001523435;Q3;;;;;;;
MT0001526386;Q3;;;;;;;
MT0001526514;Q1;;;;;;;
MT0001528638;Q4;;;;;;;
MT0001531856;Q1;;;;;;;
MT0001531906;Q4;;;;;;;
MT0001533920;Q3;;;;;;;
MT0001542457;Q2;;;;;;;
MT0001542676;Q3;;;;;;;
MT0001547111;Q3;;;;;;;
MT0001548914;Q3;;;;;;;
MT0001553573;Q2;;;;;;;
MT0001554870;Q2;;;;;;;
MT0001566152;Q3;;;;;;;
MT0001574245;Q1;;;;;;;
MT0001578777;Q2;;;;;;;
MT0001583214;Q2;;;;;;;
MT0001586807;Q1;;;;;;;
MT0001590201;Q2;;;;;;;
MT0001590644;Q2;;;;;;;
MT0001594582;Q4;;;;;;;
MT0001595082;Q2;;;;;;;
MT0001598707;Q3;;;;;;;
MT0001605268;Q1;;;;;;;
MT0001608499;Q3;;;;;;;
MT0001609615;Q4;;;;;;;
MT0001609626;Q1;;;;;;;
MT0001610102;Q1;;;;;;;
MT0001610914;Q3;;;;;;;
MT0001613887;Q2;;;;;;;
MT0001615005;Q2;;;;;;;
MT0001615082;Q4;;;;;;;
MT0001616074;Q2;;;;;;;
MT0001624303;Q4;;;;;;;
MT0001634305;Q3;;;;;;;
MT0001638394;Q4;;;;;;;
MT0001639011;Q1;;;;;;;
MT0001641165;Q2;;;;;;;
MT0001641166;Q2;;;;;;;
MT0001641430;Q3;;;;;;;
MT0001642019;Q2;;;;;;;
MT0001644811;Q4;;;;;;;
MT0001646256;Q3;;;;;;;
MT0001648703;Q2;;;;;;;
MT0001653728;Q4;;;;;;;
MT0001658982;Q3;;;;;;;
MT0001661022;Q4;;;;;;;
MT0001667621;Q4;;;;;;;
MT0001671399;Q1;;;;;;;
MT0001673884;Q3;;;;;;;
MT0001676671;Q4;;;;;;;
MT0001680969;Q1;;;;;;;
MT0001696863;Q1;;;;;;;
MT0001699798;Q4;;;;;;;
MT0001701648;Q1;;;;;;;
MT0001703346;Q1;;;;;;;
MT0001710592;Q2;;;;;;;
MT0001729778;Q4;;;;;;;
MT0001732928;Q4;;;;;;;
MT0001738256;Q2;;;;;;;
MT0001741017;Q1;;;;;;;
MT0001742519;Q3;;;;;;;
MT0001747053;Q3;;;;;;;
MT0001757676;Q1;;;;;;;
MT0001760172;Q3;;;;;;;
MT0001765726;Q4;;;;;;;
MT0001766004;Q2;;;;;;;
MT0001768550;Q4;;;;;;;
MT0001770136;Q1;;;;;;;
MT0001779167;Q2;;;;;;;
MT0001795697;Q1;;;;;;;
MT0001801454;Q2;;;;;;;
MT0001810607;Q3;;;;;;;
MT0001829666;Q1;;;;;;;
MT0001831738;Q1;;;;;;;
MT0001832838;Q4;;;;;;;
MT0001835551;Q2;;;;;;;
MT0001839466;Q3;;;;;;;
MT0001841416;Q3;;;;;;;
MT0001844620;Q3;;;;;;;
MT0001852290;Q2;;;;;;;
MT0001853221;Q3;;;;;;;
MT0001855865;Q1;;;;;;;
MT0001862892;Q3;;;;;;;
MT0001868336;Q3;;;;;;;
MT0001870847;Q4;;;;;;;
MT0001871732;Q3;;;;;;;
MT0001877603;Q4;;;;;;;
MT0001889075;Q2;;;;;;;
MT0001889244;Q1;;;;;;;
MT0001891229;Q2;;;;;;;
MT0001891260;Q3;;;;;;;
MT0001898830;Q1;;;;;;;
MT0001899447;Q3;;;;;;;
MT0001899867;Q1;;;;;;;
MT0001910188;Q3;;;;;;;
MT0001916989;Q2;;;;;;;
MT0001920501;Q3;;;;;;;
MT0001927015;Q1;;;;;;;
MT0001927474;Q4;;;;;;;
MT0001927746;Q2;;;;;;;
MT0001927921;Q2;;;;;;;
MT0001929641;Q3;;;;;;;
MT0001934410;Q2;;;;;;;
MT0001934436;Q3;;;;;;;
MT0001934726;Q3;;;;;;;
MT0001938929;Q2;;;;;;;
MT0001942272;Q4;;;;;;;
MT0001943830;Q4;;;;;;;
MT0001949173;Q4;;;;;;;
MT0001952167;Q3;;;;;;;
MT0001954919;Q4;;;;;;;
MT0001962373;Q2;;;;;;;
MT0001963447;Q2;;;;;;;
MT0001967374;Q3;;;;;;;
MT0001967655;Q4;;;;;;;
MT0001972380;Q3;;;;;;;
MT0001972829;Q3;;;;;;;
MT0001974130;Q2;;;;;;;
MT0001978806;Q2;;;;;;;
MT0001980613;Q4;;;;;;;
MT0001982863;Q3;;;;;;;
MT0001988811;Q3;;;;;;;
MT0001992879;Q2;;;;;;;
MT0001993588;Q2;;;;;;;
MT0001993943;Q2;;;;;;;
MT0002006203;Q3;;;;;;;
MT0002006862;Q1;;;;;;;
MT0002007417;Q3;;;;;;;
MT0002012491;Q2;;;;;;;
MT0002014752;Q4;;;;;;;
MT0002024101;Q2;;;;;;;
MT0002024741;Q4;;;;;;;
MT0002033217;Q3;;;;;;;
MT0002034238;Q1;;;;;;;
MT0002050671;Q2;;;;;;;
MT0002052101;Q1;;;;;;;
MT0002053300;Q1;;;;;;;
MT0002054074;Q4;;;;;;;
MT0002057142;Q3;;;;;;;
MT0002060109;Q3;;;;;;;
MT0002068648;Q1;;;;;;;
MT0002070112;Q3;;;;;;;
MT0002071907;Q3;;;;;;;
MT0002078701;Q1;;;;;;;
MT0002086401;Q3;;;;;;;
MT0002087541;Q3;;;;;;;
MT0002088249;Q1;;;;;;;
MT0002099419;Q2;;;;;;;
MT0002113056;Q1;;;;;;;
MT0002119439;Q1;;;;;;;
MT0002124238;Q4;;;;;;;
MT0002126934;Q3;;;;;;;
MT0002131125;Q2;;;;;;;
MT0002132088;Q4;;;;;;;
MT0002139311;Q1;;;;;;;
MT0002142155;Q3;;;;;;;
MT0002156561;Q1;;;;;;;
MT0002161109;Q1;;;;;;;
MT0002169629;Q2;;;;;;;
MT0002177145;Q1;;;;;;;
MT0002179342;Q1;;;;;;;
MT0002193996;Q4;;;;;;;
MT0002203952;Q3;;;;;;;
MT0002216668;Q4;;;;;;;
MT0002218376;Q2;;;;;;;
MT0002219036;Q4;;;;;;;
MT0002219182;Q1;;;;;;;
MT0002222944;Q2;;;;;;;
MT0002222957;Q1;;;;;;;
MT0002225477;Q2;;;;;;;
MT0002233402;Q3;;;;;;;
MT0002238737;Q4;;;;;;;
MT0002239079;Q2;;;;;;;
MT0002242128;Q1;;;;;;;
MT0002249354;Q4;;;;;;;
MT0002250135;Q3;;;;;;;
MT0002252353;Q2;;;;;;;
MT0002262181;Q1;;;;;;;
MT0002272314;Q2;;;;;;;
MT0002277261;Q3;;;;;;;
MT0002291660;Q2;;;;;;;
MT0002294387;Q1;;;;;;;
MT0002298774;Q2;;;;;;;
MT0002307435;Q3;;;;;;;
MT0002308313;Q4;;;;;;;
MT0002308613;Q1;;;;;;;
MT0002316145;Q2;;;;;;;
MT0002323154;Q1;;;;;;;
MT0002325544;Q3;;;;;;;
MT0002325863;Q1;;;;;;;
MT0002327429;Q4;;;;;;;
MT0002336535;Q3;;;;;;;
MT0002337555;Q2;;;;;;;
MT0002342346;Q2;;;;;;;
MT0002343207;Q1;;;;;;;
MT0002347246;Q1;;;;;;;
MT0002349114;Q4;;;;;;;
MT0002351905;Q1;;;;;;;
MT0002355423;Q4;;;;;;;
MT0002359628;Q4;;;;;;;
MT0002360219;Q1;;;;;;;
MT0002362108;Q1;;;;;;;
MT0002366291;Q1;;;;;;;
MT0002371970;Q4;;;;;;;
MT0002372242;Q2;;;;;;;
MT0002379222;Q3;;;;;;;
MT0002379942;Q2;;;;;;;
MT0002385077;Q2;;;;;;;
MT0002390941;Q3;;;;;;;
MT0002396250;Q2;;;;;;;
MT0002397625;Q4;;;;;;;
MT0002399275;Q2;;;;;;;
MT0002415184;Q2;;;;;;;
MT0002438908;Q4;;;;;;;
MT0002448379;Q4;;;;;;;
MT0002460914;Q2;;;;;;;
MT0002472723;Q1;;;;;;;
MT0002472801;Q4;;;;;;;
MT0002477987;Q3;;;;;;;
MT0002479795;Q2;;;;;;;
MT0002485672;Q3;;;;;;;
MT0002500878;Q2;;;;;;;
MT0002506076;Q1;;;;;;;
MT0002510318;Q3;;;;;;;
MT0002515172;Q4;;;;;;;
MT0002525905;Q1;;;;;;;
MT0002532237;Q1;;;;;;;
MT0002536460;Q3;;;;;;;
MT0002538335;Q1;;;;;;;
MT0002541988;Q4;;;;;;;
MT0002548231;Q1;;;;;;;
MT0002549047;Q3;;;;;;;
MT0002549944;Q2;;;;;;;
MT0002573253;Q3;;;;;;;
MT0002580064;Q3;;;;;;;
MT0002585767;Q3;;;;;;;
MT0002591418;Q4;;;;;;;
MT0002595792;Q1;;;;;;;
MT0002602057;Q2;;;;;;;
MT0002604697;Q3;;;;;;;
MT0002619035;Q4;;;;;;;
MT0002621498;Q2;;;;;;;
MT0002628272;Q1;;;;;;;
MT0002634024;Q3;;;;;;;
MT0002638821;Q4;;;;;;;
MT0002645049;Q1;;;;;;;
MT0002653551;Q4;;;;;;;
MT0002655864;Q2;;;;;;;
MT0002659854;Q4;;;;;;;
MT0002672499;Q1;;;;;;;
MT0002675791;Q4;;;;;;;
MT0002698706;Q1;;;;;;;
MT0002698827;Q4;;;;;;;
MT0002699966;Q1;;;;;;;
MT0002700026;Q1;;;;;;;
MT0002701422;Q2;;;;;;;
MT0002709704;Q1;;;;;;;
MT0002711792;Q2;;;;;;;
MT0002714093;Q3;;;;;;;
MT0002716927;Q4;;;;;;;
MT0002737189;Q2;;;;;;;
MT0002739845;Q2;;;;;;;
MT0002760912;Q3;;;;;;;
MT0002761408;Q2;;;;;;;
MT0002762445;Q1;;;;;;;
MT0002771537;Q3;;;;;;;
MT0002772535;Q2;;;;;;;
MT0002784741;Q3;;;;;;;
MT0002794078;Q1;;;;;;;
MT0002803746;Q4;;;;;;;
MT0002810052;Q2;;;;;;;
MT0002840704;Q1;;;;;;;
MT0002842988;Q2;;;;;;;
MT0002844771;Q3;;;;;;;
MT0002846256;Q4;;;;;;;
MT0002858390;Q4;;;;;;;
MT0002859848;Q4;;;;;;;
MT0002874481;Q3;;;;;;;
MT0002874900;Q2;;;;;;;
MT0002875103;Q2;;;;;;;
MT0002885173;Q1;;;;;;;
MT0002889321;Q2;;;;;;;
MT0002894033;Q1;;;;;;;
MT0002894943;Q2;;;;;;;
MT0002903697;Q4;;;;;;;
MT0002905185;Q3;;;;;;;
MT0002907679;Q1;;;;;;;
MT0002908894;Q1;;;;;;;
MT0002909109;Q1;;;;;;;
MT0002915967;Q3;;;;;;;
MT0002920876;Q4;;;;;;;
MT0002928993;Q3;;;;;;;
MT0002939380;Q2;;;;;;;
MT0002949712;Q2;;;;;;;
MT0002951872;Q1;;;;;;;
MT0002954708;Q2;;;;;;;
MT0002955901;Q2;;;;;;;
MT0002960288;Q4;;;;;;;
MT0002962258;Q1;;;;;;;
MT0002965366;Q3;;;;;;;
MT0002969144;Q4;;;;;;;
MT0002973571;Q4;;;;;;;
MT0002980543;Q4;;;;;;;
MT0002986568;Q3;;;;;;;
MT0002999366;Q1;;;;;;;
MT0003008724;Q2;;;;;;;
MT0003012633;Q4;;;;;;;
MT0003017303;Q4;;;;;;;
MT0003019852;Q2;;;;;;;
MT0003022328;Q4;;;;;;;
MT0003023886;Q2;;;;;;;
MT0003025046;Q4;;;;;;;
MT0003025373;Q1;;;;;;;
MT0003025883;Q4;;;;;;;
MT0003028265;Q4;;;;;;;
MT0003037596;Q3;;;;;;;
MT0003037754;Q3;;;;;;;
MT0003041246;Q2;;;;;;;
MT0003044417;Q1;;;;;;;
MT0003053135;Q3;;;;;;;
MT0003072479;Q3;;;;;;;
MT0003081304;Q4;;;;;;;
MT0003081888;Q4;;;;;;;
MT0003085195;Q2;;;;;;;
MT0003085925;Q1;;;;;;;
MT0003094118;Q2;;;;;;;
MT0003097486;Q2;;;;;;;
MT0003101727;Q3;;;;;;;
MT0003102331;Q4;;;;;;;
MT0003105414;Q3;;;;;;;
MT0003106472;Q2;;;;;;;
MT0003109823;Q3;;;;;;;
MT0003114552;Q3;;;;;;;
MT0003117846;Q2;;;;;;;
MT0003119681;Q4;;;;;;;
MT0003124476;Q2;;;;;;;
MT0003129858;Q3;;;;;;;
MT0003131369;Q1;;;;;;;
MT0003131435;Q1;;;;;;;
MT0003136077;Q2;;;;;;;
MT0003144898;Q1;;;;;;;
MT0003146944;Q4;;;;;;;
MT0003148189;Q4;;;;;;;
MT0003149291;Q1;;;;;;;
MT0003150748;Q3;;;;;;;
MT0003163405;Q4;;;;;;;
MT0003170370;Q1;;;;;;;
MT0003175531;Q1;;;;;;;
MT0003179818;Q4;;;;;;;
MT0003189593;Q1;;;;;;;
MT0003189890;Q3;;;;;;;
MT0003209662;Q2;;;;;;;
MT0003213617;Q4;;;;;;;
MT0003213835;Q1;;;;;;;
MT0003216840;Q1;;;;;;;
MT0003224500;Q2;;;;;;;
MT0003228768;Q4;;;;;;;
MT0003237550;Q2;;;;;;;
MT0003246728;Q1;;;;;;;
MT0003248394;Q1;;;;;;;
MT0003262589;Q2;;;;;;;
MT0003263304;Q3;;;;;;;
MT0003264792;Q4;;;;;;;
MT0003272751;Q1;;;;;;;
MT0003272904;Q3;;;;;;;
MT0003274067;Q3;;;;;;;
MT0003280103;Q4;;;;;;;
MT0003285450;Q1;;;;;;;
MT0003286463;Q1;;;;;;;
MT0003287170;Q4;;;;;;;
MT0003287931;Q4;;;;;;;
MT0003294608;Q2;;;;;;;
MT0003300388;Q3;;;;;;;
MT0003304271;Q4;;;;;;;
MT0003309945;Q2;;;;;;;
MT0003311798;Q2;;;;;;;
MT0003315880;Q2;;;;;;;
MT0003320924;Q3;;;;;;;
MT0003326925;Q2;;;;;;;
MT0003328491;Q3;;;;;;;
MT0003329820;Q1;;;;;;;
MT0003336370;Q3;;;;;;;
MT0003336800;Q2;;;;;;;
MT0003337396;Q2;;;;;;;
MT0003343422;Q3;;;;;;;
MT0003344002;Q3;;;;;;;
MT0003345751;Q2;;;;;;;
MT0003349423;Q2;;;;;;;
MT0003352308;Q3;;;;;;;
MT0003353602;Q2;;;;;;;
MT0003353794;Q3;;;;;;;
MT0003354468;Q4;;;;;;;
MT0003361206;Q1;;;;;;;
MT0003362542;Q3;;;;;;;
MT0003362617;Q3;;;;;;;
MT0003366948;Q4;;;;;;;
MT0003367947;Q3;;;;;;;
MT0003382050;Q4;;;;;;;
MT0003389088;Q4;;;;;;;
MT0003390733;Q1;;;;;;;
MT0003396470;Q3;;;;;;;
MT0003402178;Q4;;;;;;;
MT0003402538;Q3;;;;;;;
MT0003402994;Q1;;;;;;;
MT0003410384;Q4;;;;;;;
MT0003420996;Q3;;;;;;;
MT0003421433;Q4;;;;;;;
MT0003428477;Q4;;;;;;;
MT0003435704;Q3;;;;;;;
MT0003440957;Q1;;;;;;;
MT0003442366;Q2;;;;;;;
MT0003444822;Q2;;;;;;;
MT0003454112;Q4;;;;;;;
MT0003462877;Q2;;;;;;;
MT0003473344;Q4;;;;;;;
MT0003475707;Q4;;;;;;;
MT0003482336;Q2;;;;;;;
MT0003496132;Q2;;;;;;;
MT0003501434;Q3;;;;;;;
MT0003501456;Q1;;;;;;;
MT0003503243;Q2;;;;;;;
MT0003504525;Q3;;;;;;;
MT0003510796;Q4;;;;;;;
MT0003517837;Q4;;;;;;;
MT0003530174;Q3;;;;;;;
MT0003536193;Q1;;;;;;;
MT0003539442;Q2;;;;;;;
MT0003542756;Q3;;;;;;;
MT0003570082;Q1;;;;;;;
MT0003585530;Q4;;;;;;;
MT0003587042;Q2;;;;;;;
MT0003594672;Q1;;;;;;;
MT0003597979;Q4;;;;;;;
MT0003601752;Q3;;;;;;;
MT0003603497;Q4;;;;;;;
MT0003603772;Q1;;;;;;;
MT0003612742;Q2;;;;;;;
MT0003617309;Q1;;;;;;;
MT0003629164;Q4;;;;;;;
MT0003630870;Q2;;;;;;;
MT0003649209;Q1;;;;;;;
MT0003655811;Q3;;;;;;;
MT0003655884;Q4;;;;;;;
MT0003659365;Q2;;;;;;;
MT0003663435;Q1;;;;;;;
MT0003669917;Q1;;;;;;;
MT0003688494;Q4;;;;;;;
MT0003703624;Q3;;;;;;;
MT0003710207;Q4;;;;;;;
MT0003728288;Q2;;;;;;;
MT0003729518;Q1;;;;;;;
MT0003732702;Q4;;;;;;;
MT0003740052;Q4;;;;;;;
MT0003748227;Q3;;;;;;;
MT0003753139;Q4;;;;;;;
MT0003759483;Q4;;;;;;;
MT0003762220;Q4;;;;;;;
MT0003762339;Q2;;;;;;;
MT0003768949;Q1;;;;;;;
MT0003770678;Q4;;;;;;;
MT0003774577;Q2;;;;;;;
MT0003782002;Q2;;;;;;;
MT0003787478;Q2;;;;;;;
MT0003788939;Q1;;;;;;;
MT0003791678;Q1;;;;;;;
MT0003792475;Q3;;;;;;;
MT0003795778;Q1;;;;;;;
MT0003796752;Q1;;;;;;;
MT0003799339;Q3;;;;;;;
MT0003807077;Q2;;;;;;;
MT0003808089;Q3;;;;;;;
MT0003821577;Q2;;;;;;;
MT0003837569;Q2;;;;;;;
MT0003859252;Q2;;;;;;;
MT0003861331;Q4;;;;;;;
MT0003863509;Q3;;;;;;;
MT0003868349;Q4;;;;;;;
MT0003868390;Q4;;;;;;;
MT0003869539;Q1;;;;;;;
MT0003872021;Q3;;;;;;;
MT0003878494;Q3;;;;;;;
MT0003880691;Q2;;;;;;;
MT0003881997;Q2;;;;;;;
MT0003895439;Q3;;;;;;;
MT0003898980;Q4;;;;;;;
MT0003903675;Q1;;;;;;;
MT0003906833;Q1;;;;;;;
MT0003907045;Q3;;;;;;;
MT0003909053;Q3;;;;;;;
MT0003909575;Q4;;;;;;;
MT0003917550;Q1;;;;;;;
MT0003922883;Q4;;;;;;;
MT0003930610;Q3;;;;;;;
MT0003934644;Q1;;;;;;;
MT0003935299;Q4;;;;;;;
MT0003935485;Q3;;;;;;;
MT0003942985;Q3;;;;;;;
MT0003949060;Q1;;;;;;;
MT0003956612;Q4;;;;;;;
MT0003965796;Q1;;;;;;;
MT0003968586;Q2;;;;;;;
MT0003970870;Q3;;;;;;;
MT0003974181;Q3;;;;;;;
MT0003979876;Q2;;;;;;;
MT0004001276;Q3;;;;;;;
MT0004001989;Q1;;;;;;;
MT0004012938;Q2;;;;;;;
MT0004016308;Q1;;;;;;;
MT0004020993;Q1;;;;;;;
MT0004025604;Q2;;;;;;;
MT0004027946;Q2;;;;;;;
MT0004028719;Q2;;;;;;;
MT0004032071;Q1;;;;;;;
MT0004033010;Q1;;;;;;;
MT0004034604;Q1;;;;;;;
MT0004036096;Q4;;;;;;;
MT0004037272;Q1;;;;;;;
MT0004068560;Q2;;;;;;;
MT0004071684;Q3;;;;;;;
MT0004072079;Q2;;;;;;;
MT0004073991;Q2;;;;;;;
MT0004082588;Q3;;;;;;;
MT0004085907;Q2;;;;;;;
MT0004087145;Q2;;;;;;;
MT0004089549;Q4;;;;;;;
MT0004091857;Q1;;;;;;;
MT0004093767;Q4;;;;;;;
MT0004098601;Q4;;;;;;;
MT0004113262;Q1;;;;;;;
MT0004117319;Q3;;;;;;;
MT0004122617;Q1;;;;;;;
MT0004131058;Q3;;;;;;;
MT0004131260;Q3;;;;;;;
MT0004137658;Q2;;;;;;;
MT0004139859;Q3;;;;;;;
MT0004141823;Q1;;;;;;;
MT0004156130;Q4;;;;;;;
MT0004180568;Q4;;;;;;;
MT0004184616;Q3;;;;;;;
MT0004186970;Q2;;;;;;;
MT0004194402;Q3;;;;;;;
MT0004197514;Q2;;;;;;;
MT0004212108;Q3;;;;;;;
MT0004219321;Q4;;;;;;;
MT0004230500;Q1;;;;;;;
MT0004232099;Q3;;;;;;;
MT0004240748;Q2;;;;;;;
MT0004254228;Q2;;;;;;;
MT0004256890;Q4;;;;;;;
MT0004260672;Q1;;;;;;;
MT0004262978;Q4;;;;;;;
MT0004263301;Q3;;;;;;;
MT0004263956;Q3;;;;;;;
MT0004269670;Q3;;;;;;;
MT0004274911;Q4;;;;;;;
MT0004287283;Q3;;;;;;;
MT0004290389;Q3;;;;;;;
MT0004293364;Q2;;;;;;;
MT0004296158;Q3;;;;;;;
MT0004301925;Q1;;;;;;;
MT0004306521;Q4;;;;;;;
MT0004316859;Q2;;;;;;;
MT0004317784;Q3;;;;;;;
MT0004337195;Q1;;;;;;;
MT0004338270;Q1;;;;;;;
MT0004339430;Q1;;;;;;;
MT0004342301;Q3;;;;;;;
MT0004343785;Q3;;;;;;;
MT0004352104;Q3;;;;;;;
MT0004352726;Q4;;;;;;;
MT0004362464;Q1;;;;;;;
MT0004362501;Q4;;;;;;;
MT0004392421;Q1;;;;;;;
MT0004395306;Q4;;;;;;;
MT0004397754;Q3;;;;;;;
MT0004400843;Q3;;;;;;;
MT0004414074;Q2;;;;;;;
MT0004422924;Q1;;;;;;;
MT0004425744;Q1;;;;;;;
MT0004428604;Q1;;;;;;;
MT0004440606;Q3;;;;;;;
MT0004444570;Q1;;;;;;;
MT0004447086;Q2;;;;;;;
MT0004447226;Q1;;;;;;;
MT0004459450;Q2;;;;;;;
MT0004469135;Q1;;;;;;;
MT0004476235;Q3;;;;;;;
MT0004485367;Q3;;;;;;;
MT0004489039;Q3;;;;;;;
MT0004497478;Q2;;;;;;;
MT0004500770;Q3;;;;;;;
MT0004506984;Q1;;;;;;;
MT0004511265;Q2;;;;;;;
MT0004512063;Q2;;;;;;;
MT0004514306;Q3;;;;;;;
MT0004525980;Q4;;;;;;;
MT0004537445;Q4;;;;;;;
MT0004537620;Q3;;;;;;;
MT0004540242;Q4;;;;;;;
MT0004542745;Q4;;;;;;;
MT0004548391;Q3;;;;;;;
MT0004548595;Q1;;;;;;;
MT0004550434;Q2;;;;;;;
MT0004550458;Q4;;;;;;;
MT0004551480;Q1;;;;;;;
MT0004558203;Q2;;;;;;;
MT0004558461;Q2;;;;;;;
MT0004567504;Q4;;;;;;;
MT0004584064;Q4;;;;;;;
MT0004588191;Q1;;;;;;;
MT0004609722;Q3;;;;;;;
MT0004625127;Q3;;;;;;;
MT0004633915;Q4;;;;;;;
MT0004643275;Q4;;;;;;;
MT0004645468;Q2;;;;;;;
MT0004668394;Q3;;;;;;;
MT0004669603;Q1;;;;;;;
MT0004674397;Q2;;;;;;;
MT0004680723;Q1;;;;;;;
MT0004681292;Q2;;;;;;;
MT0004683099;Q1;;;;;;;
MT0004692317;Q1;;;;;;;
MT0004692456;Q1;;;;;;;
MT0004692889;Q4;;;;;;;
MT0004693207;Q3;;;;;;;
MT0004699901;Q4;;;;;;;
MT0004711079;Q1;;;;;;;
MT0004715422;Q2;;;;;;;
MT0004725201;Q4;;;;;;;
MT0004725405;Q1;;;;;;;
MT0004731150;Q1;;;;;;;
MT0004739956;Q2;;;;;;;
MT0004751933;Q1;;;;;;;
MT0004754115;Q4;;;;;;;
MT0004758223;Q4;;;;;;;
MT0004759588;Q2;;;;;;;
MT0004772896;Q3;;;;;;;
MT0004776609;Q4;;;;;;;
MT0004781165;Q3;;;;;;;
MT0004798504;Q2;;;;;;;
MT0004798790;Q3;;;;;;;
MT0004807446;Q2;;;;;;;
MT0004811602;Q2;;;;;;;
MT0004812565;Q4;;;;;;;
MT0004816612;Q1;;;;;;;
MT0004817670;Q3;;;;;;;
MT0004829377;Q3;;;;;;;
MT0004833310;Q4;;;;;;;
MT0004836526;Q2;;;;;;;
MT0004840819;Q3;;;;;;;
MT0004842694;Q3;;;;;;;
MT0004844832;Q2;;;;;;;
MT0004850406;Q4;;;;;;;
MT0004850690;Q4;;;;;;;
MT0004861138;Q2;;;;;;;
MT0004864453;Q4;;;;;;;
MT0004866559;Q2;;;;;;;
MT0004867185;Q2;;;;;;;
MT0004867564;Q4;;;;;;;
MT0004869271;Q3;;;;;;;
MT0004872217;Q2;;;;;;;
MT0004882280;Q2;;;;;;;
MT0004883551;Q1;;;;;;;
MT0004890000;Q1;;;;;;;
MT0004894364;Q2;;;;;;;
MT0004896738;Q1;;;;;;;
MT0004910983;Q3;;;;;;;
MT0004911454;Q4;;;;;;;
MT0004922692;Q3;;;;;;;
MT0004925844;Q4;;;;;;;
MT0004936799;Q3;;;;;;;
MT0004942017;Q2;;;;;;;
MT0004943985;Q1;;;;;;;
MT0004948855;Q2;;;;;;;
MT0004956006;Q2;;;;;;;
MT0004958762;Q2;;;;;;;
MT0004961409;Q2;;;;;;;
MT0004962647;Q4;;;;;;;
MT0004963809;Q4;;;;;;;
MT0004970058;Q4;;;;;;;
MT0004978135;Q3;;;;;;;
MT0004984433;Q4;;;;;;;
MT0005001966;Q3;;;;;;;
MT0005003824;Q1;;;;;;;
MT0005009715;Q3;;;;;;;
MT0005023904;Q3;;;;;;;
MT0005026798;Q2;;;;;;;
MT0005028976;Q2;;;;;;;
MT0005029328;Q2;;;;;;;
MT0005030845;Q3;;;;;;;
MT0005033429;Q1;;;;;;;
MT0005039941;Q2;;;;;;;
MT0005048376;Q4;;;;;;;
MT0005054238;Q1;;;;;;;
MT0005054643;Q4;;;;;;;
MT0005060138;Q4;;;;;;;
MT0005066971;Q1;;;;;;;
MT0005068407;Q4;;;;;;;
MT0005072543;Q1;;;;;;;
MT0005083885;Q3;;;;;;;
MT0005091539;Q4;;;;;;;
MT0005094727;Q3;;;;;;;
MT0005111463;Q3;;;;;;;
MT0005112174;Q4;;;;;;;
MT0005113916;Q4;;;;;;;
MT0005115042;Q3;;;;;;;
MT0005118426;Q4;;;;;;;
MT0005129157;Q4;;;;;;;
MT0005134466;Q3;;;;;;;
MT0005151875;Q4;;;;;;;
MT0005155949;Q3;;;;;;;
MT0005157391;Q3;;;;;;;
MT0005157804;Q4;;;;;;;
MT0005158273;Q4;;;;;;;
MT0005163122;Q1;;;;;;;
MT0005171537;Q2;;;;;;;
MT0005171805;Q3;;;;;;;
MT0005189351;Q3;;;;;;;
MT0005189820;Q3;;;;;;;
MT0005198745;Q4;;;;;;;
MT0005202791;Q2;;;;;;;
MT0005213723;Q2;;;;;;;
MT0005217073;Q3;;;;;;;
MT0005221680;Q3;;;;;;;
MT0005223794;Q2;;;;;;;
MT0005241287;Q2;;;;;;;
MT0005241699;Q1;;;;;;;
MT0005243931;Q2;;;;;;;
MT0005253065;Q3;;;;;;;
MT0005254421;Q3;;;;;;;
MT0005260370;Q3;;;;;;;
MT0005262725;Q3;;;;;;;
MT0005265641;Q1;;;;;;;
MT0005270263;Q3;;;;;;;
MT0005272837;Q4;;;;;;;
MT0005285696;Q4;;;;;;;
MT0005286165;Q2;;;;;;;
MT0005287506;Q2;;;;;;;
MT0005294278;Q3;;;;;;;
MT0005304966;Q2;;;;;;;
MT0005319891;Q2;;;;;;;
MT0005330350;Q3;;;;;;;
MT0005331755;Q1;;;;;;;
MT0005336347;Q3;;;;;;;
MT0005344437;Q4;;;;;;;
MT0005352508;Q2;;;;;;;
MT0005352614;Q3;;;;;;;
MT0005357887;Q3;;;;;;;
MT0005379911;Q3;;;;;;;
MT0005387539;Q2;;;;;;;
MT0005389048;Q3;;;;;;;
MT0005392036;Q4;;;;;;;
MT0005403018;Q4;;;;;;;
MT0005404111;Q1;;;;;;;
MT0005404247;Q3;;;;;;;
MT0005409948;Q2;;;;;;;
MT0005411969;Q2;;;;;;;
MT0005417719;Q2;;;;;;;
MT0005422349;Q4;;;;;;;
MT0005425879;Q4;;;;;;;
MT0005426130;Q1;;;;;;;
MT0005431678;Q2;;;;;;;
MT0005443513;Q4;;;;;;;
MT0005451258;Q1;;;;;;;
MT0005451862;Q2;;;;;;;
MT0005469880;Q1;;;;;;;
MT0005478759;Q1;;;;;;;
MT0005479384;Q4;;;;;;;
MT0005486154;Q3;;;;;;;
MT0005489029;Q1;;;;;;;
MT0005497233;Q2;;;;;;;
MT0005508168;Q4;;;;;;;
MT0005511334;Q4;;;;;;;
MT0005515169;Q2;;;;;;;
MT0005519111;Q4;;;;;;;
MT0005520274;Q3;;;;;;;
MT0005523766;Q1;;;;;;;
MT0005525446;Q4;;;;;;;
MT0005537590;Q4;;;;;;;
MT0005540023;Q2;;;;;;;
MT0005540907;Q1;;;;;;;
MT0005550288;Q2;;;;;;;
MT0005556630;Q4;;;;;;;
MT0005567133;Q2;;;;;;;
MT0005568749;Q3;;;;;;;
MT0005575348;Q3;;;;;;;
MT0005592810;Q1;;;;;;;
MT0005593407;Q3;;;;;;;
MT0005621435;Q3;;;;;;;
MT0005625323;Q1;;;;;;;
MT0005625762;Q1;;;;;;;
MT0005630273;Q3;;;;;;;
MT0005638160;Q2;;;;;;;
MT0005642770;Q2;;;;;;;
MT0005651830;Q4;;;;;;;
MT0005652563;Q2;;;;;;;
MT0005655655;Q3;;;;;;;
MT0005656534;Q4;;;;;;;
MT0005658482;Q2;;;;;;;
MT0005660001;Q1;;;;;;;
MT0005666606;Q1;;;;;;;
MT0005670101;Q3;;;;;;;
MT0005673020;Q2;;;;;;;
MT0005675358;Q2;;;;;;;
MT0005675532;Q4;;;;;;;
MT0005695311;Q4;;;;;;;
MT0005696421;Q3;;;;;;;
MT0005697785;Q4;;;;;;;
MT0005707044;Q4;;;;;;;
MT0005713768;Q1;;;;;;;
MT0005715379;Q4;;;;;;;
MT0005715715;Q1;;;;;;;
MT0005723257;Q3;;;;;;;
MT0005725657;Q2;;;;;;;
MT0005727008;Q2;;;;;;;
MT0005727783;Q3;;;;;;;
MT0005735527;Q4;;;;;;;
MT0005737276;Q1;;;;;;;
MT0005740567;Q3;;;;;;;
MT0005751512;Q2;;;;;;;
MT0005752234;Q1;;;;;;;
MT0005756784;Q2;;;;;;;
MT0005760259;Q2;;;;;;;
MT0005761702;Q3;;;;;;;
MT0005763004;Q1;;;;;;;
MT0005774267;Q2;;;;;;;
MT0005775235;Q4;;;;;;;
MT0005802574;Q1;;;;;;;
MT0005804191;Q4;;;;;;;
MT0005822463;Q3;;;;;;;
MT0005822671;Q2;;;;;;;
MT0005826176;Q2;;;;;;;
MT0005827376;Q4;;;;;;;
MT0005827477;Q2;;;;;;;
MT0005830128;Q4;;;;;;;
MT0005832516;Q1;;;;;;;
MT0005846374;Q1;;;;;;;
MT0005850999;Q4;;;;;;;
MT0005863380;Q4;;;;;;;
MT0005884980;Q4;;;;;;;
MT0005912220;Q3;;;;;;;
MT0005916227;Q3;;;;;;;
MT0005941732;Q3;;;;;;;
MT0005944471;Q1;;;;;;;
MT0005951020;Q2;;;;;;;
MT0005959692;Q4;;;;;;;
MT0005963165;Q3;;;;;;;
MT0005974256;Q2;;;;;;;
MT0005981667;Q3;;;;;;;
MT0005987148;Q4;;;;;;;
MT0006001220;Q3;;;;;;;
MT0006001707;Q2;;;;;;;
MT0006007936;Q2;;;;;;;
MT0006022752;Q3;;;;;;;
MT0006036535;Q3;;;;;;;
MT0006037085;Q4;;;;;;;
MT0006039798;Q3;;;;;;;
MT0006044445;Q4;;;;;;;
MT0006055329;Q2;;;;;;;
MT0006067841;Q2;;;;;;;
MT0006070661;Q3;;;;;;;
MT0006078896;Q2;;;;;;;
MT0006090628;Q3;;;;;;;
MT0006096934;Q1;;;;;;;
MT0006107326;Q4;;;;;;;
MT0006114773;Q1;;;;;;;
MT0006115121;Q4;;;;;;;
MT0006129774;Q4;;;;;;;
MT0006137300;Q4;;;;;;;
MT0006137372;Q3;;;;;;;
MT0006153804;Q3;;;;;;;
MT0006157839;Q2;;;;;;;
MT0006159067;Q3;;;;;;;
MT0006164654;Q4;;;;;;;
MT0006169551;Q4;;;;;;;
MT0006171393;Q3;;;;;;;
MT0006181559;Q4;;;;;;;
MT0006188933;Q1;;;;;;;
MT0006196650;Q1;;;;;;;
MT0006232679;Q1;;;;;;;
MT0006234138;Q4;;;;;;;
MT0006249493;Q2;;;;;;;
MT0006256204;Q2;;;;;;;
MT0006263439;Q3;;;;;;;
MT0006271664;Q3;;;;;;;
MT0006292011;Q2;;;;;;;
MT0006300381;Q2;;;;;;;
MT0006314897;Q1;;;;;;;
MT0006324704;Q4;;;;;;;
MT0006334050;Q3;;;;;;;
MT0006348382;Q4;;;;;;;
MT0006352493;Q4;;;;;;;
MT0006356406;Q2;;;;;;;
MT0006357085;Q1;;;;;;;
MT0006357849;Q1;;;;;;;
MT0006365604;Q2;;;;;;;
MT0006367176;Q1;;;;;;;
MT0006386327;Q1;;;;;;;
MT0006391732;Q2;;;;;;;
MT0006397809;Q3;;;;;;;
MT0006400514;Q3;;;;;;;
MT0006406298;Q1;;;;;;;
MT0006409530;Q2;;;;;;;
MT0006410285;Q3;;;;;;;
MT0006410748;Q1;;;;;;;
MT0006417602;Q3;;;;;;;
MT0006421356;Q3;;;;;;;
MT0006431184;Q1;;;;;;;
MT0006431807;Q1;;;;;;;
MT0006434833;Q2;;;;;;;
MT0006475078;Q4;;;;;;;
MT0006475970;Q1;;;;;;;
MT0006482524;Q4;;;;;;;
MT0006484633;Q2;;;;;;;
MT0006486093;Q1;;;;;;;
MT0006487252;Q4;;;;;;;
MT0006487635;Q2;;;;;;;
MT0006492385;Q3;;;;;;;
MT0006497092;Q2;;;;;;;
MT0006501280;Q1;;;;;;;
MT0006510599;Q2;;;;;;;
MT0006514225;Q1;;;;;;;
MT0006522591;Q3;;;;;;;
MT0006524432;Q1;;;;;;;
MT0006528309;Q1;;;;;;;
MT0006531857;Q2;;;;;;;
MT0006534417;Q3;;;;;;;
MT0006536592;Q1;;;;;;;
MT0006540794;Q1;;;;;;;
MT0006545202;Q2;;;;;;;
MT0006552038;Q2;;;;;;;
MT0006553309;Q1;;;;;;;
MT0006553914;Q2;;;;;;;
MT0006555035;Q3;;;;;;;
MT0006559667;Q2;;;;;;;
MT0006562479;Q3;;;;;;;
MT0006570517;Q2;;;;;;;
MT0006573563;Q2;;;;;;;
MT0006575669;Q4;;;;;;;
MT0006581362;Q2;;;;;;;
MT0006587635;Q2;;;;;;;
MT0006587819;Q4;;;;;;;
MT0006609765;Q4;;;;;;;
MT0006610139;Q4;;;;;;;
MT0006612877;Q2;;;;;;;
MT0006628590;Q1;;;;;;;
MT0006633147;Q1;;;;;;;
MT0006635536;Q3;;;;;;;
MT0006640142;Q2;;;;;;;
MT0006640857;Q1;;;;;;;
MT0006641042;Q2;;;;;;;
MT0006654122;Q3;;;;;;;
MT0006659841;Q3;;;;;;;
MT0006672286;Q3;;;;;;;
MT0006678796;Q4;;;;;;;
MT0006683265;Q2;;;;;;;
MT0006683875;Q1;;;;;;;
MT0006695707;Q2;;;;;;;
MT0006696891;Q3;;;;;;;
MT0006708402;Q3;;;;;;;
MT0006713730;Q3;;;;;;;
MT0006723128;Q2;;;;;;;
MT0006737689;Q2;;;;;;;
MT0006738137;Q4;;;;;;;
MT0006742179;Q2;;;;;;;
MT0006746691;Q2;;;;;;;
MT0006746926;Q1;;;;;;;
MT0006747288;Q1;;;;;;;
MT0006751087;Q2;;;;;;;
MT0006754099;Q1;;;;;;;
MT0006761058;Q4;;;;;;;
MT0006761971;Q2;;;;;;;
MT0006770955;Q1;;;;;;;
MT0006771406;Q1;;;;;;;
MT0006772811;Q3;;;;;;;
MT0006773580;Q2;;;;;;;
MT0006777027;Q4;;;;;;;
MT0006778622;Q2;;;;;;;
MT0006784451;Q2;;;;;;;
MT0006788512;Q2;;;;;;;
MT0006790347;Q2;;;;;;;
MT0006794235;Q4;;;;;;;
MT0006795758;Q2;;;;;;;
MT0006798861;Q2;;;;;;;
MT0006800841;Q2;;;;;;;
MT0006806145;Q2;;;;;;;
MT0006810990;Q2;;;;;;;
MT0006813360;Q3;;;;;;;
MT0006814089;Q4;;;;;;;
MT0006832360;Q2;;;;;;;
MT0006833696;Q3;;;;;;;
MT0006839715;Q4;;;;;;;
MT0006843007;Q1;;;;;;;
MT0006846075;Q4;;;;;;;
MT0006862088;Q2;;;;;;;
MT0006876450;Q3;;;;;;;
MT0006877397;Q3;;;;;;;
MT0006879985;Q2;;;;;;;
MT0006880936;Q3;;;;;;;
MT0006919273;Q3;;;;;;;
MT0006929157;Q2;;;;;;;
MT0006933170;Q2;;;;;;;
MT0006937715;Q1;;;;;;;
MT0006939177;Q2;;;;;;;
MT0006955716;Q4;;;;;;;
MT0006983241;Q4;;;;;;;
MT0006991912;Q4;;;;;;;
MT0006992235;Q1;;;;;;;
MT0006996768;Q1;;;;;;;
MT0007002901;Q2;;;;;;;
MT0007013069;Q1;;;;;;;
MT0007031334;Q3;;;;;;;
MT0007037296;Q1;;;;;;;
MT0007039082;Q4;;;;;;;
MT0007043504;Q2;;;;;;;
MT0007043936;Q3;;;;;;;
MT0007051057;Q3;;;;;;;
MT0007051188;Q4;;;;;;;
MT0007053424;Q4;;;;;;;
MT0007057303;Q1;;;;;;;
MT0007058512;Q2;;;;;;;
MT0007064420;Q4;;;;;;;
MT0007067293;Q1;;;;;;;
MT0007068165;Q1;;;;;;;
MT0007071481;Q2;;;;;;;
MT0007072992;Q4;;;;;;;
MT0007074655;Q2;;;;;;;
MT0007075838;Q2;;;;;;;
MT0007081433;Q4;;;;;;;
MT0007087238;Q4;;;;;;;
MT0007088972;Q1;;;;;;;
MT0007099407;Q3;;;;;;;
MT0007102148;Q3;;;;;;;
MT0007102997;Q4;;;;;;;
MT0007106784;Q3;;;;;;;
MT0007107079;Q4;;;;;;;
MT0007109938;Q2;;;;;;;
MT0007113915;Q3;;;;;;;
MT0007117290;Q1;;;;;;;
MT0007119529;Q4;;;;;;;
MT0007127869;Q2;;;;;;;
MT0007132421;Q1;;;;;;;
MT0007136180;Q1;;;;;;;
MT0007142175;Q4;;;;;;;
MT0007145736;Q3;;;;;;;
MT0007147603;Q1;;;;;;;
MT0007153265;Q3;;;;;;;
MT0007164275;Q2;;;;;;;
MT0007186714;Q4;;;;;;;
MT0007190016;Q1;;;;;;;
MT0007191313;Q4;;;;;;;
MT0007199330;Q4;;;;;;;
MT0007207422;Q4;;;;;;;
MT0007207968;Q4;;;;;;;
MT0007210245;Q2;;;;;;;
MT0007232134;Q4;;;;;;;
MT0007249337;Q3;;;;;;;
MT0007257222;Q1;;;;;;;
MT0007265208;Q3;;;;;;;
MT0007267489;Q4;;;;;;;
MT0007269020;Q2;;;;;;;
MT0007274054;Q1;;;;;;;
MT0007276457;Q3;;;;;;;
MT0007280044;Q3;;;;;;;
MT0007282148;Q4;;;;;;;
MT0007310068;Q4;;;;;;;
MT0007328300;Q3;;;;;;;
MT0007329488;Q1;;;;;;;
MT0007337206;Q2;;;;;;;
MT0007338724;Q3;;;;;;;
MT0007340697;Q2;;;;;;;
MT0007349422;Q2;;;;;;;
MT0007349999;Q3;;;;;;;
MT0007350911;Q1;;;;;;;
MT0007351601;Q3;;;;;;;
MT0007353661;Q4;;;;;;;
MT0007356476;Q4;;;;;;;
MT0007372035;Q3;;;;;;;
MT0007376021;Q2;;;;;;;
MT0007379700;Q2;;;;;;;
MT0007384768;Q1;;;;;;;
MT0007389608;Q2;;;;;;;
MT0007390015;Q1;;;;;;;
MT0007393408;Q2;;;;;;;
MT0007396257;Q4;;;;;;;
MT0007401605;Q2;;;;;;;
MT0007410187;Q3;;;;;;;
MT0007412399;Q3;;;;;;;
MT0007412921;Q4;;;;;;;
MT0007413949;Q2;;;;;;;
MT0007419064;Q1;;;;;;;
MT0007423667;Q2;;;;;;;
MT0007433643;Q4;;;;;;;
MT0007438571;Q3;;;;;;;
MT0007439502;Q1;;;;;;;
MT0007442223;Q2;;;;;;;
MT0007443823;Q1;;;;;;;
MT0007451731;Q3;;;;;;;
MT0007453133;Q1;;;;;;;
MT0007453719;Q4;;;;;;;
MT0007477802;Q3;;;;;;;
MT0007493575;Q1;;;;;;;
MT0007497706;Q3;;;;;;;
MT0007499577;Q3;;;;;;;
MT0007508173;Q1;;;;;;;
MT0007522436;Q2;;;;;;;
MT0007525777;Q3;;;;;;;
MT0007530529;Q3;;;;;;;
MT0007550652;Q3;;;;;;;
MT0007556029;Q4;;;;;;;
MT0007562704;Q2;;;;;;;
MT0007573212;Q2;;;;;;;
MT0007583962;Q3;;;;;;;
MT0007594485;Q3;;;;;;;
MT0007602902;Q2;;;;;;;
MT0007607008;Q1;;;;;;;
MT0007610380;Q3;;;;;;;
MT0007627521;Q2;;;;;;;
MT0007644103;Q1;;;;;;;
MT0007645808;Q2;;;;;;;
MT0007652281;Q3;;;;;;;
MT0007659703;Q2;;;;;;;
MT0007663424;Q2;;;;;;;
MT0007679931;Q3;;;;;;;
MT0007696006;Q2;;;;;;;
MT0007697753;Q2;;;;;;;
MT0007707015;Q3;;;;;;;
MT0007724694;Q4;;;;;;;
MT0007728545;Q3;;;;;;;
MT0007730975;Q3;;;;;;;
MT0007757097;Q1;;;;;;;
MT0007766156;Q4;;;;;;;
MT0007780282;Q2;;;;;;;
MT0007780572;Q2;;;;;;;
MT0007795217;Q1;;;;;;;
MT0007797719;Q3;;;;;;;
MT0007799675;Q4;;;;;;;
MT0007805279;Q2;;;;;;;
MT0007806202;Q2;;;;;;;
MT0007812490;Q2;;;;;;;
MT0007816041;Q4;;;;;;;
MT0007818252;Q2;;;;;;;
MT0007825188;Q2;;;;;;;
MT0007828167;Q4;;;;;;;
MT0007832902;Q2;;;;;;;
MT0007833171;Q4;;;;;;;
MT0007840454;Q1;;;;;;;
MT0007859380;Q1;;;;;;;
MT0007860263;Q3;;;;;;;
MT0007866540;Q2;;;;;;;
MT0007868583;Q1;;;;;;;
MT0007871142;Q4;;;;;;;
MT0007886392;Q1;;;;;;;
MT0007899221;Q4;;;;;;;
MT0007906518;Q2;;;;;;;
MT0007912800;Q4;;;;;;;
MT0007914044;Q3;;;;;;;
MT0007924549;Q2;;;;;;;
MT0007926918;Q2;;;;;;;
MT0007934529;Q2;;;;;;;
MT0007939281;Q2;;;;;;;
MT0007959122;Q2;;;;;;;
MT0007961027;Q1;;;;;;;
MT0007961100;Q2;;;;;;;
MT0007978643;Q1;;;;;;;
MT0007983016;Q4;;;;;;;
MT0007991638;Q2;;;;;;;
MT0007999856;Q2;;;;;;;
MT0008007368;Q3;;;;;;;
MT0008010047;Q3;;;;;;;
MT0008018703;Q3;;;;;;;
MT0008022729;Q2;;;;;;;
MT0008029439;Q1;;;;;;;
MT0008033398;Q3;;;;;;;
MT0008045785;Q2;;;;;;;
MT0008046899;Q1;;;;;;;
MT0008068959;Q3;;;;;;;
MT0008077089;Q3;;;;;;;
MT0008077878;Q2;;;;;;;
MT0008080519;Q3;;;;;;;
MT0008084656;Q2;;;;;;;
MT0008095407;Q1;;;;;;;
MT0008105399;Q1;;;;;;;
MT0008113039;Q1;;;;;;;
MT0008120072;Q3;;;;;;;
MT0008130158;Q2;;;;;;;
MT0008131425;Q1;;;;;;;
MT0008137868;Q2;;;;;;;
MT0008138963;Q3;;;;;;;
MT0008140480;Q3;;;;;;;
MT0008147388;Q2;;;;;;;
MT0008148524;Q1;;;;;;;
MT0008149831;Q2;;;;;;;
MT0008154135;Q4;;;;;;;
MT0008166411;Q3;;;;;;;
MT0008166431;Q1;;;;;;;
MT0008170600;Q3;;;;;;;
MT0008184180;Q2;;;;;;;
MT0008208983;Q2;;;;;;;
MT0008211502;Q1;;;;;;;
MT0008222676;Q1;;;;;;;
MT0008223344;Q3;;;;;;;
MT0008236217;Q1;;;;;;;
MT0008236389;Q2;;;;;;;
MT0008237717;Q1;;;;;;;
MT0008241153;Q3;;;;;;;
MT0008241874;Q3;;;;;;;
MT0008260235;Q2;;;;;;;
MT0008267476;Q3;;;;;;;
MT0008276763;Q1;;;;;;;
MT0008276791;Q1;;;;;;;
MT0008279825;Q3;;;;;;;
MT0008296972;Q3;;;;;;;
MT0008307409;Q4;;;;;;;
MT0008307905;Q2;;;;;;;
MT0008308461;Q1;;;;;;;
MT0008313843;Q1;;;;;;;
MT0008327012;Q3;;;;;;;
MT0008328152;Q4;;;;;;;
MT0008328714;Q3;;;;;;;
MT0008330365;Q1;;;;;;;
MT0008340316;Q1;;;;;;;
MT0008345160;Q1;;;;;;;
MT0008347586;Q2;;;;;;;
MT0008350331;Q2;;;;;;;
MT0008352590;Q2;;;;;;;
MT0008361425;Q2;;;;;;;
MT0008363189;Q1;;;;;;;
MT0008363839;Q1;;;;;;;
MT0008368311;Q3;;;;;;;
MT0008371251;Q1;;;;;;;
MT0008385501;Q2;;;;;;;
MT0008386252;Q2;;;;;;;
MT0008394478;Q1;;;;;;;
MT0008397103;Q3;;;;;;;
MT0008399774;Q3;;;;;;;
MT0008401073;Q1;;;;;;;
MT0008408635;Q4;;;;;;;
MT0008421113;Q2;;;;;;;
MT0008421900;Q4;;;;;;;
MT0008425062;Q2;;;;;;;
MT0008425616;Q2;;;;;;;
MT0008428932;Q3;;;;;;;
MT0008431795;Q1;;;;;;;
MT0008451831;Q2;;;;;;;
MT0008455201;Q2;;;;;;;
MT0008467210;Q4;;;;;;;
MT0008468144;Q4;;;;;;;
MT0008493270;Q3;;;;;;;
MT0008497871;Q2;;;;;;;
MT0008499614;Q2;;;;;;;
MT0008511909;Q2;;;;;;;
MT0008515901;Q3;;;;;;;
MT0008530072;Q2;;;;;;;
MT0008530652;Q4;;;;;;;
MT0008537015;Q1;;;;;;;
MT0008548050;Q4;;;;;;;
MT0008554680;Q2;;;;;;;
MT0008565530;Q2;;;;;;;
MT0008570712;Q2;;;;;;;
MT0008573252;Q2;;;;;;;
MT0008575372;Q1;;;;;;;
MT0008577171;Q4;;;;;;;
MT0008578405;Q2;;;;;;;
MT0008592019;Q4;;;;;;;
MT0008596505;Q4;;;;;;;
MT0008596537;Q2;;;;;;;
MT0008602863;Q2;;;;;;;
MT0008604277;Q3;;;;;;;
MT0008617674;Q1;;;;;;;
MT0008632122;Q1;;;;;;;
MT0008635124;Q2;;;;;;;
MT0008636271;Q3;;;;;;;
MT0008637830;Q1;;;;;;;
MT0008640627;Q4;;;;;;;
MT0008641724;Q2;;;;;;;
MT0008649724;Q2;;;;;;;
MT0008652185;Q2;;;;;;;
MT0008665212;Q4;;;;;;;
MT0008672387;Q1;;;;;;;
MT0008673460;Q1;;;;;;;
MT0008675527;Q1;;;;;;;
MT0008684922;Q1;;;;;;;
MT0008684978;Q1;;;;;;;
MT0008686594;Q4;;;;;;;
MT0008690776;Q3;;;;;;;
MT0008700460;Q3;;;;;;;
MT0008709705;Q3;;;;;;;
MT0008716237;Q3;;;;;;;
MT0008718991;Q3;;;;;;;
MT0008722511;Q3;;;;;;;
MT0008733057;Q2;;;;;;;
MT0008734186;Q2;;;;;;;
MT0008734289;Q2;;;;;;;
MT0008740787;Q4;;;;;;;
MT0008750426;Q4;;;;;;;
MT0008763007;Q3;;;;;;;
MT0008776764;Q2;;;;;;;
MT0008787199;Q1;;;;;;;
MT0008790106;Q4;;;;;;;
MT0008790360;Q2;;;;;;;
MT0008791082;Q2;;;;;;;
MT0008794071;Q4;;;;;;;
MT0008797356;Q2;;;;;;;
MT0008800327;Q2;;;;;;;
MT0008806305;Q2;;;;;;;
MT0008807220;Q2;;;;;;;
MT0008813307;Q3;;;;;;;
MT0008813309;Q1;;;;;;;
MT0008819987;Q4;;;;;;;
MT0008841966;Q3;;;;;;;
MT0008863436;Q2;;;;;;;
MT0008868862;Q3;;;;;;;
MT0008869963;Q4;;;;;;;
MT0008882630;Q2;;;;;;;
MT0008883788;Q3;;;;;;;
MT0008891523;Q1;;;;;;;
MT0008899266;Q3;;;;;;;
MT0008905908;Q3;;;;;;;
MT0008947804;Q2;;;;;;;
MT0008949592;Q1;;;;;;;
MT0008953247;Q3;;;;;;;
MT0008960612;Q3;;;;;;;
MT0008963540;Q3;;;;;;;
MT0008966305;Q1;;;;;;;
MT0008969183;Q3;;;;;;;
MT0008972801;Q1;;;;;;;
MT0008979040;Q3;;;;;;;
MT0008990300;Q1;;;;;;;
MT0008999728;Q2;;;;;;;
MT0008999898;Q3;;;;;;;
MT0009005900;Q1;;;;;;;
MT0009008051;Q3;;;;;;;
MT0009010830;Q1;;;;;;;
MT0009016829;Q2;;;;;;;
MT0009025287;Q2;;;;;;;
MT0009025845;Q3;;;;;;;
MT0009033072;Q4;;;;;;;
MT0009041370;Q2;;;;;;;
MT0009041848;Q1;;;;;;;
MT0009043768;Q1;;;;;;;
MT0009054976;Q4;;;;;;;
MT0009075362;Q4;;;;;;;
MT0009098212;Q1;;;;;;;
MT0009112823;Q4;;;;;;;
MT0009117202;Q2;;;;;;;
MT0009123251;Q2;;;;;;;
MT0009153900;Q1;;;;;;;
MT0009164591;Q3;;;;;;;
MT0009164605;Q1;;;;;;;
MT0009165729;Q2;;;;;;;
MT0009169626;Q3;;;;;;;
MT0009172291;Q2;;;;;;;
MT0009174874;Q2;;;;;;;
MT0009182700;Q3;;;;;;;
MT0009185069;Q4;;;;;;;
MT0009188643;Q1;;;;;;;
MT0009202768;Q1;;;;;;;
MT0009206381;Q1;;;;;;;
MT0009208842;Q1;;;;;;;
MT0009213083;Q1;;;;;;;
MT0009217411;Q2;;;;;;;
MT0009220462;Q3;;;;;;;
MT0009233872;Q1;;;;;;;
MT0009239443;Q2;;;;;;;
MT0009246394;Q4;;;;;;;
MT0009253379;Q1;;;;;;;
MT0009263768;Q3;;;;;;;
MT0009278329;Q1;;;;;;;
MT0009289348;Q4;;;;;;;
MT0009295595;Q1;;;;;;;
MT0009300582;Q3;;;;;;;
MT0009306792;Q1;;;;;;;
MT0009311775;Q2;;;;;;;
MT0009312856;Q3;;;;;;;
MT0009319587;Q2;;;;;;;
MT0009320357;Q2;;;;;;;
MT0009321428;Q3;;;;;;;
MT0009346128;Q2;;;;;;;
MT0009348908;Q2;;;;;;;
MT0009351469;Q1;;;;;;;
MT0009354859;Q4;;;;;;;
MT0009360971;Q2;;;;;;;
MT0009368615;Q3;;;;;;;
MT0009375581;Q4;;;;;;;
MT0009377947;Q4;;;;;;;
MT0009378909;Q1;;;;;;;
MT0009385684;Q3;;;;;;;
MT0009389504;Q3;;;;;;;
MT0009390091;Q1;;;;;;;
MT0009400121;Q2;;;;;;;
MT0009418269;Q2;;;;;;;
MT0009425259;Q2;;;;;;;
MT0009430339;Q2;;;;;;;
MT0009437817;Q3;;;;;;;
MT0009464817;Q3;;;;;;;
MT0009469599;Q3;;;;;;;
MT0009485981;Q1;;;;;;;
MT0009495280;Q3;;;;;;;
MT0009495283;Q3;;;;;;;
MT0009495284;Q3;;;;;;;
MT0009495285;Q3;;;;;;;
MT0009521580;Q3;;;;;;;
MT0009533836;Q3;;;;;;;
MT0009558355;Q1;;;;;;;
MT0009577134;Q2;;;;;;;
MT0009581924;Q1;;;;;;;
MT0009601423;Q2;;;;;;;
MT0009606151;Q3;;;;;;;
MT0009614467;Q3;;;;;;;
MT0009619048;Q3;;;;;;;
MT0009619424;Q1;;;;;;;
MT0009628869;Q3;;;;;;;
MT0009631750;Q2;;;;;;;
MT0009635389;Q2;;;;;;;
MT0009635394;Q2;;;;;;;
MT0009635397;Q2;;;;;;;
MT0009693151;Q3;;;;;;;
MT0009729892;Q1;;;;;;;
MT0009740290;Q4;;;;;;;
MT0009741521;Q4;;;;;;;
MT0009741760;Q4;;;;;;;
MT0009741774;Q4;;;;;;;
MT0009769816;Q4;;;;;;;
MT0009781899;Q3;;;;;;;
MT0009795009;Q4;;;;;;;
MT0009800907;Q2;;;;;;;
MT0009826820;Q4;;;;;;;
MT0009844833;Q1;;;;;;;
MT0009845072;Q1;;;;;;;
MT0009845270;Q1;;;;;;;
MT0009845271;Q1;;;;;;;
MT0009845275;Q1;;;;;;;
MT0009845276;Q1;;;;;;;
MT0009868354;Q4;;;;;;;
MT0009872131;Q2;;;;;;;
MT0009897495;Q1;;;;;;;
MT0009904717;Q1;;;;;;;
MT0009908994;Q2;;;;;;;
MT0009968194;Q1;;;;;;;
MT0009976471;Q1;;;;;;;
MT0009991160;Q4;;;;;;;
MT0009996318;Q3;;;;;;;
MT0009996319;Q3;;;;;;;
MT0009996323;Q3;;;;;;;
MT0010007878;Q3;;;;;;;
MT0010007881;Q3;;;;;;;
MT0010007882;Q3;;;;;;;
MT0010049476;Q4;;;;;;;
MT0010054305;Q3;;;;;;;
MT0010065680;Q1;;;;;;;
MT0010065686;Q1;;;;;;;
MT0010076476;Q4;;;;;;;
MT0010083757;Q4;;;;;;;
MT0010085729;Q1;;;;;;;
MT0010100277;Q2;;;;;;;
MT0010100278;Q1;;;;;;;
MT0010100279;Q1;;;;;;;
MT0010100283;Q3;;;;;;;
MT0010100285;Q1;;;;;;;
MT0010100333;Q1;;;;;;;
MT0010100428;Q4;;;;;;;
MT0010100429;Q1;;;;;;;
MT0010161903;Q2;;;;;;;
MT0010169018;Q1;;;;;;;
MT0010169019;Q1;;;;;;;
MT0010203716;Q4;;;;;;;
MT0010236541;Q1;;;;;;;
MT0010237532;Q3;;;;;;;
MT0010257371;Q3;;;;;;;
MT0010261584;Q4;;;;;;;
MT0010261588;Q1;;;;;;;
MT0010278984;Q4;;;;;;;
MT0010290775;Q4;;;;;;;
MT0010290785;Q4;;;;;;;
MT0010290788;Q4;;;;;;;
MT0010305995;Q4;;;;;;;
MT0010310891;Q2;;;;;;;
MT0010310894;Q2;;;;;;;
MT0010310896;Q2;;;;;;;
MT0010310897;Q2;;;;;;;
MT0010310898;Q2;;;;;;;
MT0010310899;Q2;;;;;;;
MT0010344415;Q1;;;;;;;
MT0010346228;Q1;;;;;;;
MT0010363782;Q3;;;;;;;
MT0010368848;Q1;;;;;;;
MT0010369823;Q2;;;;;;;
MT0010375510;Q3;;;;;;;
MT0010379209;Q4;;;;;;;
MT0010392442;Q1;;;;;;;
MT0010394619;Q1;;;;;;;
MT0010405928;Q2;;;;;;;
MT0010415730;Q2;;;;;;;
MT0010437635;Q3;;;;;;;
MT0010444469;Q4;;;;;;;
MT0010463505;Q2;;;;;;;
MT0010468178;Q3;;;;;;;
MT0010474345;Q2;;;;;;;
MT0010477194;Q2;;;;;;;
MT0010480965;Q2;;;;;;;
MT0010481194;Q2;;;;;;;
MT0010482550;Q1;;;;;;;
MT0010485559;Q2;;;;;;;
MT0010485603;Q4;;;;;;;
MT0010487366;Q2;;;;;;;
MT0010487702;Q2;;;;;;;
MT0010487769;Q1;;;;;;;
MT0010487795;Q1;;;;;;;
MT0010489498;Q1;;;;;;;
MT0010492983;Q1;;;;;;;
MT0010498312;Q1;;;;;;;
MT0010501618;Q1;;;;;;;
MT0010502078;Q2;;;;;;;
MT0010502743;Q4;;;;;;;
MT0010506192;Q3;;;;;;;
MT0010510852;Q1;;;;;;;
MT0010512527;Q4;;;;;;;
MT0010524453;Q1;;;;;;;
MT0010526041;Q2;;;;;;;
MT0010534904;Q4;;;;;;;
MT0010545132;Q4;;;;;;;
MT0010548963;Q1;;;;;;;
MT0010551970;Q4;;;;;;;
MT0010552273;Q1;;;;;;;
MT0010552303;Q1;;;;;;;
MT0010554620;Q2;;;;;;;
MT0010574326;Q1;;;;;;;
MT0010582452;Q4;;;;;;;
MT0010585105;Q3;;;;;;;
MT0010611876;Q1;;;;;;;
MT0010612023;Q2;;;;;;;
MT0010615428;Q2;;;;;;;
MT0010616215;Q2;;;;;;;
MT0010617945;Q1;;;;;;;
MT0010620026;Q2;;;;;;;
MT0010623104;Q2;;;;;;;
MT0010624346;Q2;;;;;;;
MT0010630017;Q3;;;;;;;
MT0010634279;Q4;;;;;;;
MT0010638151;Q4;;;;;;;
MT0010662602;Q4;;;;;;;
MT0010665248;Q4;;;;;;;
MT0010670378;Q4;;;;;;;
MT0010674091;Q2;;;;;;;
MT0010674530;Q3;;;;;;;
MT0010674859;Q3;;;;;;;
MT0010676114;Q1;;;;;;;
MT0010681356;Q3;;;;;;;
MT0010685188;Q3;;;;;;;
MT0010687397;Q2;;;;;;;
MT0010694754;Q1;;;;;;;
MT0010695865;Q3;;;;;;;
MT0010701054;Q4;;;;;;;
MT0010702898;Q4;;;;;;;
MT0010705334;Q1;;;;;;;
MT0010706869;Q1;;;;;;;
MT0010707508;Q4;;;;;;;
MT0010710874;Q3;;;;;;;
MT0010712910;Q4;;;;;;;
MT0010715611;Q2;;;;;;;
MT0010723658;Q3;;;;;;;
MT0010723756;Q4;;;;;;;
MT0010724282;Q2;;;;;;;
MT0010736208;Q2;;;;;;;
MT0010736281;Q2;;;;;;;
MT0010739708;Q3;;;;;;;
MT0010741252;Q4;;;;;;;
MT0010741386;Q3;;;;;;;
MT0010747096;Q3;;;;;;;
MT0010751134;Q3;;;;;;;
MT0010752894;Q3;;;;;;;
MT0010753520;Q3;;;;;;;
MT0010753736;Q1;;;;;;;
MT0010754019;Q1;;;;;;;
MT0010754290;Q1;;;;;;;
MT0010755212;Q1;;;;;;;
MT0010758927;Q4;;;;;;;
MT0010765597;Q3;;;;;;;
MT0010765607;Q4;;;;;;;
MT0010773040;Q4;;;;;;;
MT0010777106;Q1;;;;;;;
MT0010778949;Q3;;;;;;;
MT0010803094;Q3;;;;;;;
MT0010804974;Q3;;;;;;;
MT0010815151;Q3;;;;;;;
MT0010823031;Q3;;;;;;;
MT0010835061;Q1;;;;;;;
MT0010849747;Q2;;;;;;;
MT0010850805;Q3;;;;;;;
MT0010851922;Q1;;;;;;;
MT0010855214;Q4;;;;;;;
MT0010855417;Q1;;;;;;;
MT0010857270;Q2;;;;;;;
MT0010862394;Q3;;;;;;;
MT0010864096;Q2;;;;;;;
MT0010883435;Q1;;;;;;;
MT0010894865;Q2;;;;;;;
MT0010897525;Q2;;;;;;;
MT0010900969;Q1;;;;;;;
MT0010902792;Q1;;;;;;;
MT0010922381;Q2;;;;;;;
MT0010953323;Q3;;;;;;;
MT0010956902;Q1;;;;;;;
MT0010956907;Q4;;;;;;;
MT0010965655;Q4;;;;;;;
MT0010967419;Q4;;;;;;;
MT0010978213;Q2;;;;;;;
MT0010979481;Q4;;;;;;;
MT0010980499;Q4;;;;;;;
MT0010983830;Q2;;;;;;;
MT0010984486;Q4;;;;;;;
MT0011032905;Q3;;;;;;;
MT0011066228;Q3;;;;;;;
MT0011069243;Q3;;;;;;;
MT0011079284;Q3;;;;;;;
MT0011083648;Q2;;;;;;;
MT0011095825;Q3;;;;;;;
MT0011104152;Q1;;;;;;;
MT0011145388;Q2;;;;;;;
MT0011158114;Q3;;;;;;;
MT0011162069;Q3;;;;;;;
MT0011191619;Q3;;;;;;;
MT0011204639;Q1;;;;;;;
MT0011230792;Q3;;;;;;;
MT0011250965;Q4;;;;;;;
MT0011252339;Q3;;;;;;;
MT0011252708;Q2;;;;;;;
MT0011292112;Q4;;;;;;;
MT0011302120;Q4;;;;;;;
MT0011308097;Q3;;;;;;;
MT0011322528;Q2;;;;;;;
MT0011327325;Q3;;;;;;;
MT0011328325;Q2;;;;;;;
MT0011332604;Q4;;;;;;;
MT0011342337;Q3;;;;;;;
MT0011348776;Q2;;;;;;;
MT0011353873;Q2;;;;;;;
MT0011354857;Q1;;;;;;;
MT0011356991;Q4;;;;;;;
MT0011358600;Q4;;;;;;;
MT0011361934;Q2;;;;;;;
MT0011369407;Q2;;;;;;;
MT0011374266;Q2;;;;;;;
MT0011374342;Q4;;;;;;;
MT0011376343;Q4;;;;;;;
MT0011378875;Q2;;;;;;;
MT0011387901;Q2;;;;;;;
MT0011391187;Q3;;;;;;;
MT0011391356;Q2;;;;;;;
MT0011393132;Q2;;;;;;;
MT0011395375;Q4;;;;;;;
MT0011398970;Q3;;;;;;;
MT0011403548;Q4;;;;;;;
MT0011411969;Q2;;;;;;;
MT0011426003;Q2;;;;;;;
MT0011440705;Q3;;;;;;;
MT0011447062;Q1;;;;;;;
MT0011448773;Q1;;;;;;;
MT0011451296;Q1;;;;;;;
MT0011458668;Q2;;;;;;;
MT0011465608;Q4;;;;;;;
MT0011487003;Q1;;;;;;;
MT0011503204;Q1;;;;;;;
MT0011510700;Q1;;;;;;;
MT0011558921;Q1;;;;;;;
MT0011560587;Q1;;;;;;;
MT0011564855;Q1;;;;;;;
MT0011574534;Q1;;;;;;;
MT0011575842;Q1;;;;;;;
MT0011575852;Q2;;;;;;;
MT0011581506;Q2;;;;;;;
MT0011594970;Q3;;;;;;;
MT0011612883;Q3;;;;;;;
MT0011650689;Q4;;;;;;;
MT0011659985;Q4;;;;;;;
MT0011667212;Q3;;;;;;;
MT0011677264;Q3;;;;;;;
MT0011707340;Q2;;;;;;;
MT0011709169;Q2;;;;;;;
MT0011711263;Q2;;;;;;;
MT0011711878;Q4;;;;;;;
MT0011712337;Q2;;;;;;;
MT0011715190;Q2;;;;;;;
MT0011716005;Q1;;;;;;;
MT0011718667;Q4;;;;;;;
MT0011724911;Q1;;;;;;;
MT0011724999;Q4;;;;;;;
MT0011739779;Q1;;;;;;;
MT0011741035;Q3;;;;;;;
MT0011755407;Q4;;;;;;;
MT0011767762;Q1;;;;;;;
MT0011772341;Q1;;;;;;;
MT0011776369;Q4;;;;;;;
MT0011785029;Q1;;;;;;;
MT0011786799;Q1;;;;;;;
MT0011797446;Q1;;;;;;;
MT0011800641;Q3;;;;;;;
MT0011808566;Q1;;;;;;;
MT0011809659;Q4;;;;;;;
MT0011818239;Q4;;;;;;;
MT0011821215;Q1;;;;;;;
MT0011827018;Q3;;;;;;;
MT0011836087;Q4;;;;;;;
MT0011836290;Q3;;;;;;;
MT0011842354;Q3;;;;;;;
MT0011847514;Q1;;;;;;;
MT0011861922;Q1;;;;;;;
MT0011862487;Q4;;;;;;;
MT0011869625;Q1;;;;;;;
MT0011870505;Q3;;;;;;;
MT0011876383;Q3;;;;;;;
MT0011878109;Q1;;;;;;;
MT0011879943;Q2;;;;;;;
MT0011881944;Q1;;;;;;;
MT0011886148;Q4;;;;;;;
MT0011886864;Q3;;;;;;;
MT0011894681;Q3;;;;;;;
MT0011895175;Q4;;;;;;;
MT0011895910;Q1;;;;;;;
MT0011896804;Q4;;;;;;;
MT0011899302;Q3;;;;;;;
MT0011903519;Q1;;;;;;;
MT0011906602;Q4;;;;;;;
MT0011908274;Q4;;;;;;;
MT0011909571;Q1;;;;;;;
MT0011910522;Q4;;;;;;;
MT0011914836;Q1;;;;;;;
MT0011916674;Q1;;;;;;;
MT0011916784;Q4;;;;;;;
MT0011919136;Q1;;;;;;;
MT0011920419;Q1;;;;;;;
MT0011921060;Q2;;;;;;;
MT0011922080;Q4;;;;;;;
MT0011922905;Q4;;;;;;;
MT0011924283;Q1;;;;;;;
MT0011924316;Q2;;;;;;;
MT0011924930;Q1;;;;;;;
MT0011928183;Q1;;;;;;;
MT0011929096;Q4;;;;;;;
MT0011930865;Q1;;;;;;;
MT0011933875;Q1;;;;;;;
MT0011937155;Q2;;;;;;;
MT0011937271;Q3;;;;;;;
MT0011938737;Q4;;;;;;;
MT0011940781;Q2;;;;;;;
MT0011943335;Q2;;;;;;;
MT0011943549;Q2;;;;;;;
MT0011944405;Q2;;;;;;;
MT0011945841;Q2;;;;;;;
MT0011950450;Q1;;;;;;;
MT0011953228;Q2;;;;;;;
MT0011957429;Q1;;;;;;;
MT0011959819;Q2;;;;;;;
MT0011960348;Q2;;;;;;;
MT0011961925;Q3;;;;;;;
MT0011963777;Q2;;;;;;;
MT0011966998;Q4;;;;;;;
MT0011968204;Q1;;;;;;;
MT0011969592;Q3;;;;;;;
MT0011971415;Q4;;;;;;;
MT0011974870;Q3;;;;;;;
MT0011975274;Q2;;;;;;;
MT0011982393;Q4;;;;;;;
MT0011991382;Q2;;;;;;;
MT0011996860;Q3;;;;;;;
MT0011997914;Q1;;;;;;;
MT0011999773;Q1;;;;;;;
MT0012000832;Q4;;;;;;;
MT0012001409;Q2;;;;;;;
MT0012001684;Q1;;;;;;;
MT0012004661;Q3;;;;;;;
MT0012004909;Q3;;;;;;;
MT0012004929;Q1;;;;;;;
MT0012005920;Q1;;;;;;;
MT0012008752;Q2;;;;;;;
MT0012009054;Q2;;;;;;;
MT0012009606;Q4;;;;;;;
MT0012011991;Q4;;;;;;;
MT0012013969;Q3;;;;;;;
MT0012014382;Q1;;;;;;;
MT0012016955;Q1;;;;;;;
MT0012017035;Q4;;;;;;;
MT0012020062;Q3;;;;;;;
MT0012023721;Q1;;;;;;;
MT0012025242;Q1;;;;;;;
MT0012025969;Q4;;;;;;;
MT0012027536;Q4;;;;;;;
MT0012028572;Q2;;;;;;;
MT0012030545;Q2;;;;;;;
MT0012030591;Q1;;;;;;;
MT0012030863;Q2;;;;;;;
MT0012031327;Q2;;;;;;;
MT0012033786;Q2;;;;;;;
MT0012034242;Q4;;;;;;;
MT0012035583;Q3;;;;;;;
MT0012036571;Q4;;;;;;;
MT0012041920;Q1;;;;;;;
MT0012061041;Q1;;;;;;;
MT0012067911;Q3;;;;;;;
MT0012073768;Q3;;;;;;;
MT0012091487;Q2;;;;;;;
MT0012096485;Q1;;;;;;;
MT0012100576;Q2;;;;;;;
MT0012112600;Q4;;;;;;;
MT0012116237;Q2;;;;;;;
MT0012122028;Q2;;;;;;;
MT0012124855;Q2;;;;;;;
MT0012151268;Q4;;;;;;;
MT0012159808;Q4;;;;;;;
MT0012168286;Q2;;;;;;;
MT0012198225;Q3;;;;;;;
MT0012202513;Q1;;;;;;;
MT0012222183;Q4;;;;;;;
MT0012247942;Q3;;;;;;;
MT0012259307;Q3;;;;;;;
MT0012261257;Q4;;;;;;;
MT0012276467;Q3;;;;;;;
MT0012292188;Q3;;;;;;;
MT0012312232;Q4;;;;;;;
MT0012317309;Q3;;;;;;;
MT0012330276;Q4;;;;;;;
MT0012330796;Q1;;;;;;;
MT0012331779;Q1;;;;;;;
MT0012333553;Q4;;;;;;;
MT0012333749;Q1;;;;;;;
MT0012334245;Q1;;;;;;;
MT0012337307;Q3;;;;;;;
MT0012383717;Q4;;;;;;;
MT0012396528;Q1;;;;;;;
MT0012398546;Q1;;;;;;;
MT0012408058;Q1;;;;;;;
MT0012416069;Q3;;;;;;;
MT0012417408;Q3;;;;;;;
MT0012430736;Q1;;;;;;;
MT0012435412;Q4;;;;;;;
MT0012438211;Q2;;;;;;;
MT0012454159;Q4;;;;;;;
MT0012454284;Q3;;;;;;;
MT0012455611;Q1;;;;;;;
MT0012459878;Q3;;;;;;;
MT0012481933;Q1;;;;;;;
MT0012505137;Q4;;;;;;;
MT0012509093;Q1;;;;;;;
MT0012521149;Q1;;;;;;;
MT0012532120;Q3;;;;;;;
MT0012534566;Q1;;;;;;;
MT0012591057;Q3;;;;;;;
MT0012600718;Q3;;;;;;;
MT0012601428;Q1;;;;;;;
MT0012615075;Q3;;;;;;;
MT0012619690;Q1;;;;;;;
MT0012634038;Q3;;;;;;;
MT0012637285;Q3;;;;;;;
MT0012639323;Q1;;;;;;;
MT0012645597;Q2;;;;;;;
MT0012648496;Q2;;;;;;;
MT0012649676;Q2;;;;;;;
MT0012658386;Q3;;;;;;;
MT0012666474;Q3;;;;;;;
MT0012675695;Q3;;;;;;;
MT0012678840;Q1;;;;;;;
MT0012682565;Q1;;;;;;;
MT0012697686;Q1;;;;;;;
MT0012698055;Q4;;;;;;;
MT0012700338;Q2;;;;;;;
MT0012738934;Q2;;;;;;;
MT0012740185;Q4;;;;;;;
MT0012742379;Q1;;;;;;;
MT0012745818;Q4;;;;;;;
MT0012766840;Q4;;;;;;;
MT0012773883;Q4;;;;;;;
MT0012777233;Q1;;;;;;;
MT0012794033;Q4;;;;;;;
MT0012798988;Q1;;;;;;;
MT0012811141;Q3;;;;;;;
MT0012823048;Q3;;;;;;;
MT0012844418;Q3;;;;;;;
MT0012846850;Q1;;;;;;;
MT0012854734;Q3;;;;;;;
MT0012855159;Q2;;;;;;;
MT0012862507;Q4;;;;;;;
MT0012863101;Q1;;;;;;;
MT0012865192;Q2;;;;;;;
MT0012869295;Q2;;;;;;;
MT0012893353;Q4;;;;;;;
MT0012895822;Q1;;;;;;;
MT0012900592;Q2;;;;;;;
MT0012909507;Q2;;;;;;;
MT0012914763;Q2;;;;;;;
MT0012930833;Q2;;;;;;;
MT0012932812;Q4;;;;;;;
MT0012933678;Q1;;;;;;;
MT0012941049;Q4;;;;;;;
MT0012976100;Q1;;;;;;;
MT0012988776;Q3;;;;;;;
MT0013003902;Q4;;;;;;;
MT0013044535;Q3;;;;;;;
MT0013056573;Q4;;;;;;;
MT0013056830;Q4;;;;;;;
MT0013058008;Q2;;;;;;;
MT0013064857;Q1;;;;;;;
MT0013070871;Q3;;;;;;;
MT0013075504;Q1;;;;;;;
MT0013078262;Q4;;;;;;;
MT0013080259;Q3;;;;;;;
MT0013087767;Q2;;;;;;;
MT0013095380;Q4;;;;;;;
MT0013101577;Q1;;;;;;;
MT0013104929;Q1;;;;;;;
MT0013115311;Q4;;;;;;;
MT0013145806;Q4;;;;;;;
MT0013151367;Q2;;;;;;;
MT0013156036;Q2;;;;;;;
MT0013161246;Q3;;;;;;;
MT0013166908;Q3;;;;;;;
MT0013173557;Q3;;;;;;;
MT0013176970;Q4;;;;;;;
MT0013177702;Q4;;;;;;;
MT0013184611;Q1;;;;;;;
MT0013186132;Q1;;;;;;;
MT0013193016;Q4;;;;;;;
MT0013198028;Q3;;;;;;;
MT0013201347;Q1;;;;;;;
MT0013208607;Q4;;;;;;;
MT0013209458;Q3;;;;;;;
MT0013216725;Q2;;;;;;;
MT0013219857;Q3;;;;;;;
MT0013228223;Q4;;;;;;;
MT0013235939;Q1;;;;;;;
MT0013236693;Q1;;;;;;;
MT0013260233;Q3;;;;;;;
MT0013275745;Q1;;;;;;;
MT0013280170;Q4;;;;;;;
MT0013282123;Q4;;;;;;;
MT0013283837;Q3;;;;;;;
MT0013289749;Q3;;;;;;;
MT0013305470;Q4;;;;;;;
MT0013305827;Q4;;;;;;;
MT0013313448;Q2;;;;;;;
MT0013328261;Q3;;;;;;;
MT0013349760;Q3;;;;;;;
MT0013350034;Q1;;;;;;;
MT0013366460;Q1;;;;;;;
MT0013386240;Q1;;;;;;;
MT0013389935;Q1;;;;;;;
MT0013411556;Q4;;;;;;;
MT0013416300;Q3;;;;;;;
MT0013417325;Q4;;;;;;;
MT0013418800;Q2;;;;;;;
MT0013429054;Q3;;;;;;;
MT0013458428;Q3;;;;;;;
MT0013464231;Q1;;;;;;;
MT0013486354;Q4;;;;;;;
MT0013504689;Q3;;;;;;;
MT0013524535;Q2;;;;;;;
MT0013577074;Q4;;;;;;;
MT0013583287;Q1;;;;;;;
MT0013590244;Q1;;;;;;;
MT0013602925;Q2;;;;;;;
MT0013610517;Q2;;;;;;;
MT0013610638;Q2;;;;;;;
MT0013612461;Q2;;;;;;;
MT0013613711;Q2;;;;;;;
MT0013616609;Q2;;;;;;;
MT0013621344;Q1;;;;;;;
MT0013633209;Q1;;;;;;;
MT0013637631;Q1;;;;;;;
MT0013649307;Q3;;;;;;;
MT0013652136;Q1;;;;;;;
MT0013658337;Q1;;;;;;;
MT0013667097;Q1;;;;;;;
MT0013676763;Q4;;;;;;;
MT0013678986;Q1;;;;;;;
MT0013693326;Q4;;;;;;;
MT0013726148;Q3;;;;;;;
MT0013743441;Q2;;;;;;;
MT0013746403;Q3;;;;;;;
MT0013747898;Q4;;;;;;;
MT0013751364;Q2;;;;;;;
MT0013752990;Q2;;;;;;;
MT0013758625;Q1;;;;;;;
MT0013764945;Q3;;;;;;;
MT0013790748;Q2;;;;;;;
MT0013795989;Q1;;;;;;;
MT0013800071;Q1;;;;;;;
MT0013803861;Q3;;;;;;;
MT0013809129;Q3;;;;;;;
MT0013809208;Q1;;;;;;;
MT0013820793;Q3;;;;;;;
MT0013822237;Q2;;;;;;;
MT0013824918;Q2;;;;;;;
MT0013833732;Q4;;;;;;;
MT0013868618;Q3;;;;;;;
MT0013881862;Q2;;;;;;;
MT0013885218;Q2;;;;;;;
MT0013900095;Q1;;;;;;;
MT0013901316;Q4;;;;;;;
MT0013904850;Q4;;;;;;;
MT0013906090;Q1;;;;;;;
MT0013914319;Q1;;;;;;;
MT0013921881;Q2;;;;;;;
MT0013923586;Q4;;;;;;;
MT0013924254;Q1;;;;;;;
MT0013929650;Q1;;;;;;;
MT0013955066;Q4;;;;;;;
MT0013960578;Q1;;;;;;;
MT0013979875;Q2;;;;;;;
MT0013999544;Q1;;;;;;;
MT0014005525;Q1;;;;;;;
MT0014046859;Q3;;;;;;;
MT0014050974;Q3;;;;;;;
MT0014082915;Q1;;;;;;;
MT0014084173;Q2;;;;;;;
MT0014084256;Q1;;;;;;;
MT0014116864;Q2;;;;;;;
MT0014118699;Q3;;;;;;;
MT0014121590;Q2;;;;;;;
MT0014127375;Q4;;;;;;;
MT0014134790;Q4;;;;;;;
MT0014135173;Q2;;;;;;;
MT0014157389;Q2;;;;;;;
MT0014192212;Q3;;;;;;;
MT0014204470;Q3;;;;;;;
MT0014209882;Q2;;;;;;;
MT0014215479;Q4;;;;;;;
MT0014439055;Q2;;;;;;;
MT0014443758;Q1;;;;;;;
MT0014444602;Q1;;;;;;;
MT0014445318;Q1;;;;;;;
MT0014472963;Q2;;;;;;;
MT0014475915;Q4;;;;;;;
MT0014498396;Q4;;;;;;;
MT0014507179;Q4;;;;;;;
MT0014544554;Q1;;;;;;;
MT0014550042;Q3;;;;;;;
MT0014553025;Q1;;;;;;;
MT0014553172;Q4;;;;;;;
MT0014554353;Q1;;;;;;;
MT0014555701;Q1;;;;;;;
MT0014576739;Q1;;;;;;;
MT0014581361;Q2;;;;;;;
MT0014584319;Q4;;;;;;;
MT0014584473;Q3;;;;;;;
MT0014586720;Q1;;;;;;;
MT0014594482;Q2;;;;;;;
MT0014597919;Q4;;;;;;;
MT0014612093;Q4;;;;;;;
MT0014615863;Q2;;;;;;;
MT0014619583;Q1;;;;;;;
MT0014624309;Q4;;;;;;;
MT0014650353;Q4;;;;;;;
MT0014650360;Q1;;;;;;;
MT0014664637;Q1;;;;;;;
MT0014665667;Q3;;;;;;;
MT0014665693;Q3;;;;;;;
MT0014668887;Q3;;;;;;;
MT0014693814;Q3;;;;;;;
MT0014703649;Q2;;;;;;;
MT0014724547;Q4;;;;;;;
MT0014737299;Q3;;;;;;;
MT0014752461;Q4;;;;;;;
MT0014756127;Q2;;;;;;;
MT0014762437;Q2;;;;;;;
MT0014781093;Q1;;;;;;;
MT0014790813;Q2;;;;;;;
MT0014794891;Q3;;;;;;;
MT0014798420;Q3;;;;;;;
MT0014804830;Q3;;;;;;;
MT0014817509;Q2;;;;;;;
MT0014826870;Q4;;;;;;;
MT0014833239;Q1;;;;;;;
MT0014838459;Q2;;;;;;;
MT0014844849;Q2;;;;;;;
MT0014845647;Q2;;;;;;;
MT0014852191;Q2;;;;;;;
MT0014853937;Q3;;;;;;;
MT0014859055;Q2;;;;;;;
MT0014874934;Q1;;;;;;;
MT0014878397;Q2;;;;;;;
MT0014880463;Q2;;;;;;;
MT0014936205;Q3;;;;;;;
MT0014936656;Q4;;;;;;;
MT0014948707;Q2;;;;;;;
MT0014953592;Q2;;;;;;;
MT0014957211;Q2;;;;;;;
MT0014961114;Q3;;;;;;;
MT0014964772;Q2;;;;;;;
MT0014974957;Q2;;;;;;;
MT0014979000;Q3;;;;;;;
MT0014980594;Q2;;;;;;;
MT0014984545;Q3;;;;;;;
MT0014992158;Q4;;;;;;;
MT0014992356;Q1;;;;;;;
MT0014997916;Q2;;;;;;;
MT0015004289;Q3;;;;;;;
MT0015004867;Q2;;;;;;;
MT0015005100;Q1;;;;;;;
MT0015007103;Q3;;;;;;;
MT0015019608;Q2;;;;;;;
MT0015020231;Q1;;;;;;;
MT0015026273;Q2;;;;;;;
MT0015026293;Q4;;;;;;;
MT0015028144;Q1;;;;;;;
MT0015032338;Q4;;;;;;;
MT0015034564;Q2;;;;;;;
MT0015139461;Q3;;;;;;;
MT0015396140;Q4;;;;;;;
MT0015428521;Q1;;;;;;;
MT0015456449;Q1;;;;;;;
MT0015465230;Q3;;;;;;;
MT0015469804;Q2;;;;;;;
MT0015471594;Q4;;;;;;;
MT0015477550;Q4;;;;;;;
MT0015494518;Q2;;;;;;;
MT0015506396;Q4;;;;;;;
MT0015506741;Q4;;;;;;;
MT0015510419;Q3;;;;;;;
MT0015511866;Q1;;;;;;;
MT0015514030;Q3;;;;;;;
MT0015541501;Q2;;;;;;;
MT0015546206;Q1;;;;;;;
MT0015587436;Q2;;;;;;;
MT0015599764;Q3;;;;;;;
MT0015604179;Q3;;;;;;;
MT0015632625;Q4;;;;;;;
MT0015653546;Q4;;;;;;;
MT0015659520;Q4;;;;;;;
MT0015664499;Q3;;;;;;;
MT0015665796;Q3;;;;;;;
MT0015682649;Q3;;;;;;;
MT0015689411;Q3;;;;;;;
MT0015689749;Q3;;;;;;;
MT0015694210;Q3;;;;;;;
MT0015696773;Q3;;;;;;;
MT0015706588;Q4;;;;;;;
MT0015708437;Q2;;;;;;;
MT0015709701;Q4;;;;;;;
MT0015713000;Q3;;;;;;;
MT0015715008;Q3;;;;;;;
MT0015720220;Q3;;;;;;;
MT0015742096;Q1;;;;;;;
MT0015760726;Q4;;;;;;;
MT0015849191;Q4;;;;;;;
MT0015883602;Q3;;;;;;;
MT0015885791;Q1;;;;;;;
MT0015889071;Q2;;;;;;;
MT0015896210;Q1;;;;;;;
MT0015908129;Q4;;;;;;;
MT0015918974;Q3;;;;;;;
MT0015929505;Q3;;;;;;;
MT0015934550;Q1;;;;;;;
MT0015940634;Q2;;;;;;;
MT0015950558;Q2;;;;;;;
MT0015962332;Q2;;;;;;;
MT0015971175;Q2;;;;;;;
MT0016469828;Q3;;;;;;;
MT0016743722;Q2;;;;;;;
MT0016770768;Q1;;;;;;;
MT0016887233;Q4;;;;;;;
MT0016897938;Q4;;;;;;;
MT0016913402;Q3;;;;;;;
MT0016915093;Q2;;;;;;;
MT0016918508;Q1;;;;;;;
MT0016932218;Q4;;;;;;;
MT0016933152;Q3;;;;;;;
MT0016956738;Q2;;;;;;;
MT0016963741;Q4;;;;;;;
MT0016971741;Q1;;;;;;;
MT0016972827;Q1;;;;;;;
MT0016976154;Q3;;;;;;;
MT0016981570;Q3;;;;;;;
MT0016987100;Q1;;;;;;;
MT0016990726;Q1;;;;;;;
MT0017031590;Q1;;;;;;;
MT0017475710;Q2;;;;;;;
MT0017657810;Q1;;;;;;;
MT0017667847;Q4;;;;;;;
MT0017672677;Q4;;;;;;;
MT0017683327;Q1;;;;;;;
MT0017797643;Q1;;;;;;;
MT0017954224;Q4;;;;;;;
MT0017957157;Q1;;;;;;;
MT0017971951;Q1;;;;;;;
MT0018024152;Q1;;;;;;;
MT0018029465;Q1;;;;;;;
MT0018031959;Q1;;;;;;;
MT0018044514;Q3;;;;;;;
MT0018288135;Q2;;;;;;;
MT0018376280;Q4;;;;;;;
MT0018450519;Q1;;;;;;;
MT0018453545;Q3;;;;;;;
MT0018573219;Q1;;;;;;;
MT0018617125;Q1;;;;;;;
MT0018651126;Q1;;;;;;;
MT0018669856;Q2;;;;;;;
MT0018793776;Q1;;;;;;;
MT0018886935;Q3;;;;;;;
MT0019352491;Q4;;;;;;;
MT0019446620;Q4;;;;;;;
MT0019511872;Q4;;;;;;;
MT0019766193;Q3;;;;;;;
MT0020009125;Q2;;;;;;;
MT0020034314;Q2;;;;;;;
MT0026135542;Q1;;;;;;;
MT0026143373;Q1;;;;;;;
MT0026158301;Q1;;;;;;;
MT0026228956;Q4;;;;;;;
MT0026236933;Q3;;;;;;;
MT0026330298;Q3;;;;;;;
MT0026378461;Q3;;;;;;;
MT0026405027;Q3;;;;;;;
MT0026414107;Q4;;;;;;;
MT0026520343;Q2;;;;;;;
MT0026607275;Q4;;;;;;;
MT0026608644;Q4;;;;;;;
MT0026624084;Q2;;;;;;;
MT0026655309;Q4;;;;;;;
MT0026681751;Q2;;;;;;;
MT0026682960;Q3;;;;;;;
MT0026690204;Q3;;;;;;;
MT0026697228;Q3;;;;;;;
MT0026707664;Q4;;;;;;;
MT0026712161;Q4;;;;;;;
MT0026719173;Q2;;;;;;;
MT0026727455;Q1;;;;;;;
MT0026734083;Q2;;;;;;;
MT0026753145;Q1;;;;;;;
MT0026753827;Q1;;;;;;;
MT0026772613;Q2;;;;;;;
MT0026776967;Q4;;;;;;;
MT0026790435;Q1;;;;;;;
MT0026795261;Q1;;;;;;;
MT0026811443;Q3;;;;;;;
MT0026826094;Q3;;;;;;;
MT0026827978;Q4;;;;;;;
MT0026866290;Q1;;;;;;;
MT0026898936;Q2;;;;;;;
MT0026900439;Q1;;;;;;;
MT0026903849;Q2;;;;;;;
MT0026905937;Q3;;;;;;;
MT0026930415;Q1;;;;;;;
MT0026933516;Q1;;;;;;;
MT0026950915;Q1;;;;;;;
MT0026963572;Q2;;;;;;;
MT0026971941;Q4;;;;;;;
MT0026972072;Q4;;;;;;;
MT0026973618;Q4;;;;;;;
MT0026985012;Q2;;;;;;;
MT0026987140;Q2;;;;;;;
MT0026990793;Q2;;;;;;;
MT0026999750;Q1;;;;;;;
MT0027023212;Q4;;;;;;;
MT0027032503;Q2;;;;;;;
MT0027035970;Q1;;;;;;;
MT0027048677;Q1;;;;;;;
MT0027048746;Q1;;;;;;;
MT0027053023;Q1;;;;;;;
MT0027064560;Q4;;;;;;;
MT0027072382;Q1;;;;;;;
MT0027073298;Q2;;;;;;;
MT0027075208;Q2;;;;;;;
MT0027100467;Q4;;;;;;;
MT0027100747;Q4;;;;;;;
MT0027108305;Q1;;;;;;;
MT0027112893;Q1;;;;;;;
MT0027149420;Q1;;;;;;;
MT0027182657;Q3;;;;;;;
MT0027256574;Q2;;;;;;;
MT0027317557;Q2;;;;;;;
MT0027320606;Q1;;;;;;;
MT0027345606;Q2;;;;;;;
MT0027535695;Q1;;;;;;;
MT0027696140;Q1;;;;;;;
MT0027797339;Q1;;;;;;;
MT0027834332;Q2;;;;;;;
MT0027835071;Q4;;;;;;;
MT0027859587;Q4;;;;;;;
MT0027976714;Q4;;;;;;;
MT0028066739;Q4;;;;;;;
MT0028081047;Q2;;;;;;;
MT0028116568;Q4;;;;;;;
MT0028124490;Q2;;;;;;;
MT0028159092;Q2;;;;;;;
MT0028167155;Q2;;;;;;;
MT0028172888;Q2;;;;;;;
MT0028200740;Q1;;;;;;;
MT0028213435;Q2;;;;;;;
MT0028220133;Q1;;;;;;;
MT0028228337;Q4;;;;;;;
MT0028241237;Q1;;;;;;;
MT0028242839;Q4;;;;;;;
MT0028293340;Q4;;;;;;;
MT0028335228;Q4;;;;;;;
MT0028338292;Q3;;;;;;;
MT0028342814;Q4;;;;;;;
MT0028345470;Q2;;;;;;;
MT0028348785;Q2;;;;;;;
MT0028372740;Q1;;;;;;;
MT0028374210;Q4;;;;;;;
MT0028403561;Q4;;;;;;;
MT0028405583;Q2;;;;;;;
MT0028414490;Q4;;;;;;;
MT0028425911;Q4;;;;;;;
MT0028445777;Q1;;;;;;;
MT0028452849;Q1;;;;;;;
MT0028469910;Q2;;;;;;;
MT0028471202;Q2;;;;;;;
MT0028485956;Q1;;;;;;;
MT0028495262;Q1;;;;;;;
MT0028498801;Q4;;;;;;;
MT0028550964;Q4;;;;;;;
MT0028569169;Q4;;;;;;;
MT0028576698;Q4;;;;;;;
MT0028577920;Q3;;;;;;;
MT0028585667;Q3;;;;;;;
MT0028587966;Q4;;;;;;;
MT0028593700;Q3;;;;;;;
MT0028596249;Q4;;;;;;;
MT0028602128;Q1;;;;;;;
MT0028602140;Q1;;;;;;;
MT0028603801;Q1;;;;;;;
MT0028609181;Q4;;;;;;;
MT0028615001;Q1;;;;;;;
MT0028617351;Q4;;;;;;;
MT0028617657;Q1;;;;;;;
MT0028617797;Q2;;;;;;;
MT0028623145;Q2;;;;;;;
MT0028627699;Q1;;;;;;;
MT0028633715;Q2;;;;;;;
MT0028648077;Q1;;;;;;;
MT0028655327;Q4;;;;;;;
MT0028691865;Q3;;;;;;;
MT0028694655;Q4;;;;;;;
MT0028697763;Q4;;;;;;;
MT0028698324;Q3;;;;;;;
MT0028709149;Q4;;;;;;;
MT0028750297;Q2;;;;;;;
MT0028752173;Q4;;;;;;;
MT0028753982;Q4;;;;;;;
MT0028754256;Q2;;;;;;;
MT0028758101;Q4;;;;;;;
MT0028772639;Q2;;;;;;;
MT0028790582;Q2;;;;;;;
MT0028793036;Q2;;;;;;;
MT0028798040;Q2;;;;;;;
MT0028798502;Q4;;;;;;;
MT0028803170;Q3;;;;;;;
MT0028810073;Q3;;;;;;;
MT0028810869;Q2;;;;;;;
MT0028813190;Q2;;;;;;;
MT0028813196;Q4;;;;;;;
MT0028877759;Q4;;;;;;;
MT0028878677;Q4;;;;;;;
MT0028888763;Q3;;;;;;;
MT0028915582;Q3;;;;;;;
MT0028929933;Q3;;;;;;;
MT0028937743;Q1;;;;;;;
MT0028942506;Q4;;;;;;;
MT0028947009;Q3;;;;;;;
MT0029045449;Q3;;;;;;;
MT0029063409;Q4;;;;;;;
MT0029065626;Q1;;;;;;;
MT0029080694;Q4;;;;;;;
MT0029091265;Q4;;;;;;;
MT0029133325;Q3;;;;;;;
MT0029165558;Q1;;;;;;;
MT0029166572;Q3;;;;;;;
MT0029196396;Q2;;;;;;;
MT0029492542;Q1;;;;;;;
MT0029574551;Q4;;;;;;;
MT0029767615;Q1;;;;;;;
MT0029772184;Q2;;;;;;;
MT0029825641;Q1;;;;;;;
MT0029852139;Q1;;;;;;;
MT0029861029;Q3;;;;;;;
MT0029861679;Q4;;;;;;;
MT0029874624;Q1;;;;;;;
MT0029877658;Q3;;;;;;;
MT0029976595;Q4;;;;;;;
MT0030006612;Q4;;;;;;;
MT0030007733;Q4;;;;;;;
MT0030074137;Q3;;;;;;;
MT0030075668;Q1;;;;;;;
MT0030097307;Q3;;;;;;;
MT0030097602;Q4;;;;;;;
MT0030153479;Q3;;;;;;;
MT0030155408;Q3;;;;;;;
MT0030160582;Q2;;;;;;;
MT0030177407;Q2;;;;;;;
MT0030184605;Q2;;;;;;;
MT0030203700;Q3;;;;;;;
MT0030203729;Q2;;;;;;;
MT0030211400;Q2;;;;;;;
MT0030212531;Q4;;;;;;;
MT0030214520;Q2;;;;;;;
MT0030233759;Q2;;;;;;;
MT0030247926;Q3;;;;;;;
MT0030248025;Q1;;;;;;;
MT0030252676;Q3;;;;;;;
MT0030282816;Q4;;;;;;;
MT0030282917;Q4;;;;;;;
MT0030286920;Q4;;;;;;;
MT0030289937;Q3;;;;;;;
MT0030291182;Q1;;;;;;;
MT0030297713;Q1;;;;;;;
MT0030304982;Q3;;;;;;;
MT0030319227;Q4;;;;;;;
MT0030321464;Q3;;;;;;;
MT0030324011;Q2;;;;;;;
MT0030327630;Q2;;;;;;;
MT0030349080;Q1;;;;;;;
MT0030362174;Q4;;;;;;;
MT0030362299;Q1;;;;;;;
MT0030369896;Q4;;;;;;;
MT0030400613;Q3;;;;;;;
MT0030407300;Q1;;;;;;;
MT0030422114;Q3;;;;;;;
MT0030435905;Q2;;;;;;;
MT0030438262;Q4;;;;;;;
MT0030481692;Q4;;;;;;;
MT0030481897;Q4;;;;;;;
MT0030484925;Q1;;;;;;;
MT0030487841;Q1;;;;;;;
MT0030489320;Q2;;;;;;;
MT0030499533;Q4;;;;;;;
MT0030504803;Q3;;;;;;;
MT0030646708;Q4;;;;;;;
MT0030968017;Q3;;;;;;;
MT0031024722;Q4;;;;;;;
MT0031036016;Q3;;;;;;;
MT0031049140;Q3;;;;;;;
MT0031365452;Q1;;;;;;;
MT0031375281;Q4;;;;;;;
MT0031462756;Q1;;;;;;;
MT0031495046;Q4;;;;;;;
MT0031508823;Q1;;;;;;;
MT0031514928;Q1;;;;;;;
MT0031544440;Q1;;;;;;;
MT0031548988;Q1;;;;;;;
MT0031555265;Q2;;;;;;;
MT0031574394;Q1;;;;;;;
MT0031615488;Q4;;;;;;;
MT0031618741;Q4;;;;;;;
MT0031626819;Q4;;;;;;;
MT0031661393;Q2;;;;;;;
MT0031664726;Q1;;;;;;;
MT0031693432;Q3;;;;;;;
MT0031716439;Q1;;;;;;;
MT0031726825;Q2;;;;;;;
MT0031733848;Q4;;;;;;;
MT0031783178;Q4;;;;;;;
MT0031807708;Q4;;;;;;;
MT0031826295;Q4;;;;;;;
MT0031826774;Q4;;;;;;;
MT0031827474;Q4;;;;;;;
MT0031834881;Q1;;;;;;;
MT0031841471;Q3;;;;;;;
MT0031855026;Q3;;;;;;;
MT0031861483;Q2;;;;;;;
MT0031868141;Q1;;;;;;;
MT0031875986;Q2;;;;;;;
MT0031886830;Q4;;;;;;;
MT0031892359;Q4;;;;;;;
MT0031893087;Q4;;;;;;;
MT0031898123;Q4;;;;;;;
MT0031901408;Q1;;;;;;;
MT0031903528;Q3;;;;;;;
MT0031912859;Q4;;;;;;;
MT0031914705;Q1;;;;;;;
MT0031917087;Q1;;;;;;;
MT0031917220;Q4;;;;;;;
MT0031919267;Q1;;;;;;;
MT0031919561;Q2;;;;;;;
MT0031924755;Q2;;;;;;;
MT0031925901;Q2;;;;;;;
MT0031939057;Q4;;;;;;;
MT0031940284;Q3;;;;;;;
MT0031951901;Q3;;;;;;;
MT0031952089;Q1;;;;;;;
MT0031964947;Q2;;;;;;;
MT0031972398;Q2;;;;;;;
MT0031979912;Q1;;;;;;;
MT0031995272;Q1;;;;;;;
MT0031996487;Q4;;;;;;;
MT0031996897;Q1;;;;;;;
MT0032001427;Q4;;;;;;;
MT0032039381;Q1;;;;;;;
MT0032048707;Q4;;;;;;;
MT0032050779;Q2;;;;;;;
MT0032060949;Q4;;;;;;;
MT0032061091;Q1;;;;;;;
MT0032061241;Q1;;;;;;;
MT0032093528;Q4;;;;;;;
MT0032157716;Q2;;;;;;;
MT0032181833;Q1;;;;;;;
MT0032235381;Q1;;;;;;;
MT0032297238;Q2;;;;;;;
MT0032332758;Q1;;;;;;;
MT0032405040;Q1;;;;;;;
MT0032405359;Q4;;;;;;;
MT0032628164;Q4;;;;;;;
MT0032643023;Q3;;;;;;;
MT0032651589;Q2;;;;;;;
MT0032665811;Q2;;;;;;;
MT0032673223;Q1;;;;;;;
MT0032682675;Q4;;;;;;;
MT0032698237;Q4;;;;;;;
MT0032701682;Q1;;;;;;;
MT0032723940;Q4;;;;;;;
MT0032757175;Q3;;;;;;;
MT0032760813;Q4;;;;;;;
MT0032768117;Q4;;;;;;;
MT0032768122;Q1;;;;;;;
MT0032778604;Q4;;;;;;;
MT0032782452;Q1;;;;;;;
MT0032892262;Q1;;;;;;;
MT0032957418;Q2;;;;;;;
MT0033061162;Q4;;;;;;;
MT0033097471;Q2;;;;;;;
MT0033126079;Q3;;;;;;;
MT0033155511;Q2;;;;;;;
MT0033159895;Q3;;;;;;;
MT0033177286;Q3;;;;;;;
MT0033218453;Q4;;;;;;;
MT0033226848;Q3;;;;;;;
MT0033252621;Q2;;;;;;;
MT0033258989;Q4;;;;;;;
MT0033262254;Q4;;;;;;;
MT0033262547;Q4;;;;;;;
MT0033287096;Q2;;;;;;;
MT0033287114;Q2;;;;;;;
MT0033293296;Q1;;;;;;;
MT0033317646;Q3;;;;;;;
MT0033319941;Q3;;;;;;;
MT0033345959;Q3;;;;;;;
MT0033376569;Q4;;;;;;;
MT0033380436;Q4;;;;;;;
MT0033381821;Q1;;;;;;;
MT0033388898;Q1;;;;;;;
MT0033389924;Q3;;;;;;;
MT0033391277;Q4;;;;;;;
MT0033391280;Q4;;;;;;;
MT0033397838;Q1;;;;;;;
MT0033397942;Q4;;;;;;;
MT0033399262;Q4;;;;;;;
MT0033410438;Q4;;;;;;;
MT0033415296;Q1;;;;;;;
MT0033430737;Q1;;;;;;;
MT0033442719;Q3;;;;;;;
MT0033443279;Q1;;;;;;;
MT0033459750;Q4;;;;;;;
MT0033461826;Q4;;;;;;;
MT0033470806;Q2;;;;;;;
MT0033473090;Q4;;;;;;;
MT0033493473;Q4;;;;;;;
MT0033512773;Q1;;;;;;;
MT0033717316;Q1;;;;;;;
MT0033733581;Q4;;;;;;;
MT0033818006;Q4;;;;;;;
MT0033841575;Q1;;;;;;;
MT0033940994;Q1;;;;;;;
MT0033958450;Q1;;;;;;;
MT0033974184;Q2;;;;;;;
MT0033987987;Q4;;;;;;;
MT0033993440;Q4;;;;;;;
MT0033998763;Q4;;;;;;;
MT0034005433;Q4;;;;;;;
MT0034013916;Q2;;;;;;;
MT0034015731;Q4;;;;;;;
MT0034064577;Q1;;;;;;;
MT0034085485;Q4;;;;;;;
MT0034094847;Q3;;;;;;;
MT0034106363;Q4;;;;;;;
MT0034113973;Q2;;;;;;;
MT0034125967;Q1;;;;;;;
MT0034130398;Q2;;;;;;;
MT0034136847;Q3;;;;;;;
MT0034138322;Q4;;;;;;;
MT0034186195;Q4;;;;;;;
MT0034186620;Q4;;;;;;;
MT0034191542;Q4;;;;;;;
MT0034197846;Q3;;;;;;;
MT0034203861;Q4;;;;;;;
MT0034210118;Q4;;;;;;;
MT0034211183;Q1;;;;;;;
MT0034212119;Q4;;;;;;;
MT0034225020;Q4;;;;;;;
MT0034230990;Q4;;;;;;;
MT0034403159;Q2;;;;;;;
MT0034403951;Q2;;;;;;;
MT0034410340;Q3;;;;;;;
MT0034422157;Q4;;;;;;;
MT0034426806;Q2;;;;;;;
MT0034429136;Q4;;;;;;;
MT0034518366;Q3;;;;;;;
MT0034549623;Q3;;;;;;;
MT0034551604;Q4;;;;;;;
MT0034552648;Q1;;;;;;;
MT0034560618;Q3;;;;;;;
MT0034563474;Q1;;;;;;;
MT0034574251;Q3;;;;;;;
MT0034577222;Q4;;;;;;;
MT0034577404;Q4;;;;;;;
MT0034670435;Q2;;;;;;;
MT0034677542;Q1;;;;;;;
MT0034694413;Q2;;;;;;;
MT0034695587;Q4;;;;;;;
MT0034706827;Q4;;;;;;;
MT0034731020;Q4;;;;;;;
MT0034800740;Q3;;;;;;;
MT0034816599;Q2;;;;;;;
MT0034852831;Q1;;;;;;;
MT0034893754;Q1;;;;;;;
MT0034988131;Q1;;;;;;;
MT0034991842;Q2;;;;;;;
MT0034992204;Q4;;;;;;;
MT0034992752;Q1;;;;;;;
MT0034992958;Q4;;;;;;;
MT0034996484;Q2;;;;;;;
MT0035000258;Q4;;;;;;;
MT0035007057;Q3;;;;;;;
MT0035014333;Q1;;;;;;;
MT0035037927;Q1;;;;;;;
MT0035108409;Q4;;;;;;;
MT0035119161;Q4;;;;;;;
MT0035133312;Q1;;;;;;;
MT0035241675;Q2;;;;;;;
MT0035285414;Q2;;;;;;;
MT0035316286;Q3;;;;;;;
MT0035322836;Q2;;;;;;;
MT0035323832;Q4;;;;;;;
MT0035332435;Q1;;;;;;;
MT0035332835;Q2;;;;;;;
MT0035334027;Q2;;;;;;;
MT0035518031;Q4;;;;;;;
MT0035833639;Q3;;;;;;;
MT0035974809;Q3;;;;;;;
MT0035974819;Q3;;;;;;;
MT0036111736;Q2;;;;;;;
MT0036111751;Q2;;;;;;;
MT0036111757;Q2;;;;;;;
MT0036217440;Q1;;;;;;;
MT0036368550;Q1;;;;;;;
MT0039250520;Q2;;;;;;;
MT0040033011;Q3;;;;;;;
MT0041030749;Q4;;;;;;;
;;;;;;;;
