10cc-for_you_and_i;not angry - agressive
10cc-for_you_and_i;calming
2pac-trapped;not calming
2pac-trapped;not happy
2pac-trapped;angry
2pac-trapped;aggressive
5th_dimension-one_less_bell_to_answer;calming
5th_dimension-one_less_bell_to_answer;not happy
5th_dimension-one_less_bell_to_answer;sad
a_tribe_called_quest-bonita_applebum;not sad
a_tribe_called_quest-bonita_applebum;not angry - agressive
a_tribe_called_quest-bonita_applebum;calming
aaron_neville-tell_it_like_it_is;not happy
aaron_neville-tell_it_like_it_is;not angry - agressive
aaron_neville-tell_it_like_it_is;calming
abba-s.o.s.;not angry - agressive
abba-s.o.s.;happy
abba-s.o.s.;not calming
abba-s.o.s.;not sad
abc-poison_arrow;not calming
ac_dc-dirty_deeds_done_dirt_cheap;not calming
ac_dc-dirty_deeds_done_dirt_cheap;not sad
ac_dc-dirty_deeds_done_dirt_cheap;aggressive
ac_dc-dirty_deeds_done_dirt_cheap;angry
adam_and_the_ants-prince_charming;not calming
adam_and_the_ants-prince_charming;not happy
adverts-gary_gilmores_eyes;not happy
adverts-gary_gilmores_eyes;not calming
adverts-gary_gilmores_eyes;angry
adverts-gary_gilmores_eyes;not sad
aerobic_jonquil-sweat_machine;not sad
aerobic_jonquil-sweat_machine;not angry - agressive
aerobic_jonquil-sweat_machine;not happy
aerobic_jonquil-sweat_machine;calming
aerosmith-dude_looks_like_a_lady;not sad
aerosmith-dude_looks_like_a_lady;not calming
aerosmith-dude_looks_like_a_lady;happy
aimee_mann-wise_up;not angry - agressive
aimee_mann-wise_up;calming
aimee_mann-wise_up;not happy
air-sexy_boy;calming
al_green-sha-la-la_make_me_happy;calming
al_green-sha-la-la_make_me_happy;happy
al_green-sha-la-la_make_me_happy;not angry - agressive
al_green-sha-la-la_make_me_happy;not sad
alanis_morissette-thank_u;sad
alice_cooper-elected;not sad
alice_cooper-elected;not calming
alice_in_chains-no_excuses;sad
alicia_keys-fallin;not angry - agressive
allman_brothers_band-melissa;not angry - agressive
allman_brothers_band-melissa;calming
altered_images-dont_talk_to_me_about_love;happy
altered_images-dont_talk_to_me_about_love;not angry - agressive
altered_images-dont_talk_to_me_about_love;not sad
american_music_club-jesus_hands;not angry - agressive
american_music_club-jesus_hands;calming
andrews_sisters-boogie_woogie_bugle_boy;not angry - agressive
andrews_sisters-boogie_woogie_bugle_boy;happy
andrews_sisters-boogie_woogie_bugle_boy;not sad
ani_difranco-crime_for_crime;angry
ani_difranco-crime_for_crime;not happy
ani_difranco-crime_for_crime;not calming
animals-im_crying;not angry - agressive
animals-im_crying;aggressive
animals-im_crying;not calming
anita_baker-caught_up_in_the_rapture;calming
anita_baker-caught_up_in_the_rapture;not angry - agressive
anita_baker-caught_up_in_the_rapture;happy
anita_baker-caught_up_in_the_rapture;not sad
antiguru-peering;not angry - agressive
antiguru-peering;not sad
antiguru-peering;happy
antiguru-peering;calming
antonio_carlos_jobim-wave;happy
antonio_carlos_jobim-wave;not angry - agressive
antonio_carlos_jobim-wave;not sad
anup-life_glides;not sad
anup-life_glides;not angry - agressive
anup-life_glides;happy
aphex_twin-come_to_daddy;not calming
aphex_twin-come_to_daddy;not happy
aphex_twin-come_to_daddy;aggressive
aphex_twin-come_to_daddy;angry
apples_in_stereo-glowworm;not sad
apples_in_stereo-glowworm;not angry - agressive
aretha_franklin-dont_play_that_song;not angry - agressive
arlo_guthrie-alices_restaurant_massacree;not angry - agressive
arlo_guthrie-alices_restaurant_massacree;calming
arlo_guthrie-alices_restaurant_massacree;happy
arlo_guthrie-alices_restaurant_massacree;not sad
art_tatum-willow_weep_for_me;happy
art_tatum-willow_weep_for_me;calming
art_tatum-willow_weep_for_me;not angry - agressive
artemis-don_t_look_back;not happy
artemis-don_t_look_back;not angry - agressive
artemis-don_t_look_back;not sad
arthur_alexander-you_dont_care;not happy
arthur_alexander-you_dont_care;not angry - agressive
arthur_yoria-at_least_you_ve_been_told;not calming
arthur_yoria-at_least_you_ve_been_told;not sad
arthur_yoria-at_least_you_ve_been_told;not angry - agressive
ashford_and_simpson-solid;not angry - agressive
ashford_and_simpson-solid;happy
ashford_and_simpson-solid;not sad
association-windy;not angry - agressive
association-windy;happy
association-windy;not sad
atomic_opera-watergrave;not happy
b.b._king-sweet_little_angel;calming
b.b._king-sweet_little_angel;not angry - agressive
backstreet_boys-as_long_as_you_love_me;calming
backstreet_boys-as_long_as_you_love_me;not angry - agressive
badly_drawn_boy-all_possibilities;not sad
badly_drawn_boy-all_possibilities;happy
band-king_harvest_has_surely_come;not sad
band-king_harvest_has_surely_come;happy
barbara_leoni-don_t_rain_on_my_parade;happy
barbara_leoni-don_t_rain_on_my_parade;not sad
barbara_leoni-don_t_rain_on_my_parade;not angry - agressive
barenaked_ladies-its_all_been_done;not angry - agressive
barenaked_ladies-its_all_been_done;not calming
barry_manilow-mandy;not angry - agressive
barry_manilow-mandy;calming
barry_white-cant_get_enough_of_your_love_babe;not angry - agressive
bauhaus-ziggy_stardust;not calming
bauhaus-ziggy_stardust;not sad
bay_city_rollers-saturday_night;happy
bay_city_rollers-saturday_night;not calming
bay_city_rollers-saturday_night;not angry - agressive
bay_city_rollers-saturday_night;not sad
beach_boys-i_get_around;not calming
beach_boys-i_get_around;not angry - agressive
beach_boys-i_get_around;not sad
beatles-strawberry_fields_forever;calming
beatles-strawberry_fields_forever;not angry - agressive
beatundercontrol-this_is_beatundercontrol;not calming
beautiful_south-one_last_love_song;not angry - agressive
beautiful_south-one_last_love_song;calming
beautiful_south-one_last_love_song;sad
beautiful_south-one_last_love_song;not happy
beck-where_its_at;happy
bee_gees-stayin_alive;not calming
bee_gees-stayin_alive;happy
bee_gees-stayin_alive;not angry - agressive
bee_gees-stayin_alive;not sad
belief_systems-skunk_werks;not angry - agressive
belief_systems-skunk_werks;not happy
belle_and_sebastian-like_dylan_in_the_movies;not sad
belle_and_sebastian-like_dylan_in_the_movies;not angry - agressive
belle_and_sebastian-like_dylan_in_the_movies;calming
belle_and_sebastian-like_dylan_in_the_movies;not happy
ben_folds_five-brick;sad
ben_folds_five-brick;not angry - agressive
ben_folds_five-brick;not happy
ben_folds_five-brick;calming
beth_quist-survival;not happy
beth_quist-survival;not angry - agressive
big_star-in_the_street;not sad
big_star-in_the_street;not angry - agressive
big_star-in_the_street;happy
billie_holiday-god_bless_the_child;not angry - agressive
billie_holiday-god_bless_the_child;calming
billy_bragg-jeane;not happy
billy_bragg-jeane;not calming
billy_bragg-jeane;sad
billy_joel-we_didnt_start_the_fire;not sad
billy_joel-we_didnt_start_the_fire;not calming
billy_joel-we_didnt_start_the_fire;happy
birthday_party-mr._clarinet;not happy
birthday_party-mr._clarinet;angry
birthday_party-mr._clarinet;not calming
birthday_party-mr._clarinet;sad
bjrk-army_of_me;not happy
bjrk-army_of_me;not calming
bjrk-army_of_me;angry
black_crowes-thorn_in_my_pride;not angry - agressive
black_crowes-thorn_in_my_pride;not sad
black_flag-six_pack;not happy
black_flag-six_pack;not calming
black_flag-six_pack;angry
black_flag-six_pack;aggressive
black_sabbath-black_sabbath;sad
black_sabbath-black_sabbath;not calming
black_sabbath-black_sabbath;not happy
black_sabbath-black_sabbath;aggressive
black_sabbath-black_sabbath;angry
blind_faith-had_to_cry_today;not happy
blind_melon-no_rain;not angry - agressive
blondie-rapture;not sad
blondie-rapture;not angry - agressive
blood_sweat_and_tears-sometimes_in_winter;not happy
blood_sweat_and_tears-sometimes_in_winter;not angry - agressive
blood_sweat_and_tears-sometimes_in_winter;calming
blue_yster_cult-burnin_for_you;not sad
blue_yster_cult-burnin_for_you;not angry - agressive
blue_yster_cult-burnin_for_you;happy
blur-country_house;not sad
blur-country_house;happy
blur-country_house;not angry - agressive
bo_diddley-you_cant_judge_a_book_by_its_cover;not angry - agressive
bo_diddley-you_cant_judge_a_book_by_its_cover;not sad
bo_diddley-you_cant_judge_a_book_by_its_cover;happy
bob_dylan-ill_be_your_baby_tonight;calming
bob_dylan-ill_be_your_baby_tonight;not angry - agressive
bob_marley_and_the_wailers-three_little_birds;not angry - agressive
bob_marley_and_the_wailers-three_little_birds;happy
bob_marley_and_the_wailers-three_little_birds;not sad
bob_marley_and_the_wailers-three_little_birds;calming
bob_seger-turn_the_page;calming
bob_seger-turn_the_page;not happy
bob_seger-turn_the_page;sad
bob_seger-turn_the_page;not angry - agressive
bobby_brown-my_prerogative;happy
bobby_brown-my_prerogative;not sad
bobby_fuller_four-i_fought_the_law;not sad
bobby_womack-womans_gotta_have_it;not angry - agressive
bobby_womack-womans_gotta_have_it;calming
bobby_womack-womans_gotta_have_it;happy
bomb_the_bass-bug_powder_dust;not calming
bomb_the_bass-bug_powder_dust;aggressive
bomb_the_bass-bug_powder_dust;angry
bon_jovi-livin_on_a_prayer;not sad
bon_jovi-livin_on_a_prayer;not calming
bonnie_tyler-total_eclipse_of_the_heart;sad
bonnie_tyler-total_eclipse_of_the_heart;not happy
bonnie_tyler-total_eclipse_of_the_heart;not angry - agressive
boo_radleys-wake_up_boo;not calming
boo_radleys-wake_up_boo;not sad
boo_radleys-wake_up_boo;not angry - agressive
boo_radleys-wake_up_boo;happy
boogie_down_productions-the_bridge_is_over;not calming
boogie_down_productions-the_bridge_is_over;angry
booker_t._and_the_mgs-time_is_tight;not sad
booker_t._and_the_mgs-time_is_tight;not angry - agressive
booker_t._and_the_mgs-time_is_tight;happy
boston-more_than_a_feeling;not sad
boston-more_than_a_feeling;not calming
boston-more_than_a_feeling;not angry - agressive
brad_sucks-overreacting;not angry - agressive
bread-if;not angry - agressive
bread-if;calming
breeders-cannonball;not calming
brenton_wood-lovey_dovey_kind_of_love;not sad
brenton_wood-lovey_dovey_kind_of_love;not angry - agressive
brenton_wood-lovey_dovey_kind_of_love;happy
brenton_wood-lovey_dovey_kind_of_love;calming
brian_eno-here_come_the_warm_jets;happy
britney_spears-im_a_slave_for_you;not angry - agressive
britney_spears-im_a_slave_for_you;happy
britney_spears-im_a_slave_for_you;not sad
bruce_springsteen-badlands;not sad
bruce_springsteen-badlands;not calming
bruce_springsteen-badlands;happy
bruce_springsteen-badlands;not angry - agressive
bryan_adams-cuts_like_a_knife;not sad
bryan_adams-cuts_like_a_knife;not calming
buddy_holly-peggy_sue;not angry - agressive
buddy_holly-peggy_sue;not sad
buena_vista_social_club-el_cuarto_de_tula;happy
buena_vista_social_club-el_cuarto_de_tula;not angry - agressive
buffalo_springfield-for_what_its_worth;calming
buggles-video_killed_the_radio_star;not angry - agressive
buggles-video_killed_the_radio_star;not sad
built_to_spill-i_would_hurt_a_fly;not happy
built_to_spill-i_would_hurt_a_fly;sad
burnshee_thornside-goodbye_on_a_beautiful_day;not angry - agressive
bush-comedown;aggressive
bush-comedown;angry
bush-comedown;not calming
bush-comedown;not happy
busta_rhymes-woo_hah_got_you_all_in_check;angry
buzzcocks-everybodys_happy_nowadays;not sad
buzzcocks-everybodys_happy_nowadays;not angry - agressive
buzzcocks-everybodys_happy_nowadays;happy
byrds-wasnt_born_to_follow;not sad
c_layne-devil_and_the_woman;not happy
c_layne-devil_and_the_woman;not angry - agressive
cab_calloway-minnie_the_moocher;not angry - agressive
cake-perhaps,_perhaps,_perhaps;sad
camper_van_beethoven-take_the_skinheads_bowling;not sad
camper_van_beethoven-take_the_skinheads_bowling;not angry - agressive
canned_heat-on_the_road_again;not angry - agressive
canned_heat-on_the_road_again;not happy
captain_beefheart_and_the_magic_band-safe_as_milk;not calming
captain_beefheart_and_the_magic_band-safe_as_milk;aggressive
captain_beefheart_and_the_magic_band-safe_as_milk;angry
cardigans-lovefool;not angry - agressive
cardigans-lovefool;happy
cargo_cult-garden;angry
carl_perkins-matchbox;not angry - agressive
carl_perkins-matchbox;not calming
carole_king-youve_got_a_friend;not angry - agressive
carole_king-youve_got_a_friend;calming
carole_king-youve_got_a_friend;happy
carpenters-rainy_days_and_mondays;calming
carpenters-rainy_days_and_mondays;not angry - agressive
carpenters-rainy_days_and_mondays;not happy
carpenters-rainy_days_and_mondays;sad
cars-good_times_roll;happy
cars-good_times_roll;not sad
cars-good_times_roll;not angry - agressive
cat_power-he_war;sad
cat_power-he_war;not calming
cat_power-he_war;not happy
catherine_wheel-black_metallic;not angry - agressive
catherine_wheel-black_metallic;calming
cc_music_factory-gonna_make_you_sweat_everybody_dance_now;not sad
cc_music_factory-gonna_make_you_sweat_everybody_dance_now;happy
chad_and_jeremy-before_and_after;sad
chad_and_jeremy-before_and_after;not angry - agressive
chad_and_jeremy-before_and_after;not happy
chad_and_jeremy-before_and_after;calming
chantal_kreviazuk-surrounded;sad
chantal_kreviazuk-surrounded;not happy
chantal_kreviazuk-surrounded;not angry - agressive
charles_mingus-mood_indigo;calming
charles_mingus-mood_indigo;sad
charles_mingus-mood_indigo;not angry - agressive
charles_mingus-mood_indigo;not happy
charlie_parker-ornithology;happy
charlie_parker-ornithology;calming
charlie_parker-ornithology;not sad
charlie_parker-ornithology;not angry - agressive
charlie_rich-behind_closed_doors;not sad
charlie_rich-behind_closed_doors;calming
charlie_rich-behind_closed_doors;happy
charlie_rich-behind_closed_doors;not angry - agressive
cheap_trick-dream_police;not sad
cheap_trick-dream_police;happy
cheap_trick-dream_police;aggressive
chemical_brothers-setting_sun;not happy
chemical_brothers-setting_sun;not calming
cheryl_ann_fulton-marsh_of_rhuddlan;not angry - agressive
cheryl_ann_fulton-marsh_of_rhuddlan;happy
cheryl_ann_fulton-marsh_of_rhuddlan;not sad
cheryl_ann_fulton-marsh_of_rhuddlan;calming
chet_baker-these_foolish_things;not angry - agressive
chet_baker-these_foolish_things;calming
chi-lites-stoned_out_of_my_mind;calming
chi-lites-stoned_out_of_my_mind;not sad
chi-lites-stoned_out_of_my_mind;not angry - agressive
chi-lites-stoned_out_of_my_mind;happy
chic-le_freak;not angry - agressive
chic-le_freak;not sad
chic-le_freak;not calming
chic-le_freak;happy
chicago-if_you_leave_me_now;not happy
chicago-if_you_leave_me_now;calming
chicago-if_you_leave_me_now;sad
chicago-if_you_leave_me_now;not angry - agressive
chills-i_love_my_leather_jacket;not sad
chills-i_love_my_leather_jacket;not angry - agressive
chris_juergensen-prospects;calming
chris_juergensen-prospects;not angry - agressive
chris_juergensen-prospects;not sad
christina_aguilera-genie_in_a_bottle;happy
christina_aguilera-genie_in_a_bottle;not angry - agressive
christina_aguilera-genie_in_a_bottle;not sad
chuck_berry-roll_over_beethoven;happy
chuck_berry-roll_over_beethoven;not sad
chumbawamba-tubthumping;not sad
chumbawamba-tubthumping;happy
chumbawamba-tubthumping;not angry - agressive
chumbawamba-tubthumping;not calming
church-under_the_milky_way;not happy
church-under_the_milky_way;not angry - agressive
cilla_black-alfie;calming
cilla_black-alfie;not happy
cilla_black-alfie;not angry - agressive
clarence_ashley-the_house_carpenter;not angry - agressive
clash-lost_in_the_supermarket;not angry - agressive
coasters-poison_ivy;not angry - agressive
coldplay-clocks;not angry - agressive
coldplay-clocks;calming
coldplay-clocks;not sad
contours-do_you_love_me;not angry - agressive
contours-do_you_love_me;not sad
contours-do_you_love_me;not calming
contours-do_you_love_me;happy
count_basie-lester_leaps_in;happy
count_basie-lester_leaps_in;not angry - agressive
count_basie-lester_leaps_in;not sad
count_basie-lester_leaps_in;calming
counting_crows-speedway;not happy
counting_crows-speedway;calming
counting_crows-speedway;sad
counting_crows-speedway;not angry - agressive
cowboy_junkies-postcard_blues;calming
cowboy_junkies-postcard_blues;not happy
cowboy_junkies-postcard_blues;sad
cowboy_junkies-postcard_blues;not angry - agressive
cranberries-linger;calming
cranberries-linger;not happy
cream-tales_of_brave_ulysses;not angry - agressive
cream-tales_of_brave_ulysses;sad
creedence_clearwater_revival-travelin_band;not sad
creedence_clearwater_revival-travelin_band;happy
creedence_clearwater_revival-travelin_band;not calming
crosby_stills_and_nash-guinnevere;not angry - agressive
crosby_stills_and_nash-guinnevere;not happy
crosby_stills_and_nash-guinnevere;calming
crosby_stills_nash_and_young-teach_your_children;not angry - agressive
crosby_stills_nash_and_young-teach_your_children;calming
curandero-aras;not angry - agressive
curandero-aras;not sad
cure-just_like_heaven;not angry - agressive
curtis_mayfield-move_on_up;not sad
curtis_mayfield-move_on_up;not angry - agressive
curtis_mayfield-move_on_up;happy
cyndi_lauper-money_changes_everything;not calming
cypress_hill-lowrider;not sad
daft_punk-da_funk;not calming
darkness-i_believe_in_a_thing_called_love;not sad
dave_matthews_band-ants_marching;not angry - agressive
dave_matthews_band-ants_marching;not sad
dave_matthews_band-ants_marching;happy
dave_matthews_band-ants_marching;calming
david_bowie-song_for_bob_dylan;happy
david_bowie-song_for_bob_dylan;not calming
de_la_soul-eye_know;not angry - agressive
de_la_soul-eye_know;not sad
dead_kennedys-chemical_warfare;not sad
dead_kennedys-chemical_warfare;aggressive
dead_kennedys-chemical_warfare;not calming
dead_kennedys-chemical_warfare;angry
dead_kennedys-chemical_warfare;not happy
def_leppard-pour_some_sugar_on_me;not calming
def_leppard-pour_some_sugar_on_me;not sad
dennis_brown-tribulation;calming
depeche_mode-world_in_my_eyes;not angry - agressive
depeche_mode-world_in_my_eyes;not sad
devo-girl_u_want;not angry - agressive
devo-girl_u_want;not calming
diana_ross_and_the_supremes-where_did_our_love_go;not angry - agressive
diana_ross_and_the_supremes-where_did_our_love_go;calming
diana_ross_and_the_supremes-where_did_our_love_go;happy
dido-here_with_me;calming
dido-here_with_me;not angry - agressive
dionne_warwick-walk_on_by;not angry - agressive
dionne_warwick-walk_on_by;sad
dionne_warwick-walk_on_by;not happy
dionne_warwick-walk_on_by;calming
dire_straits-money_for_nothing;not calming
dire_straits-money_for_nothing;not sad
dire_straits-money_for_nothing;happy
dj_jazzy_jeff_and_the_fresh_prince-summertime;happy
dj_jazzy_jeff_and_the_fresh_prince-summertime;not sad
dj_markitos-sunset_138_bpm_remix;not angry - agressive
dj_markitos-sunset_138_bpm_remix;not sad
django_reinhardt-brazil;not angry - agressive
django_reinhardt-brazil;happy
django_reinhardt-brazil;not sad
django_reinhardt-brazil;calming
domased-too_slow;not sad
domased-too_slow;not calming
domased-too_slow;not angry - agressive
donovan-catch_the_wind;not angry - agressive
doobie_brothers-china_grove;not sad
doobie_brothers-china_grove;not calming
doobie_brothers-china_grove;happy
doors-touch_me;happy
doors-touch_me;not angry - agressive
doors-touch_me;not sad
dr._dre-nuthin_but_a_g_thang;aggressive
dr._dre-nuthin_but_a_g_thang;not sad
dr_kuch-persuaders_dub;not calming
drevo-our_watcher_show_us_the_way;calming
drevo-our_watcher_show_us_the_way;not angry - agressive
drop_trio-slapjack;happy
drop_trio-slapjack;calming
drop_trio-slapjack;not angry - agressive
drop_trio-slapjack;not sad
duke_ellington_and_his_orchestra-caravan;not calming
duke_ellington_and_his_orchestra-caravan;happy
duke_ellington_and_his_orchestra-caravan;not angry - agressive
duke_ellington_and_his_orchestra-caravan;not sad
duncan_sheik-barely_breathing;not angry - agressive
duncan_sheik-barely_breathing;not calming
duran_duran-come_undone;sad
duran_duran-come_undone;not angry - agressive
duran_duran-come_undone;not happy
duran_duran-come_undone;calming
eagles-tequila_sunrise;calming
eagles-tequila_sunrise;not happy
eagles-tequila_sunrise;not angry - agressive
eagles-tequila_sunrise;sad
earth_wind_and_fire-september;not angry - agressive
earth_wind_and_fire-september;not sad
earth_wind_and_fire-september;happy
electric_frankenstein-teenage_shutdown;aggressive
electric_frankenstein-teenage_shutdown;angry
electric_frankenstein-teenage_shutdown;not sad
electric_frankenstein-teenage_shutdown;not calming
electric_frankenstein-teenage_shutdown;not happy
elliott_smith-baby_britain;calming
elliott_smith-baby_britain;happy
elliott_smith-baby_britain;not sad
elliott_smith-baby_britain;not angry - agressive
elton_john-tiny_dancer;not sad
elton_john-tiny_dancer;calming
elton_john-tiny_dancer;not angry - agressive
elvis_costello-less_than_zero;not sad
elvis_presley-heartbreak_hotel;not angry - agressive
elvis_presley-heartbreak_hotel;sad
eminem-my_fault;aggressive
erasure-chains_of_love;not calming
erasure-chains_of_love;happy
erasure-chains_of_love;not angry - agressive
eric_clapton-wonderful_tonight;not angry - agressive
eric_clapton-wonderful_tonight;calming
etherine-never_leave;not happy
etherine-never_leave;not angry - agressive
etherine-never_leave;calming
evanescence-my_immortal;sad
evanescence-my_immortal;not angry - agressive
evanescence-my_immortal;not happy
everly_brothers-take_a_message_to_mary;calming
everly_brothers-take_a_message_to_mary;not angry - agressive
everly_brothers-take_a_message_to_mary;sad
everly_brothers-take_a_message_to_mary;not happy
faith_hill-lets_make_love;not angry - agressive
faith_no_more-epic;not calming
faith_no_more-epic;not happy
faith_no_more-epic;not sad
faith_no_more-epic;aggressive
faith_no_more-epic;angry
falik-bliss;calming
falik-bliss;not angry - agressive
falik-bliss;not sad
fiona_apple-love_ridden;calming
fiona_apple-love_ridden;not happy
fiona_apple-love_ridden;sad
fiona_apple-love_ridden;not angry - agressive
fleetwood_mac-say_you_love_me;not angry - agressive
fleetwood_mac-say_you_love_me;calming
foo_fighters-big_me;calming
foo_fighters-big_me;not angry - agressive
foo_fighters-big_me;not sad
four_stones-brilliant_day_eine_kleine_mix;not angry - agressive
four_stones-brilliant_day_eine_kleine_mix;not happy
frank_sinatra-fly_me_to_the_moon;not sad
frank_sinatra-fly_me_to_the_moon;happy
frank_sinatra-fly_me_to_the_moon;not angry - agressive
frank_sinatra-fly_me_to_the_moon;calming
frank_zappa-whats_the_ugliest_part_of_your_body;not angry - agressive
frank_zappa-whats_the_ugliest_part_of_your_body;not sad
franz_ferdinand-come_on_home;not sad
franz_ferdinand-come_on_home;not calming
franz_ferdinand-come_on_home;not angry - agressive
franz_ferdinand-come_on_home;happy
garbage-hammering_in_my_head;angry
gene_clark-the_true_one;not happy
gene_clark-the_true_one;not angry - agressive
gene_clark-the_true_one;calming
gene_clark-the_true_one;sad
genesis-cuckoo_cocoon;calming
genesis-cuckoo_cocoon;not angry - agressive
george_harrison-all_things_must_pass;not angry - agressive
george_harrison-all_things_must_pass;calming
germs-lexicon_devil;not sad
gin_blossoms-hey_jealousy;not calming
gin_blossoms-hey_jealousy;not happy
gin_blossoms-hey_jealousy;sad
glen_bledsoe-p_pop;not sad
glen_bledsoe-p_pop;not calming
glen_bledsoe-p_pop;not angry - agressive
glenn_miller-in_the_mood;not angry - agressive
glenn_miller-in_the_mood;not sad
glenn_miller-in_the_mood;calming
glenn_miller-in_the_mood;happy
gloria_gaynor-i_will_survive;not sad
gloria_gaynor-i_will_survive;not calming
gloria_gaynor-i_will_survive;happy
go-gos-vacation;not angry - agressive
go-gos-vacation;happy
go-gos-vacation;not calming
go-gos-vacation;not sad
gram_parsons-1000_wedding;not happy
gram_parsons-1000_wedding;not angry - agressive
grateful_dead-high_time;not angry - agressive
grayson_wray-heaven_s_the_place;not angry - agressive
green_day-longview;not calming
green_day-longview;aggressive
guided_by_voices-kicker_of_elves;not calming
guided_by_voices-kicker_of_elves;not happy
guns_n_roses-november_rain;not happy
guns_n_roses-november_rain;not angry - agressive
hall_and_oates-private_eyes;not sad
howlin_wolf-moanin_at_midnight;sad
howlin_wolf-moanin_at_midnight;not happy
human_response-angels;not sad
hybris-hate;angry
hybris-hate;not happy
hybris-hate;aggressive
ike_and_tina_turner-river_deep_mountain_high;not angry - agressive
indidginus-dusty_lands;not angry - agressive
indidginus-dusty_lands;not calming
interpol-stella_was_a_diver_and_she_was_always_down;not happy
interpol-stella_was_a_diver_and_she_was_always_down;not angry - agressive
interpol-stella_was_a_diver_and_she_was_always_down;not calming
interpol-stella_was_a_diver_and_she_was_always_down;sad
introspekt-tbd;not angry - agressive
ivilion-d_b_l;not happy
ivilion-d_b_l;angry
jackalopes-rotgut;aggressive
jackalopes-rotgut;not calming
jackalopes-rotgut;not sad
jackson_5-abc;happy
jackson_5-abc;not angry - agressive
jackson_5-abc;not calming
jackson_5-abc;not sad
jacques_brel-les_vieux;calming
jacques_brel-les_vieux;not angry - agressive
jade_leary-going_in;not angry - agressive
jade_leary-going_in;not calming
jag-jag_s_rag;not angry - agressive
jag-jag_s_rag;not sad
james_brown-give_it_up_or_turnit_a_loose;happy
james_brown-give_it_up_or_turnit_a_loose;not sad
james_taylor-fire_and_rain;not angry - agressive
james_taylor-fire_and_rain;not happy
james_taylor-fire_and_rain;calming
jamie_janover-event_horizon;not angry - agressive
jamie_janover-event_horizon;not sad
jamie_janover-event_horizon;calming
jamiroquai-little_l;not angry - agressive
jamiroquai-little_l;happy
jamiroquai-little_l;not sad
jan_and_dean-surf_city;calming
jan_and_dean-surf_city;happy
jan_and_dean-surf_city;not angry - agressive
jan_and_dean-surf_city;not sad
janes_addiction-been_caught_stealing;not calming
janes_addiction-been_caught_stealing;happy
janes_addiction-been_caught_stealing;not sad
janet_jackson-miss_you_much;not sad
janet_jackson-miss_you_much;happy
janet_jackson-miss_you_much;not angry - agressive
jay_kishor-raga_malgunji_jor;calming
jay_kishor-raga_malgunji_jor;not sad
jay_kishor-raga_malgunji_jor;not angry - agressive
jeff_buckley-last_goodbye;not sad
jeff_buckley-last_goodbye;not angry - agressive
jefferson_airplane-somebody_to_love;not calming
jefferson_airplane-somebody_to_love;not sad
jerry_lee_lewis-great_balls_of_fire;not sad
jerry_lee_lewis-great_balls_of_fire;happy
jerry_lee_lewis-great_balls_of_fire;not angry - agressive
jerry_lee_lewis-great_balls_of_fire;not calming
jewel-enter_from_the_east;sad
jewel-enter_from_the_east;not angry - agressive
jewel-enter_from_the_east;calming
jimi_hendrix-highway_chile;not calming
jimi_hendrix-highway_chile;not sad
john_cale-pablo_picasso;not happy
john_cale-pablo_picasso;not calming
john_cale-pablo_picasso;sad
john_cale-pablo_picasso;angry
john_coltrane-giant_steps;not sad
john_coltrane-giant_steps;not calming
john_coltrane-giant_steps;happy
john_lee_hooker-boom_boom;not angry - agressive
john_lee_hooker-boom_boom;happy
john_lee_hooker-boom_boom;not sad
john_lee_hooker-boom_boom;calming
john_lennon-imagine;not angry - agressive
johnny_cash-the_man_comes_around;not angry - agressive
johnny_cash-the_man_comes_around;not sad
johnny_cash-the_man_comes_around;calming
joram-solipsism;not sad
joy_division-love_will_tear_us_apart;not angry - agressive
joy_division-love_will_tear_us_apart;not sad
kansas-carry_on_wayward_son;not calming
kansas-carry_on_wayward_son;not angry - agressive
kenji_williams-i_m_alive;not angry - agressive
kenji_williams-i_m_alive;not happy
kenji_williams-i_m_alive;calming
king_crimson-thela_hun_ginjeet;not happy
king_crimson-thela_hun_ginjeet;not sad
king_crimson-thela_hun_ginjeet;not calming
kiss-deuce;not calming
kokoon-order;not angry - agressive
kokoon-order;not calming
kool_and_the_gang-funky_stuff;not calming
kool_and_the_gang-funky_stuff;happy
kool_and_the_gang-funky_stuff;not angry - agressive
kool_and_the_gang-funky_stuff;not sad
kourosh_zolani-peaceful_planet;not angry - agressive
kourosh_zolani-peaceful_planet;calming
kourosh_zolani-peaceful_planet;not sad
kraftwerk-spacelab;not sad
kraftwerk-spacelab;not angry - agressive
kris_kristofferson-the_best_of_all_possible_worlds;not calming
kris_kristofferson-the_best_of_all_possible_worlds;not angry - agressive
lambert_hendricks_and_ross-gimme_that_wine;happy
lambert_hendricks_and_ross-gimme_that_wine;not angry - agressive
lambert_hendricks_and_ross-gimme_that_wine;not sad
led_zeppelin-immigrant_song;not calming
led_zeppelin-immigrant_song;angry
leonard_cohen-suzanne;calming
leonard_cohen-suzanne;not angry - agressive
lisa_debenedictis-fruitless;not angry - agressive
lisa_debenedictis-fruitless;not happy
live-lightning_crashes;sad
live-lightning_crashes;not happy
liz_phair-supernova;not calming
liz_phair-supernova;not happy
liz_phair-supernova;angry
ll_cool_j-mama_said_knock_you_out;angry
ll_cool_j-mama_said_knock_you_out;aggressive
ll_cool_j-mama_said_knock_you_out;not sad
ll_cool_j-mama_said_knock_you_out;not calming
los_lobos-corrido_1;not angry - agressive
los_lobos-corrido_1;happy
los_lobos-corrido_1;not sad
los_lobos-corrido_1;not calming
lou_reed-walk_on_the_wild_side;not angry - agressive
lou_reed-walk_on_the_wild_side;not sad
lou_reed-walk_on_the_wild_side;calming
louis_armstrong-hotter_than_that;not angry - agressive
louis_armstrong-hotter_than_that;not sad
louis_armstrong-hotter_than_that;happy
love-you_set_the_scene;not calming
love-you_set_the_scene;not angry - agressive
love-you_set_the_scene;not sad
love_and_rockets-mirror_people;not happy
love_and_rockets-mirror_people;not calming
lynyrd_skynyrd-sweet_home_alabama;not sad
lynyrd_skynyrd-sweet_home_alabama;not angry - agressive
macy_gray-i_try;calming
macy_gray-i_try;sad
macy_gray-i_try;not angry - agressive
macy_gray-i_try;not happy
madness-baggy_trousers;not sad
madness-baggy_trousers;happy
madness-baggy_trousers;not angry - agressive
madness-baggy_trousers;not calming
madonna-ray_of_light;not sad
madonna-ray_of_light;happy
madonna-ray_of_light;not angry - agressive
mamas_and_the_papas-words_of_love;not happy
mamas_and_the_papas-words_of_love;not calming
mamas_and_the_papas-words_of_love;sad
manassas-bound_to_fall;happy
manassas-bound_to_fall;not sad
manassas-bound_to_fall;not angry - agressive
marvelettes-please_mr._postman;not happy
marvelettes-please_mr._postman;sad
marvelettes-please_mr._postman;not angry - agressive
marvin_gaye-whats_going_on;calming
marvin_gaye-whats_going_on;not angry - agressive
mary_wells-my_guy;happy
mary_wells-my_guy;not angry - agressive
mary_wells-my_guy;not sad
massive_attack-risingson;not happy
massive_attack-risingson;not calming
mazzy_star-fade_into_you;calming
mazzy_star-fade_into_you;sad
mazzy_star-fade_into_you;not happy
mazzy_star-fade_into_you;not angry - agressive
mc_hammer-u_cant_touch_this;not calming
mc_hammer-u_cant_touch_this;happy
mc_hammer-u_cant_touch_this;not sad
mc_hammer-u_cant_touch_this;aggressive
memories_of_tomorrow-transcend_fate_of_a_dj;not angry - agressive
men_at_work-who_can_it_be_now;happy
men_at_work-who_can_it_be_now;not calming
men_at_work-who_can_it_be_now;not sad
metallica-one;not calming
metallica-one;not happy
michael_jackson-billie_jean;not sad
michael_masley-advice_from_the_angel_of_thresholds;not sad
michael_masley-advice_from_the_angel_of_thresholds;not angry - agressive
michael_masley-advice_from_the_angel_of_thresholds;calming
miles_davis-blue_in_green;sad
miles_davis-blue_in_green;calming
miles_davis-blue_in_green;not angry - agressive
moby-porcelain;not angry - agressive
moby-porcelain;calming
modest_mouse-what_people_are_made_of;angry
modest_mouse-what_people_are_made_of;not calming
modest_mouse-what_people_are_made_of;aggressive
monkees-a_little_bit_me_a_little_bit_you;happy
monkees-a_little_bit_me_a_little_bit_you;not angry - agressive
monkees-a_little_bit_me_a_little_bit_you;not calming
monoide-golden_key;not angry - agressive
monoide-golden_key;happy
monoide-golden_key;calming
morrissey-everyday_is_like_sunday;not angry - agressive
morrissey-everyday_is_like_sunday;calming
mose_allison-monsters_of_the_id;not happy
mose_allison-monsters_of_the_id;sad
mott_the_hoople-roll_away_the_stone;not angry - agressive
mott_the_hoople-roll_away_the_stone;happy
mott_the_hoople-roll_away_the_stone;not sad
mr_epic-ruff_and_tumble;not angry - agressive
mr_epic-ruff_and_tumble;calming
mr_epic-ruff_and_tumble;not sad
mr_gelatine-knysnamushrooms;not angry - agressive
mr_gelatine-knysnamushrooms;not sad
mrdc-leaving;not angry - agressive
mrdc-leaving;not happy
mrdc-leaving;calming
muddy_waters-im_ready;calming
muddy_waters-mannish_boy;not calming
muddy_waters-mannish_boy;not sad
muddy_waters-mannish_boy;happy
muddy_waters-mannish_boy;angry
muddy_waters-mannish_boy;aggressive
my_bloody_valentine-when_you_sleep;not sad
my_bloody_valentine-when_you_sleep;not happy
my_bloody_valentine-when_you_sleep;not angry - agressive
myles_cochran-getting_stronger;not angry - agressive
myles_cochran-getting_stronger;calming
napoleon_blown_aparts-higher_education;not sad
napoleon_blown_aparts-higher_education;angry
napoleon_blown_aparts-higher_education;not calming
natalie_imbruglia-torn;sad
natalie_imbruglia-torn;not happy
neil_young-razor_love;calming
neil_young-razor_love;not angry - agressive
neil_young_and_crazy_horse-western_hero;sad
neil_young_and_crazy_horse-western_hero;not angry - agressive
neil_young_and_crazy_horse-western_hero;calming
neil_young_and_crazy_horse-western_hero;not happy
nelly-country_grammar;happy
nelly-country_grammar;not sad
nelly-country_grammar;not calming
neutral_milk_hotel-where_youll_find_me_now;calming
new_order-blue_monday;not angry - agressive
nine_inch_nails-head_like_a_hole;not sad
nine_inch_nails-head_like_a_hole;not calming
nine_inch_nails-head_like_a_hole;not happy
nine_inch_nails-head_like_a_hole;angry
nine_inch_nails-head_like_a_hole;aggressive
nirvana-aneurysm;not happy
nirvana-aneurysm;angry
nirvana-aneurysm;not calming
nirvana-aneurysm;aggressive
no_doubt-artificial_sweetener;angry
no_doubt-artificial_sweetener;not calming
no_doubt-simple_kind_of_life;not angry - agressive
norah_jones-dont_know_why;calming
norah_jones-dont_know_why;not angry - agressive
norine_braun-spanish_banks;not happy
nova_express-i_m_alive;not calming
nova_express-i_m_alive;not sad
oasis-supersonic;not calming
oasis-supersonic;not sad
ojays-livin_for_the_weekend;happy
ojays-livin_for_the_weekend;not calming
ojays-livin_for_the_weekend;not sad
ojays-livin_for_the_weekend;not angry - agressive
otis_redding-mr._pitiful;not angry - agressive
panacea-dragaicuta;not happy
panacea-dragaicuta;sad
pantera-becoming;angry
pantera-becoming;not calming
pantera-becoming;aggressive
pantera-becoming;not happy
paul_mccartney-ebony_and_ivory;calming
paul_mccartney-ebony_and_ivory;not angry - agressive
paul_mccartney-ebony_and_ivory;happy
pearl_jam-yellow_ledbetter;not happy
pearl_jam-yellow_ledbetter;sad
pet_shop_boys-being_boring;calming
pet_shop_boys-being_boring;not angry - agressive
pink_floyd-echoes;calming
pink_floyd-echoes;not angry - agressive
pink_floyd-echoes;not happy
pixies-wave_of_mutilation;not angry - agressive
pixies-wave_of_mutilation;not sad
pizzle-what_s_wrong_with_my_footm;not sad
pizzle-what_s_wrong_with_my_footm;not calming
pizzle-what_s_wrong_with_my_footm;not happy
pizzle-what_s_wrong_with_my_footm;aggressive
pizzle-what_s_wrong_with_my_footm;angry
pj_harvey-dry;not calming
pj_harvey-dry;not happy
police-every_little_thing_she_does_is_magic;not angry - agressive
police-every_little_thing_she_does_is_magic;happy
portishead-all_mine;calming
portishead-all_mine;sad
pretenders-day_after_day;not angry - agressive
pretenders-day_after_day;not sad
pretenders-day_after_day;happy
primus-jerry_was_a_race_car_driver;not calming
primus-jerry_was_a_race_car_driver;not sad
primus-jerry_was_a_race_car_driver;angry
processor-nibtal_7;not calming
processor-nibtal_7;angry
propellerheads-take_california;not calming
propellerheads-take_california;happy
propellerheads-take_california;not sad
psychedelic_furs-love_my_way;not happy
psychetropic-dead_slow_day;not angry - agressive
psychetropic-dead_slow_day;calming
queen-we_will_rock_you;not sad
queen-we_will_rock_you;aggressive
queen-we_will_rock_you;happy
r.e.m.-camera;not angry - agressive
r.e.m.-camera;calming
radiohead-karma_police;calming
radiohead-karma_police;not happy
radiohead-karma_police;sad
rage_against_the_machine-maggies_farm;not happy
rage_against_the_machine-maggies_farm;angry
rage_against_the_machine-maggies_farm;aggressive
rage_against_the_machine-maggies_farm;not calming
ramones-i_just_want_to_have_something_to_do;not calming
ramones-i_just_want_to_have_something_to_do;happy
ramones-i_just_want_to_have_something_to_do;not sad
randy_newman-sail_away;not angry - agressive
randy_newman-sail_away;calming
ray_charles-hit_the_road_jack;not happy
red_hot_chili_peppers-give_it_away;not sad
red_hot_chili_peppers-give_it_away;not calming
red_hot_chili_peppers-give_it_away;happy
replacements-answering_machine;not happy
replacements-answering_machine;not sad
replacements-answering_machine;not calming
rick_james-super_freak;not angry - agressive
rick_james-super_freak;happy
rick_james-super_freak;not sad
rick_james-super_freak;not calming
robert_johnson-sweet_home_chicago;not angry - agressive
rocket_city_riot-mine_tonite;not calming
rocket_city_riot-mine_tonite;not sad
rolling_stones-little_by_little;not angry - agressive
ronettes-walking_in_the_rain;not sad
ronettes-walking_in_the_rain;not angry - agressive
ronettes-walking_in_the_rain;happy
roots_of_rebellion-legend;not calming
roxy_music-love_is_the_drug;not calming
roxy_music-love_is_the_drug;not sad
roxy_music-love_is_the_drug;not angry - agressive
roy_orbison-running_scared;not angry - agressive
roy_orbison-running_scared;not happy
rubn_gonzlez-cumbanchero;happy
rubn_gonzlez-cumbanchero;not sad
rubn_gonzlez-cumbanchero;not calming
rubn_gonzlez-cumbanchero;not angry - agressive
rufus_wainwright-cigarettes_and_chocolate_milk;calming
rufus_wainwright-cigarettes_and_chocolate_milk;not angry - agressive
rufus_wainwright-cigarettes_and_chocolate_milk;not happy
sade-smooth_operator;calming
sade-smooth_operator;not angry - agressive
santana-love_of_my_life;not angry - agressive
sarah_mclachlan-possession;calming
sarah_mclachlan-possession;not angry - agressive
saros-prelude;not happy
scott_hill-silk_road;calming
scott_hill-silk_road;not angry - agressive
scott_hill-silk_road;not happy
screaming_trees-nearly_lost_you;aggressive
screaming_trees-nearly_lost_you;not calming
screaming_trees-nearly_lost_you;not happy
screaming_trees-nearly_lost_you;not sad
sebadoh-soul_and_fire;sad
sebadoh-soul_and_fire;not happy
sebadoh-soul_and_fire;not angry - agressive
seismic_anamoly-wreckinball;not sad
seismic_anamoly-wreckinball;not happy
seismic_anamoly-wreckinball;not calming
sex_pistols-pretty_vacant;aggressive
sex_pistols-pretty_vacant;not calming
sex_pistols-pretty_vacant;angry
shakira-the_one;not angry - agressive
shane_jackman-set_fire_to_the_city;sad
shane_jackman-set_fire_to_the_city;calming
shane_jackman-set_fire_to_the_city;not angry - agressive
shane_jackman-set_fire_to_the_city;not happy
sheryl_crow-i_shall_believe;not angry - agressive
sheryl_crow-i_shall_believe;calming
shins-new_slang;calming
shins-new_slang;not happy
shins-new_slang;not angry - agressive
shins-new_slang;sad
shira_kammen-music_of_waters;calming
shira_kammen-music_of_waters;not happy
shira_kammen-music_of_waters;not angry - agressive
shiva_in_exile-hollow_earth;not angry - agressive
shiva_in_exile-hollow_earth;not happy
shuggie_otis-sweet_thang;not angry - agressive
shuggie_otis-sweet_thang;calming
simon_and_garfunkel-the_only_living_boy_in_new_york;sad
simon_and_garfunkel-the_only_living_boy_in_new_york;not happy
simon_and_garfunkel-the_only_living_boy_in_new_york;calming
simon_and_garfunkel-the_only_living_boy_in_new_york;not angry - agressive
sinad_oconnor-no_mans_woman;not angry - agressive
sir_mix-a-lot-baby_got_back;not calming
sir_mix-a-lot-baby_got_back;not sad
sir_mix-a-lot-baby_got_back;angry
skitzo-last_depression;not calming
skitzo-last_depression;not happy
skitzo-last_depression;angry
skitzo-last_depression;aggressive
sly_and_the_family_stone-just_like_a_baby;not angry - agressive
sly_and_the_family_stone-just_like_a_baby;not happy
sly_and_the_family_stone-just_like_a_baby;calming
small_faces-lazy_sunday;not sad
smashing_pumpkins-rocket;not calming
smashing_pumpkins-rocket;not sad
smashing_pumpkins-rocket;not happy
smashing_pumpkins-rocket;not angry - agressive
smithereens-behind_the_wall_of_sleep;not angry - agressive
smithereens-behind_the_wall_of_sleep;not calming
smokey_robinson-cruisin;calming
smokey_robinson-cruisin;not sad
smokey_robinson-cruisin;not angry - agressive
smokey_robinson_and_the_miracles-ooo_baby_baby;not angry - agressive
smokey_robinson_and_the_miracles-ooo_baby_baby;calming
snoop_doggy_dogg-gin_and_juice;not happy
solace-laz_7_8;not sad
solace-laz_7_8;not angry - agressive
somadrone-coda;sad
somadrone-coda;not happy
somadrone-coda;not calming
somadrone-coda;angry
sonic_youth-teen_age_riot;not calming
sonny_rollins-strode_rode;not sad
sonny_rollins-strode_rode;not angry - agressive
sonny_rollins-strode_rode;happy
soul_ii_soul-keep_on_movin;calming
soul_ii_soul-keep_on_movin;not angry - agressive
soulprint-crawlspace;not happy
soulprint-crawlspace;aggressive
soulprint-crawlspace;not calming
soulprint-crawlspace;angry
soundgarden-black_hole_sun;not happy
soundgarden-black_hole_sun;not calming
specials-gangsters;happy
specials-gangsters;not sad
specials-gangsters;not angry - agressive
spencer_davis_group-gimme_some_lovin;not sad
spencer_davis_group-gimme_some_lovin;not calming
spencer_davis_group-gimme_some_lovin;happy
spencer_davis_group-gimme_some_lovin;not angry - agressive
spice_girls-stop;happy
spice_girls-stop;not angry - agressive
spice_girls-stop;not sad
spinecar-stay;angry
spinecar-stay;not happy
spinecar-stay;not calming
spiritualized-stop_your_crying;calming
spiritualized-stop_your_crying;not angry - agressive
spiritualized-stop_your_crying;not sad
squarepusher-a_journey_to_reedham_(7am_mix);not sad
squarepusher-a_journey_to_reedham_(7am_mix);happy
squarepusher-a_journey_to_reedham_(7am_mix);not angry - agressive
squarepusher-a_journey_to_reedham_(7am_mix);not calming
squeeze-pulling_mussels_from_the_shell;happy
squeeze-pulling_mussels_from_the_shell;not sad
squeeze-pulling_mussels_from_the_shell;not angry - agressive
stan_getz-corcovado_quiet_nights_of_quiet_stars;calming
stan_getz-corcovado_quiet_nights_of_quiet_stars;not angry - agressive
standells-dirty_water;not sad
starship-nothings_gonna_stop_us_now;not sad
starship-nothings_gonna_stop_us_now;not calming
starship-nothings_gonna_stop_us_now;not angry - agressive
steely_dan-rikki_dont_lose_that_number;not angry - agressive
steppenwolf-born_to_be_wild;happy
steppenwolf-born_to_be_wild;not angry - agressive
steppenwolf-born_to_be_wild;not sad
stereolab-cybeles_reverie;calming
stereolab-cybeles_reverie;not sad
stereolab-cybeles_reverie;not angry - agressive
stereolab-cybeles_reverie;happy
stevie_ray_vaughan-pride_and_joy;not sad
stevie_ray_vaughan-pride_and_joy;not calming
stevie_ray_vaughan-pride_and_joy;happy
stevie_ray_vaughan-pride_and_joy;not angry - agressive
stevie_wonder-for_once_in_my_life;not angry - agressive
stevie_wonder-for_once_in_my_life;happy
stevie_wonder-for_once_in_my_life;not sad
sting-big_lie_small_world;not angry - agressive
sting-big_lie_small_world;not happy
sting-big_lie_small_world;calming
stone_roses-i_wanna_be_adored;not angry - agressive
stooges-dirt;not calming
stooges-dirt;not happy
stranglers-golden_brown;not angry - agressive
strawbs-new_world;angry
strawbs-new_world;not happy
strawbs-new_world;not calming
strojovna_07-130;not angry - agressive
strojovna_07-130;not sad
style_council-headstart_for_happiness;happy
style_council-headstart_for_happiness;not sad
style_council-headstart_for_happiness;not angry - agressive
style_council-headstart_for_happiness;not calming
sundays-heres_where_the_story_ends;not angry - agressive
sundays-heres_where_the_story_ends;happy
sundays-heres_where_the_story_ends;calming
superchunk-slack_motherfucker;angry
superchunk-slack_motherfucker;aggressive
superchunk-slack_motherfucker;not calming
sweet-fox_on_the_run;not sad
sweet-fox_on_the_run;not angry - agressive
sweet-fox_on_the_run;happy
syd_barrett-effervescing_elephant;not sad
syd_barrett-effervescing_elephant;not angry - agressive
syd_barrett-effervescing_elephant;happy
sylvester-you_make_me_feel_mighty_real;not angry - agressive
sylvester-you_make_me_feel_mighty_real;happy
sylvester-you_make_me_feel_mighty_real;not sad
sylvester-you_make_me_feel_mighty_real;not calming
syreeta-what_love_has_joined_together;calming
syreeta-what_love_has_joined_together;not angry - agressive
syreeta-what_love_has_joined_together;happy
t._rex-children_of_the_revolution;not calming
t._rex-children_of_the_revolution;angry
talking_heads-and_she_was;not angry - agressive
talking_heads-and_she_was;not calming
talking_heads-and_she_was;not sad
tears_for_fears-everybody_wants_to_rule_the_world;happy
tears_for_fears-everybody_wants_to_rule_the_world;calming
tears_for_fears-everybody_wants_to_rule_the_world;not angry - agressive
tears_for_fears-everybody_wants_to_rule_the_world;not sad
teenage_fanclub-the_concept;not angry - agressive
temptations-since_i_lost_my_baby;not angry - agressive
temptations-since_i_lost_my_baby;calming
thelonious_monk-epistrophy;not angry - agressive
thelonious_monk-epistrophy;not sad
they_might_be_giants-i_should_be_allowed_to_think;not angry - agressive
they_might_be_giants-i_should_be_allowed_to_think;not sad
they_might_be_giants-i_should_be_allowed_to_think;calming
thin_lizzy-dont_believe_a_word;not happy
third_eye_blind-semi-charmed_life;not angry - agressive
third_eye_blind-semi-charmed_life;not sad
throwing_muses-hate_my_way;aggressive
throwing_muses-hate_my_way;not happy
throwing_muses-hate_my_way;not calming
throwing_muses-hate_my_way;angry
thursday_group-like_white_on_rice;not happy
thursday_group-like_white_on_rice;sad
tilopa-kyo_rei;calming
tilopa-kyo_rei;not happy
tilopa-kyo_rei;not angry - agressive
tim_buckley-morning_glory;sad
tim_buckley-morning_glory;not happy
tim_buckley-morning_glory;not angry - agressive
tim_buckley-morning_glory;calming
tim_hardin-dont_make_promises;calming
tim_hardin-dont_make_promises;not angry - agressive
tim_rayborn-yedi_tekrar;not sad
todd_rundgren-bang_the_drum_all_day;not calming
todd_rundgren-bang_the_drum_all_day;happy
todd_rundgren-bang_the_drum_all_day;not sad
tom_paul-little_part_of_me;not angry - agressive
tom_paul-little_part_of_me;sad
tom_petty-i_wont_back_down;not angry - agressive
tom_petty-i_wont_back_down;not sad
tom_petty_and_the_heartbreakers-dont_come_around_here_no_more;not angry - agressive
tom_petty_and_the_heartbreakers-dont_come_around_here_no_more;calming
tom_waits-time;sad
tom_waits-time;calming
tom_waits-time;not happy
tommy_james_and_the_shondells-i_think_were_alone_now;not angry - agressive
tommy_james_and_the_shondells-i_think_were_alone_now;happy
tommy_james_and_the_shondells-i_think_were_alone_now;not sad
tori_amos-professional_widow;not calming
tori_amos-professional_widow;not sad
tori_amos-professional_widow;not happy
touchinggrace-wild_spring_apples;not angry - agressive
touchinggrace-wild_spring_apples;calming
touchinggrace-wild_spring_apples;happy
traffic-pearly_queen;aggressive
traffic-pearly_queen;not calming
traffic-pearly_queen;angry
tricky-christiansands;not happy
troggs-wild_thing;happy
troggs-wild_thing;not angry - agressive
troggs-wild_thing;not sad
turtles-elenore;happy
turtles-elenore;not sad
u2-hold_me_thrill_me_kiss_me_kill_me;not sad
u2-hold_me_thrill_me_kiss_me_kill_me;not calming
ultravox-dancing_with_tears_in_my_eyes;not angry - agressive
ultravox-dancing_with_tears_in_my_eyes;not happy
uncle_tupelo-the_long_cut;calming
uncle_tupelo-the_long_cut;not angry - agressive
urge_overkill-sister_havana;not sad
urge_overkill-sister_havana;not angry - agressive
urge_overkill-sister_havana;not calming
utopia_banished-by_mourning;aggressive
utopia_banished-by_mourning;not calming
utopia_banished-by_mourning;sad
utopia_banished-by_mourning;angry
utopia_banished-by_mourning;not happy
van_halen-aint_talkin_bout_love;aggressive
van_halen-aint_talkin_bout_love;not sad
van_halen-aint_talkin_bout_love;not calming
van_morrison-and_it_stoned_me;calming
van_morrison-and_it_stoned_me;not angry - agressive
vapors-turning_japanese;happy
vapors-turning_japanese;not angry - agressive
vapors-turning_japanese;not sad
vapors-turning_japanese;not calming
velvet_underground-new_age;not angry - agressive
velvet_underground-new_age;not happy
version-universal_humans;not happy
version-universal_humans;not angry - agressive
version-universal_humans;calming
violent_femmes-blister_in_the_sun;not angry - agressive
violent_femmes-blister_in_the_sun;not sad
war-all_day_music;happy
war-all_day_music;calming
war-all_day_music;not angry - agressive
weezer-buddy_holly;not sad
weezer-buddy_holly;happy
wes_montgomery-bumpin;not angry - agressive
wes_montgomery-bumpin;calming
west_exit-nocturne;not angry - agressive
white_stripes-hotel_yorba;happy
white_stripes-hotel_yorba;not sad
whitney_houston-how_will_i_know;not sad
whitney_houston-how_will_i_know;not angry - agressive
who-bargain;not sad
wicked_allstars-happy;not angry - agressive
wicked_allstars-happy;calming
wicked_allstars-happy;happy
wicked_boy-pressure;not happy
wicked_boy-pressure;not calming
wilco-kingpin;not happy
wilco-kingpin;not angry - agressive
williamson-whats_on_the_ceiling_beats_whats_on_tv;not angry - agressive
williamson-whats_on_the_ceiling_beats_whats_on_tv;not sad
xtc-love_at_first_sight;not angry - agressive
xtc-love_at_first_sight;happy
xtc-love_at_first_sight;not sad
xtc-love_at_first_sight;not calming
yakshi-chandra;not happy
yakshi-chandra;calming
yeah_yeah_yeahs-maps;calming
yeah_yeah_yeahs-maps;not angry - agressive
yeah_yeah_yeahs-maps;not sad
yes-leave_it;not calming
yes-leave_it;not angry - agressive
yes-leave_it;not sad
yo_la_tengo-tom_courtenay;not angry - agressive
young_mc-bust_a_move;not sad
young_mc-bust_a_move;not angry - agressive
young_rascals-baby_lets_wait;sad
young_rascals-baby_lets_wait;not happy
young_rascals-baby_lets_wait;not angry - agressive
zapp-dance_floor;not calming
zapp-dance_floor;happy
zapp-dance_floor;not sad
zapp-dance_floor;not angry - agressive
zombies-beechwood_park;not sad
zombies-beechwood_park;not angry - agressive
zombies-beechwood_park;happy
zombies-beechwood_park;calming
