Song,Arousal,Valence,Quadrant
A001,0.22499999999999998,0.875,Q4
A002,0.375,0.7125,Q4
A003,0.21250000000000002,0.25,Q3
A004,0.16249999999999998,0.22499999999999998,Q3
A005,0.7875,0.7125,Q1
A010,0.9625,0.21250000000000002,Q2
A011,0.65,0.8375,Q1
A013,0.7875,0.275,Q2
A014,0.9,0.7125,Q1
A017,0.275,0.75,Q4
A018,0.125,0.25,Q3
A019,0.775,0.875,Q1
A020,0.9,0.2375,Q2
A021,0.375,0.7375,Q4
A022,0.7875,0.825,Q1
A023,0.95,0.11249999999999999,Q2
A024,0.6625,0.7875,Q1
A025,0.875,0.21250000000000002,Q2
A028,0.9375,0.09999999999999998,Q2
A029,0.15000000000000002,0.16249999999999998,Q3
A030,0.22499999999999998,0.75,Q4
A032,0.025000000000000022,0.625,Q4
A034,0.4,0.22499999999999998,Q3
A038,0.175,0.15000000000000002,Q3
A039,0.9,0.95,Q1
A042,0.775,0.9,Q1
A043,0.725,0.75,Q1
A045,0.22499999999999998,0.25,Q3
A047,0.825,0.9,Q1
A048,0.35,0.2,Q3
A049,0.925,0.125,Q2
A050,0.875,0.9,Q1
A051,0.975,0.08750000000000002,Q2
A055,0.75,0.275,Q2
A058,0.21250000000000002,0.8125,Q4
A060,0.3375,0.21250000000000002,Q3
A061-66,0.21250000000000002,0.25,Q3
A063-90,0.21250000000000002,0.6875,Q4
A064-116,0.85,0.9125,Q1
A066-140,0.025000000000000022,0.6875,Q4
A067-104,0.25,0.8125,Q4
A068-167,0.975,0.0,Q2
A071-70,0.3,0.275,Q3
A073-143,0.35,0.275,Q3
A074-91,0.925,0.025000000000000022,Q2
A077-122,0.875,0.875,Q1
A078-173,0.25,0.75,Q4
A080-92,0.9,0.07500000000000001,Q2
A081-67,0.25,0.275,Q3
A082-93,0.9125,0.0625,Q2
A083-158,0.275,0.21250000000000002,Q3
A084-75,0.375,0.3125,Q3
A085-69,0.3125,0.25,Q3
A088-136,0.3375,0.7875,Q4
A090-94,0.7875,0.1875,Q2
A091-95,0.7875,0.21250000000000002,Q2
A092-96,0.8125,0.875,Q1
A094-110,0.875,0.9125,Q1
A095-113,0.975,0.975,Q1
A096-68,0.3375,0.21250000000000002,Q3
A097-152,0.275,0.25,Q3
A098-154,0.21250000000000002,0.725,Q4
A100-124,0.9125,0.875,Q1
A101-111,0.7875,0.975,Q1
A102-114,0.875,0.875,Q1
A103-99,0.7875,0.21250000000000002,Q2
A104-119,0.975,0.9375,Q1
A105-117,0.85,0.8125,Q1
A106-100,0.25,0.21250000000000002,Q3
A107-115,0.85,0.75,Q1
A109-138,0.1875,0.7875,Q4
A111-141,0.21250000000000002,0.85,Q4
A114-120,0.85,0.875,Q1
A115-84,0.75,0.7875,Q1
A117-76,0.3125,0.275,Q3
A119-151,0.125,0.725,Q4
A120-168,0.08750000000000002,0.75,Q4
A126-77,0.175,0.2625,Q3
A127-133,0.95,0.11249999999999999,Q2
A128-109,0.875,0.8375,Q1
A130-162,0.375,0.2375,Q3
A131-101,0.725,0.21250000000000002,Q2
A132-121,0.9,0.9,Q1
A134-142,0.3125,0.7875,Q4
A137-153,0.25,0.825,Q4
A141-139,0.2875,0.8,Q4
A142-98,0.9,0.275,Q2
A143-72,0.21250000000000002,0.275,Q3
A145-134,0.25,0.8125,Q4
A146-118,0.9,0.8125,Q1
A147-169,0.975,0.09999999999999998,Q2
A148-102,0.8375,0.85,Q1
A150-132,0.8375,0.1875,Q2
A151-172,0.8125,0.22499999999999998,Q2
A152-108,0.875,0.875,Q1
A153-130,0.8375,0.9125,Q1
A157-71,0.21250000000000002,0.1875,Q3
A159-164,0.8375,0.275,Q2
A160-149,0.875,0.9,Q1
A162,0.6625,0.75,Q1
A165,0.15000000000000002,0.7875,Q4
A166,0.9375,0.9125,Q1
A167,0.875,0.875,Q1
A170,0.3375,0.2875,Q3
A171,0.1875,0.275,Q3
A172,0.75,0.21250000000000002,Q2
A174,0.75,0.1875,Q2
A176,0.9125,0.125,Q2
A177,0.9375,0.0625,Q2
A178,0.3125,0.75,Q4
A179,0.3375,0.7875,Q4
A182,0.9125,0.08750000000000002,Q2
A183,0.9125,0.0625,Q2
A186,0.21250000000000002,0.85,Q4
A187,0.7875,0.85,Q1
A188,0.3375,0.3125,Q3
A190,0.275,0.8125,Q4
A191,0.3125,0.3375,Q3
A192,0.3125,0.7875,Q4
A193,0.875,0.3125,Q2
A194,0.875,0.21250000000000002,Q2
A195,0.3375,0.3125,Q3
A196,0.75,0.7875,Q1
A198,0.21250000000000002,0.7875,Q4
MT0000004637,0.44375,0.25,Q3
MT0000008995,0.388125,0.34125,Q3
MT0000010219,0.47375,0.22625,Q3
MT0000010844,0.295625,0.7,Q4
MT0000022993,0.44375,0.25,Q3
MT0000026571,0.3243749999999999,0.753125,Q4
MT0000027422,0.42125,0.20875,Q3
MT0000030834,0.24375,0.65875,Q4
MT0000031210,0.31125,0.1375,Q3
MT0000038502,0.56375,0.265625,Q2
MT0000040773,0.60375,0.54375,Q1
MT0000042939,0.50625,0.26875,Q2
MT0000043184,0.3143749999999999,0.311875,Q3
MT0000044741,0.431875,0.311875,Q3
MT0000045345,0.5175,0.7375,Q1
MT0000048600,0.24375,0.65875,Q4
MT0000059269,0.31125,0.1375,Q3
MT0000060906,0.4549999999999999,0.32875,Q3
MT0000062500,0.47375,0.22625,Q3
MT0000063684,0.24375,0.65875,Q4
MT0000066236,0.5462499999999999,0.300625,Q2
MT0000066421,0.333125,0.6018749999999999,Q4
MT0000080053,0.54125,0.80625,Q1
MT0000082188,0.42125,0.20875,Q3
MT0000088320,0.4725,0.33125,Q3
MT0000089238,0.57125,0.334375,Q2
MT0000089410,0.406875,0.7793749999999999,Q4
MT0000091401,0.6243749999999999,0.796875,Q1
MT0000091781,0.36625,0.42625,Q3
MT0000092267,0.38625,0.6125,Q4
MT0000092637,0.31125,0.1375,Q3
MT0000093583,0.5625,0.8,Q1
MT0000095414,0.42125,0.3924999999999999,Q3
MT0000097948,0.3025,0.6656249999999999,Q4
MT0000098581,0.3575,0.25625,Q3
MT0000103049,0.3037499999999999,0.6656249999999999,Q4
MT0000103874,0.5075000000000001,0.768125,Q1
MT0000104363,0.725,0.80625,Q1
MT0000105492,0.66875,0.8,Q1
MT0000110175,0.61125,0.82875,Q1
MT0000113311,0.5606249999999999,0.64625,Q1
MT0000119701,0.389375,0.753125,Q4
MT0000119987,0.665,0.82875,Q1
MT0000123853,0.31125,0.26875,Q3
MT0000124779,0.375,0.28625,Q3
MT0000128573,0.54125,0.765,Q1
MT0000133200,0.54875,0.30625,Q2
MT0000135916,0.29375,0.75625,Q4
MT0000144160,0.325,0.625,Q4
MT0000145509,0.54375,0.395,Q2
MT0000146284,0.30625,0.7,Q4
MT0000146966,0.53125,0.85,Q1
MT0000147182,0.11875,0.75625,Q4
MT0000151451,0.4225,0.815,Q4
MT0000151529,0.38625,0.3425,Q3
MT0000153970,0.53625,0.345,Q2
MT0000162219,0.3143749999999999,0.311875,Q3
MT0000164441,0.389375,0.645,Q4
MT0000169836,0.54,0.35,Q2
MT0000171852,0.300625,0.203125,Q3
MT0000174580,0.5900000000000001,0.80125,Q1
MT0000175597,0.31125,0.1375,Q3
MT0000177451,0.3831249999999999,0.305,Q3
MT0000177878,0.239375,0.678125,Q4
MT0000185453,0.36625,0.1731249999999999,Q3
MT0000185601,0.56125,0.73,Q1
MT0000186467,0.5175,0.26375,Q2
MT0000190640,0.50625,0.29375,Q2
MT0000192913,0.380625,0.28375,Q3
MT0000192982,0.3043749999999999,0.3925,Q3
MT0000195705,0.2775,0.68375,Q4
MT0000197431,0.56125,0.8162499999999999,Q1
MT0000202045,0.3924999999999999,0.6025,Q4
MT0000203193,0.4225,0.80625,Q4
MT0000203272,0.4549999999999999,0.29125,Q3
MT0000214287,0.35125,0.24,Q3
MT0000216849,0.54875,0.1912499999999999,Q2
MT0000218346,0.45125,0.6481250000000001,Q4
MT0000222773,0.42625,0.61375,Q4
MT0000225806,0.6074999999999999,0.7931250000000001,Q1
MT0000231442,0.50625,0.29375,Q2
MT0000231784,0.530625,0.359375,Q2
MT0000235880,0.41125,0.56875,Q4
MT0000245808,0.6243749999999999,0.7887500000000001,Q1
MT0000249842,0.545,0.5375,Q1
MT0000252574,0.57875,0.7931250000000001,Q1
MT0000255724,0.375,0.3425,Q3
MT0000258223,0.2825,0.71,Q4
MT0000258646,0.5462499999999999,0.2774999999999999,Q2
MT0000265621,0.3924999999999999,0.815,Q4
MT0000268576,0.375,0.28625,Q3
MT0000270200,0.51125,0.3,Q2
MT0000271970,0.50625,0.29375,Q2
MT0000277032,0.29375,0.57125,Q4
MT0000277633,0.31125,0.1375,Q3
MT0000283043,0.50625,0.29375,Q2
MT0000287606,0.421875,0.5843750000000001,Q4
MT0000287921,0.50625,0.29375,Q2
MT0000289116,0.375,0.28625,Q3
MT0000292000,0.255,0.76625,Q4
MT0000293345,0.42125,0.459375,Q3
MT0000299291,0.29,0.37,Q3
MT0000300896,0.44375,0.25,Q3
MT0000302038,0.6375,0.77125,Q1
MT0000310204,0.711875,0.7525,Q1
MT0000312152,0.321875,0.3087499999999999,Q3
MT0000315363,0.61125,0.82125,Q1
MT0000315392,0.34375,0.4425,Q3
MT0000316110,0.52375,0.32875,Q2
MT0000318206,0.54875,0.3125,Q2
MT0000318279,0.40125,0.73,Q4
MT0000320757,0.39125,0.3425,Q3
MT0000321394,0.56375,0.305625,Q2
MT0000321824,0.42125,0.73625,Q4
MT0000325093,0.595,0.765,Q1
MT0000335310,0.28625,0.7125,Q4
MT0000336135,0.39375,0.79,Q4
MT0000348553,0.4512499999999999,0.6925,Q4
MT0000353361,0.31125,0.28125,Q3
MT0000357325,0.3925,0.224375,Q3
MT0000369188,0.58,0.685,Q1
MT0000370694,0.4181250000000001,0.69375,Q4
MT0000379144,0.44375,0.2425,Q3
MT0000380307,0.38625,0.69375,Q4
MT0000380971,0.42125,0.20875,Q3
MT0000381928,0.42125,0.19,Q3
MT0000398595,0.4650000000000001,0.760625,Q4
MT0000400490,0.54,0.731875,Q1
MT0000401186,0.58,0.5875,Q1
MT0000401600,0.57875,0.7931250000000001,Q1
MT0000408441,0.44375,0.25625,Q3
MT0000409922,0.370625,0.77625,Q4
MT0000413173,0.31125,0.28625,Q3
MT0000414517,0.70375,0.665,Q1
MT0000419956,0.5875,0.2475,Q2
MT0000421504,0.2775,0.68375,Q4
MT0000425270,0.5462499999999999,0.395625,Q2
MT0000426880,0.58875,0.56625,Q1
MT0000436815,0.40125,0.555,Q4
MT0000441552,0.58125,0.32875,Q2
MT0000446304,0.34375,0.4425,Q3
MT0000447539,0.22625,0.71,Q4
MT0000456939,0.5349999999999999,0.306875,Q2
MT0000460480,0.40625,0.703125,Q4
MT0000463371,0.54875,0.305,Q2
MT0000475876,0.595,0.765,Q1
MT0000481304,0.36,0.555,Q4
MT0000483039,0.255,0.68375,Q4
MT0000487439,0.47375,0.22625,Q3
MT0000497520,0.54,0.7775000000000001,Q1
MT0000515256,0.31125,0.28125,Q3
MT0000518591,0.6375,0.765,Q1
MT0000522450,0.5725,0.6975,Q1
MT0000522789,0.36,0.59,Q4
MT0000522938,0.58125,0.1912499999999999,Q2
MT0000523576,0.2825,0.701875,Q4
MT0000524741,0.4225,0.80625,Q4
MT0000526302,0.41125,0.59,Q4
MT0000534539,0.4599999999999999,0.26875,Q3
MT0000540286,0.666875,0.871875,Q1
MT0000546446,0.5625,0.80625,Q1
MT0000547065,0.38625,0.29125,Q3
MT0000549945,0.29375,0.73,Q4
MT0000550961,0.38125,0.6599999999999999,Q4
MT0000553622,0.25625,0.28125,Q3
MT0000556349,0.56125,0.8162499999999999,Q1
MT0000562195,0.58875,0.35,Q2
MT0000567692,0.36625,0.4724999999999999,Q3
MT0000570966,0.42125,0.459375,Q3
MT0000576231,0.57125,0.391875,Q2
MT0000581530,0.58,0.5875,Q1
MT0000595581,0.400625,0.760625,Q4
MT0000599398,0.34125,0.53125,Q4
MT0000603187,0.31125,0.28625,Q3
MT0000603561,0.3831249999999999,0.2774999999999999,Q3
MT0000604234,0.575,0.309375,Q2
MT0000615489,0.55,0.58375,Q1
MT0000619767,0.31125,0.28625,Q3
MT0000620635,0.4325,0.818125,Q4
MT0000621840,0.6243749999999999,0.7931250000000001,Q1
MT0000630628,0.4493749999999999,0.668125,Q4
MT0000631491,0.11875,0.75625,Q4
MT0000633351,0.341875,0.753125,Q4
MT0000636335,0.38625,0.56875,Q4
MT0000638424,0.4775,0.6025,Q4
MT0000638634,0.4525,0.7775,Q4
MT0000642549,0.58,0.2224999999999999,Q2
MT0000647818,0.2975,0.6725,Q4
MT0000661250,0.38125,0.20875,Q3
MT0000661847,0.255,0.68375,Q4
MT0000666429,0.5175,0.26375,Q2
MT0000670865,0.2775,0.68375,Q4
MT0000672880,0.5625,0.765,Q1
MT0000685324,0.42125,0.20875,Q3
MT0000685538,0.35125,0.24,Q3
MT0000685552,0.4725,0.2875,Q3
MT0000688115,0.36625,0.1731249999999999,Q3
MT0000688312,0.375,0.28625,Q3
MT0000694316,0.50625,0.29375,Q2
MT0000704913,0.5625,0.80625,Q1
MT0000707663,0.35375,0.771875,Q4
MT0000712071,0.6074999999999999,0.796875,Q1
MT0000714708,0.62,0.7575000000000001,Q1
MT0000716124,0.63125,0.86875,Q1
MT0000720686,0.31125,0.1375,Q3
MT0000721873,0.6243749999999999,0.8175,Q1
MT0000723464,0.36,0.57125,Q4
MT0000724357,0.559375,0.3556249999999999,Q2
MT0000727738,0.39125,0.36875,Q3
MT0000732821,0.54875,0.1912499999999999,Q2
MT0000734482,0.4875,0.7775,Q4
MT0000735056,0.50625,0.29375,Q2
MT0000741489,0.57125,0.36875,Q2
MT0000747666,0.37,0.473125,Q3
MT0000753074,0.39375,0.80625,Q4
MT0000754511,0.26125,0.73625,Q4
MT0000763275,0.3531249999999999,0.3925,Q3
MT0000764951,0.300625,0.35625,Q3
MT0000766316,0.6375,0.80625,Q1
MT0000773391,0.53125,0.77375,Q1
MT0000775053,0.401875,0.775625,Q4
MT0000776108,0.42125,0.20875,Q3
MT0000778102,0.54875,0.339375,Q2
MT0000780401,0.41125,0.3675,Q3
MT0000783307,0.54875,0.305,Q2
MT0000793161,0.425,0.69375,Q4
MT0000796526,0.47375,0.2224999999999999,Q3
MT0000805883,0.3225,0.77625,Q4
MT0000807741,0.63125,0.82125,Q1
MT0000811092,0.22375,0.68375,Q4
MT0000811743,0.47375,0.22625,Q3
MT0000825920,0.33,0.73625,Q4
MT0000829531,0.58375,0.328125,Q2
MT0000829765,0.38125,0.20875,Q3
MT0000832464,0.42125,0.20875,Q3
MT0000834505,0.54375,0.39875,Q2
MT0000850050,0.35375,0.31875,Q3
MT0000850957,0.5462499999999999,0.300625,Q2
MT0000851865,0.599375,0.813125,Q1
MT0000853072,0.42125,0.459375,Q3
MT0000854722,0.5175,0.82125,Q1
MT0000857091,0.4356249999999999,0.344375,Q3
MT0000863232,0.34125,0.6125,Q4
MT0000871290,0.54,0.7737499999999999,Q1
MT0000874482,0.541875,0.320625,Q2
MT0000875199,0.358125,0.336875,Q3
MT0000875520,0.61125,0.8025,Q1
MT0000886390,0.50125,0.8106249999999999,Q1
MT0000886723,0.44375,0.3675,Q3
MT0000888329,0.28625,0.6875,Q4
MT0000889229,0.42125,0.20875,Q3
MT0000892306,0.50625,0.29375,Q2
MT0000895003,0.50625,0.29375,Q2
MT0000895905,0.3375,0.624375,Q4
MT0000897883,0.645625,0.7262500000000001,Q1
MT0000900387,0.57875,0.36125,Q2
MT0000900995,0.455,0.8075,Q4
MT0000901959,0.374375,0.5856250000000001,Q4
MT0000903225,0.24375,0.75625,Q4
MT0000906888,0.291875,0.6581250000000001,Q4
MT0000910270,0.56375,0.32,Q2
MT0000913916,0.4237499999999999,0.71,Q4
MT0000920227,0.47625,0.6881250000000001,Q4
MT0000931402,0.325,0.33125,Q3
MT0000934613,0.5462499999999999,0.264375,Q2
MT0000936370,0.58,0.5875,Q1
MT0000948111,0.61125,0.82125,Q1
MT0000949813,0.38125,0.20875,Q3
MT0000950090,0.375,0.28625,Q3
MT0000954088,0.61125,0.82125,Q1
MT0000956340,0.5225,0.29125,Q2
MT0000972004,0.50625,0.29375,Q2
MT0000984023,0.50625,0.29375,Q2
MT0000992846,0.58125,0.82125,Q1
MT0001016068,0.44375,0.36875,Q3
MT0001020011,0.4962500000000001,0.714375,Q4
MT0001030436,0.36625,0.1731249999999999,Q3
MT0001032211,0.3025,0.73,Q4
MT0001035786,0.38625,0.29125,Q3
MT0001042055,0.3225,0.785625,Q4
MT0001043721,0.57125,0.395,Q2
MT0001053268,0.51625,0.785625,Q1
MT0001057748,0.344375,0.684375,Q4
MT0001058887,0.3924999999999999,0.75,Q4
MT0001062700,0.454375,0.4675,Q3
MT0001062974,0.50625,0.29375,Q2
MT0001068364,0.4549999999999999,0.26875,Q3
MT0001069996,0.446875,0.684375,Q4
MT0001084055,0.395625,0.5787500000000001,Q4
MT0001084444,0.70375,0.665,Q1
MT0001094338,0.3924999999999999,0.6725,Q4
MT0001095298,0.47375,0.22625,Q3
MT0001098562,0.5618749999999999,0.32375,Q2
MT0001101467,0.5175,0.36875,Q2
MT0001102610,0.375,0.3425,Q3
MT0001104467,0.3887499999999999,0.4275,Q3
MT0001106114,0.39375,0.79,Q4
MT0001108070,0.4225,0.815,Q4
MT0001109401,0.333125,0.7106250000000001,Q4
MT0001115644,0.3075,0.3,Q3
MT0001116511,0.579375,0.339375,Q2
MT0001117815,0.6275,0.7775,Q1
MT0001121577,0.36,0.57875,Q4
MT0001134958,0.3818749999999999,0.2475,Q3
MT0001144930,0.243125,0.69875,Q4
MT0001152165,0.255,0.76625,Q4
MT0001152664,0.39125,0.3425,Q3
MT0001153847,0.6243749999999999,0.796875,Q1
MT0001156310,0.44375,0.25625,Q3
MT0001157069,0.31125,0.1375,Q3
MT0001168323,0.255,0.75625,Q4
MT0001169715,0.725,0.80625,Q1
MT0001183783,0.4125,0.75625,Q4
MT0001189913,0.5862499999999999,0.82875,Q1
MT0001193202,0.54375,0.3125,Q2
MT0001193331,0.595,0.82125,Q1
MT0001193971,0.485,0.22625,Q3
MT0001194164,0.380625,0.426875,Q3
MT0001195535,0.42125,0.815,Q4
MT0001202986,0.6074999999999999,0.816875,Q1
MT0001217651,0.63125,0.705,Q1
MT0001230193,0.57125,0.305,Q2
MT0001230298,0.47375,0.22625,Q3
MT0001243097,0.2825,0.7112499999999999,Q4
MT0001243566,0.70375,0.665,Q1
MT0001256033,0.29,0.29125,Q3
MT0001265984,0.31125,0.1375,Q3
MT0001266436,0.42125,0.20875,Q3
MT0001276044,0.50625,0.29375,Q2
MT0001277283,0.375,0.32875,Q3
MT0001284282,0.640625,0.790625,Q1
MT0001284801,0.29,0.26875,Q3
MT0001287647,0.52375,0.2875,Q2
MT0001292451,0.54125,0.85125,Q1
MT0001297031,0.375,0.28625,Q3
MT0001298241,0.42125,0.20875,Q3
MT0001301827,0.421875,0.76875,Q4
MT0001302466,0.375,0.28625,Q3
MT0001305550,0.31875,0.20875,Q3
MT0001309422,0.47375,0.22625,Q3
MT0001313815,0.31875,0.78125,Q4
MT0001318718,0.54125,0.8025,Q1
MT0001321861,0.5875,0.375,Q2
MT0001323755,0.36,0.57875,Q4
MT0001323890,0.409375,0.358125,Q3
MT0001328889,0.54875,0.1912499999999999,Q2
MT0001331047,0.310625,0.28375,Q3
MT0001332899,0.2375,0.28125,Q3
MT0001333258,0.57125,0.22625,Q2
MT0001335920,0.5387500000000001,0.82375,Q1
MT0001339839,0.35,0.253125,Q3
MT0001340527,0.44375,0.25625,Q3
MT0001347462,0.33625,0.701875,Q4
MT0001353828,0.52125,0.36875,Q2
MT0001356476,0.6074999999999999,0.7068749999999999,Q1
MT0001356637,0.343125,0.2774999999999999,Q3
MT0001361436,0.54375,0.3125,Q2
MT0001362313,0.473125,0.265,Q3
MT0001368531,0.2306249999999999,0.71,Q4
MT0001369981,0.31125,0.26875,Q3
MT0001370627,0.38125,0.73625,Q4
MT0001372070,0.2375,0.28125,Q3
MT0001376988,0.5231250000000001,0.289375,Q2
MT0001377616,0.315,0.73625,Q4
MT0001380360,0.56,0.336875,Q2
MT0001383277,0.541875,0.3556249999999999,Q2
MT0001385947,0.3143749999999999,0.311875,Q3
MT0001395462,0.31125,0.1375,Q3
MT0001397431,0.5843750000000001,0.3556249999999999,Q2
MT0001404677,0.29,0.26875,Q3
MT0001417252,0.295625,0.73,Q4
MT0001435061,0.44375,0.28125,Q3
MT0001436086,0.2375,0.57875,Q4
MT0001440624,0.400625,0.329375,Q3
MT0001453285,0.36625,0.1731249999999999,Q3
MT0001472536,0.35,0.253125,Q3
MT0001473110,0.54375,0.36875,Q2
MT0001473158,0.53125,0.3556249999999999,Q2
MT0001474073,0.375,0.26,Q3
MT0001477169,0.454375,0.61375,Q4
MT0001486960,0.57875,0.7931250000000001,Q1
MT0001494267,0.28125,0.305,Q3
MT0001494812,0.380625,0.72125,Q4
MT0001497191,0.70375,0.665,Q1
MT0001497786,0.36625,0.1731249999999999,Q3
MT0001504929,0.6481250000000001,0.8981249999999998,Q1
MT0001509368,0.58,0.55875,Q1
MT0001509615,0.31875,0.20875,Q3
MT0001510617,0.54375,0.26125,Q2
MT0001511433,0.29,0.703125,Q4
MT0001514284,0.6481250000000001,0.635625,Q1
MT0001515028,0.239375,0.71,Q4
MT0001518335,0.42125,0.20875,Q3
MT0001520918,0.43125,0.6025,Q4
MT0001521543,0.60375,0.6875,Q1
MT0001523435,0.31125,0.28625,Q3
MT0001526386,0.464375,0.2412499999999999,Q3
MT0001526514,0.53125,0.85,Q1
MT0001528638,0.39375,0.78125,Q4
MT0001531856,0.61125,0.8125,Q1
MT0001531906,0.431875,0.645,Q4
MT0001542457,0.60875,0.36125,Q2
MT0001547111,0.31125,0.28625,Q3
MT0001548914,0.29,0.28125,Q3
MT0001553573,0.50625,0.29375,Q2
MT0001554870,0.55125,0.330625,Q2
MT0001566152,0.39125,0.3425,Q3
MT0001574245,0.60375,0.78125,Q1
MT0001578777,0.56375,0.32,Q2
MT0001583214,0.575625,0.290625,Q2
MT0001590201,0.54375,0.30625,Q2
MT0001590644,0.54875,0.305,Q2
MT0001594582,0.36875,0.6875,Q4
MT0001595082,0.50625,0.26875,Q2
MT0001598707,0.29,0.28625,Q3
MT0001605268,0.6243749999999999,0.688125,Q1
MT0001608499,0.42125,0.26875,Q3
MT0001609615,0.2462499999999999,0.684375,Q4
MT0001609626,0.5175,0.68125,Q1
MT0001610102,0.63125,0.92125,Q1
MT0001615005,0.54875,0.22625,Q2
MT0001616074,0.58,0.2425,Q2
MT0001624303,0.359375,0.71,Q4
MT0001634305,0.35,0.3087499999999999,Q3
MT0001638394,0.4875,0.815,Q4
MT0001639011,0.6,0.6875,Q1
MT0001641165,0.5618749999999999,0.411875,Q2
MT0001641166,0.595,0.3125,Q2
MT0001641430,0.431875,0.466875,Q3
MT0001642019,0.50625,0.29375,Q2
MT0001644811,0.255,0.76625,Q4
MT0001646256,0.42125,0.20875,Q3
MT0001648703,0.54875,0.305,Q2
MT0001653728,0.4775,0.6025,Q4
MT0001658982,0.40125,0.20875,Q3
MT0001661022,0.33,0.73625,Q4
MT0001671399,0.60375,0.74375,Q1
MT0001676671,0.349375,0.743125,Q4
MT0001680969,0.580625,0.684375,Q1
MT0001696863,0.70375,0.665,Q1
MT0001699798,0.4225,0.7775,Q4
MT0001710592,0.50625,0.26875,Q2
MT0001729778,0.48875,0.79,Q4
MT0001732928,0.33375,0.5425,Q4
MT0001738256,0.5275,0.2525,Q2
MT0001742519,0.44375,0.25625,Q3
MT0001747053,0.38625,0.3175,Q3
MT0001757676,0.54125,0.80625,Q1
MT0001760172,0.38125,0.20875,Q3
MT0001765726,0.40125,0.75,Q4
MT0001766004,0.5449999999999999,0.27125,Q2
MT0001768550,0.4375,0.62625,Q4
MT0001770136,0.6375,0.765,Q1
MT0001779167,0.54375,0.395,Q2
MT0001795697,0.6375,0.765,Q1
MT0001801454,0.5225,0.29125,Q2
MT0001810607,0.4243749999999999,0.224375,Q3
MT0001829666,0.6499999999999999,0.8031250000000001,Q1
MT0001831738,0.595,0.875,Q1
MT0001832838,0.4875,0.815,Q4
MT0001835551,0.558125,0.359375,Q2
MT0001839466,0.4243749999999999,0.275625,Q3
MT0001841416,0.44375,0.25625,Q3
MT0001844620,0.42125,0.26875,Q3
MT0001852290,0.50625,0.29375,Q2
MT0001853221,0.38125,0.26875,Q3
MT0001855865,0.665,0.8,Q1
MT0001862892,0.464375,0.2475,Q3
MT0001868336,0.29,0.26875,Q3
MT0001870847,0.373125,0.5431250000000001,Q4
MT0001877603,0.4775,0.6025,Q4
MT0001889075,0.57875,0.1912499999999999,Q2
MT0001889244,0.57875,0.8031250000000001,Q1
MT0001891260,0.42125,0.20875,Q3
MT0001898830,0.55125,0.6825,Q1
MT0001899447,0.31125,0.22625,Q3
MT0001899867,0.563125,0.780625,Q1
MT0001910188,0.42125,0.20875,Q3
MT0001916989,0.53,0.2143749999999999,Q2
MT0001920501,0.300625,0.275,Q3
MT0001927015,0.61125,0.82,Q1
MT0001927474,0.405,0.80625,Q4
MT0001927921,0.5462499999999999,0.2774999999999999,Q2
MT0001929641,0.44375,0.25,Q3
MT0001934410,0.5462499999999999,0.2774999999999999,Q2
MT0001934436,0.44375,0.25,Q3
MT0001934726,0.35,0.253125,Q3
MT0001938929,0.54375,0.375,Q2
MT0001942272,0.4225,0.73625,Q4
MT0001943830,0.401875,0.756875,Q4
MT0001952167,0.44375,0.25625,Q3
MT0001954919,0.26125,0.73625,Q4
MT0001962373,0.5462499999999999,0.300625,Q2
MT0001963447,0.57125,0.3125,Q2
MT0001967374,0.45125,0.25,Q3
MT0001967655,0.42125,0.71,Q4
MT0001972380,0.3375,0.33125,Q3
MT0001972829,0.3143749999999999,0.311875,Q3
MT0001974130,0.50625,0.29375,Q2
MT0001980613,0.42125,0.71,Q4
MT0001982863,0.47375,0.2224999999999999,Q3
MT0001988811,0.35625,0.330625,Q3
MT0001992879,0.54375,0.3125,Q2
MT0001993588,0.50625,0.29375,Q2
MT0001993943,0.50625,0.29375,Q2
MT0002006203,0.31125,0.3125,Q3
MT0002006862,0.58125,0.78125,Q1
MT0002007417,0.35,0.3087499999999999,Q3
MT0002012491,0.50625,0.29375,Q2
MT0002014752,0.2975,0.75625,Q4
MT0002024101,0.56375,0.3087499999999999,Q2
MT0002024741,0.32375,0.73125,Q4
MT0002033217,0.4499999999999999,0.49375,Q3
MT0002034238,0.634375,0.73375,Q1
MT0002050671,0.58125,0.32875,Q2
MT0002052101,0.57875,0.7931250000000001,Q1
MT0002053300,0.70375,0.665,Q1
MT0002054074,0.2881249999999999,0.625625,Q4
MT0002057142,0.31875,0.37,Q3
MT0002060109,0.25625,0.28125,Q3
MT0002068648,0.61125,0.77125,Q1
MT0002071907,0.4568749999999999,0.35,Q3
MT0002078701,0.595,0.7775,Q1
MT0002087541,0.31875,0.36875,Q3
MT0002088249,0.66875,0.8025,Q1
MT0002099419,0.5875,0.375,Q2
MT0002113056,0.63125,0.85125,Q1
MT0002119439,0.599375,0.825,Q1
MT0002124238,0.34125,0.53625,Q4
MT0002131125,0.50625,0.29375,Q2
MT0002132088,0.33,0.76625,Q4
MT0002139311,0.545,0.5375,Q1
MT0002142155,0.31,0.28625,Q3
MT0002161109,0.63125,0.86875,Q1
MT0002169629,0.645,0.3924999999999999,Q2
MT0002177145,0.556875,0.7737499999999999,Q1
MT0002179342,0.540625,0.768125,Q1
MT0002193996,0.3712499999999999,0.743125,Q4
MT0002216668,0.37375,0.743125,Q4
MT0002218376,0.58,0.39875,Q2
MT0002219036,0.38625,0.585,Q4
MT0002219182,0.6243749999999999,0.71625,Q1
MT0002222944,0.52375,0.2875,Q2
MT0002222957,0.70375,0.665,Q1
MT0002225477,0.54875,0.4225,Q2
MT0002233402,0.38625,0.29125,Q3
MT0002239079,0.57875,0.310625,Q2
MT0002250135,0.375,0.28625,Q3
MT0002252353,0.57125,0.36875,Q2
MT0002262181,0.556875,0.745625,Q1
MT0002272314,0.50625,0.29375,Q2
MT0002277261,0.4356249999999999,0.344375,Q3
MT0002291660,0.5800000000000001,0.2475,Q2
MT0002294387,0.66875,0.705,Q1
MT0002298774,0.57125,0.36875,Q2
MT0002307435,0.42125,0.20875,Q3
MT0002308313,0.41,0.7718750000000001,Q4
MT0002316145,0.54375,0.36875,Q2
MT0002323154,0.53125,0.72625,Q1
MT0002325544,0.300625,0.275,Q3
MT0002336535,0.31875,0.20875,Q3
MT0002337555,0.50625,0.29375,Q2
MT0002342346,0.58,0.39,Q2
MT0002343207,0.59625,0.791875,Q1
MT0002347246,0.666875,0.80125,Q1
MT0002349114,0.42625,0.61375,Q4
MT0002351905,0.54125,0.85125,Q1
MT0002355423,0.38125,0.61,Q4
MT0002359628,0.313125,0.734375,Q4
MT0002360219,0.53125,0.765,Q1
MT0002362108,0.621875,0.82875,Q1
MT0002371970,0.33,0.54625,Q4
MT0002372242,0.58,0.36125,Q2
MT0002379222,0.34375,0.4425,Q3
MT0002379942,0.50625,0.29375,Q2
MT0002385077,0.50625,0.29375,Q2
MT0002390941,0.375,0.3425,Q3
MT0002396250,0.5462499999999999,0.3087499999999999,Q2
MT0002399275,0.54875,0.27625,Q2
MT0002438908,0.3506249999999999,0.645,Q4
MT0002460914,0.54375,0.3175,Q2
MT0002472723,0.5675,0.8262499999999999,Q1
MT0002477987,0.4275,0.3575,Q3
MT0002479795,0.555625,0.3087499999999999,Q2
MT0002485672,0.43125,0.40125,Q3
MT0002500878,0.56375,0.224375,Q2
MT0002506076,0.6375,0.80625,Q1
MT0002515172,0.425,0.69375,Q4
MT0002532237,0.54125,0.64625,Q1
MT0002538335,0.6125,0.55875,Q1
MT0002541988,0.38625,0.68375,Q4
MT0002549047,0.29,0.28125,Q3
MT0002549944,0.586875,0.3087499999999999,Q2
MT0002573253,0.44375,0.25,Q3
MT0002580064,0.44375,0.28125,Q3
MT0002585767,0.47375,0.22625,Q3
MT0002591418,0.4256249999999999,0.7068749999999999,Q4
MT0002595792,0.54125,0.70625,Q1
MT0002602057,0.579375,0.330625,Q2
MT0002604697,0.34375,0.4425,Q3
MT0002619035,0.24375,0.65875,Q4
MT0002621498,0.56,0.3225,Q2
MT0002634024,0.464375,0.28375,Q3
MT0002638821,0.29,0.766875,Q4
MT0002645049,0.595,0.875,Q1
MT0002655864,0.57875,0.35,Q2
MT0002659854,0.239375,0.678125,Q4
MT0002672499,0.6375,0.80625,Q1
MT0002675791,0.249375,0.684375,Q4
MT0002698706,0.60375,0.54375,Q1
MT0002698827,0.35,0.759375,Q4
MT0002699966,0.53125,0.82125,Q1
MT0002700026,0.58,0.765,Q1
MT0002701422,0.50625,0.29375,Q2
MT0002709704,0.65125,0.8206249999999999,Q1
MT0002711792,0.50625,0.29375,Q2
MT0002714093,0.3143749999999999,0.311875,Q3
MT0002716927,0.36875,0.6125,Q4
MT0002739845,0.56375,0.339375,Q2
MT0002760912,0.3043749999999999,0.369375,Q3
MT0002761408,0.50625,0.29375,Q2
MT0002762445,0.5625,0.72625,Q1
MT0002771537,0.42125,0.20875,Q3
MT0002784741,0.3075,0.30625,Q3
MT0002794078,0.53125,0.82125,Q1
MT0002803746,0.35875,0.7718750000000001,Q4
MT0002810052,0.54375,0.3125,Q2
MT0002840704,0.66875,0.72625,Q1
MT0002844771,0.38125,0.20875,Q3
MT0002846256,0.26625,0.74625,Q4
MT0002858390,0.38625,0.7775,Q4
MT0002859848,0.255,0.73625,Q4
MT0002874481,0.31125,0.28125,Q3
MT0002874900,0.56375,0.263125,Q2
MT0002875103,0.5462499999999999,0.264375,Q2
MT0002885173,0.58,0.665,Q1
MT0002889321,0.50625,0.29375,Q2
MT0002894033,0.54125,0.85125,Q1
MT0002903697,0.2375,0.724375,Q4
MT0002907679,0.545,0.5375,Q1
MT0002908894,0.6825,0.5843750000000001,Q1
MT0002909109,0.725,0.8025,Q1
MT0002915967,0.31,0.28125,Q3
MT0002920876,0.2375,0.73625,Q4
MT0002939380,0.57875,0.35,Q2
MT0002949712,0.50625,0.29375,Q2
MT0002951872,0.5625,0.765,Q1
MT0002954708,0.50625,0.29375,Q2
MT0002955901,0.579375,0.330625,Q2
MT0002960288,0.35125,0.65875,Q4
MT0002962258,0.56125,0.7731250000000001,Q1
MT0002965366,0.47375,0.22625,Q3
MT0002969144,0.3774999999999999,0.60875,Q4
MT0002980543,0.36875,0.65,Q4
MT0002986568,0.47375,0.22625,Q3
MT0002999366,0.61125,0.82125,Q1
MT0003008724,0.57125,0.305,Q2
MT0003012633,0.258125,0.733125,Q4
MT0003017303,0.42625,0.61375,Q4
MT0003019852,0.5462499999999999,0.229375,Q2
MT0003023886,0.50625,0.29375,Q2
MT0003025046,0.26625,0.74625,Q4
MT0003025883,0.3931249999999999,0.7731250000000001,Q4
MT0003028265,0.38625,0.73625,Q4
MT0003037754,0.42125,0.26875,Q3
MT0003041246,0.5462499999999999,0.26375,Q2
MT0003044417,0.5625,0.80625,Q1
MT0003053135,0.42125,0.20875,Q3
MT0003085195,0.565,0.23375,Q2
MT0003085925,0.57875,0.7931250000000001,Q1
MT0003094118,0.5225,0.30625,Q2
MT0003097486,0.54375,0.39875,Q2
MT0003101727,0.34625,0.23875,Q3
MT0003105414,0.400625,0.329375,Q3
MT0003106472,0.565,0.23375,Q2
MT0003109823,0.47375,0.22625,Q3
MT0003114552,0.44375,0.25,Q3
MT0003117846,0.5462499999999999,0.336875,Q2
MT0003124476,0.5462499999999999,0.2774999999999999,Q2
MT0003131369,0.620625,0.6543749999999999,Q1
MT0003131435,0.6325,0.7887500000000001,Q1
MT0003144898,0.57125,0.74375,Q1
MT0003148189,0.39125,0.669375,Q4
MT0003149291,0.54,0.64625,Q1
MT0003150748,0.47375,0.37,Q3
MT0003175531,0.61125,0.67875,Q1
MT0003189593,0.5175,0.72625,Q1
MT0003189890,0.464375,0.2774999999999999,Q3
MT0003209662,0.50625,0.29375,Q2
MT0003213617,0.39625,0.57875,Q4
MT0003213835,0.5175,0.60375,Q1
MT0003216840,0.65125,0.84875,Q1
MT0003224500,0.575625,0.2475,Q2
MT0003228768,0.41125,0.56875,Q4
MT0003237550,0.5449999999999999,0.365,Q2
MT0003246728,0.55125,0.6825,Q1
MT0003248394,0.63125,0.80625,Q1
MT0003262589,0.56375,0.3556249999999999,Q2
MT0003263304,0.38625,0.25625,Q3
MT0003264792,0.3712499999999999,0.71,Q4
MT0003272751,0.6375,0.585,Q1
MT0003272904,0.3143749999999999,0.311875,Q3
MT0003274067,0.29,0.29125,Q3
MT0003280103,0.4225,0.73625,Q4
MT0003286463,0.58,0.5875,Q1
MT0003287170,0.46375,0.669375,Q4
MT0003287931,0.255,0.69375,Q4
MT0003294608,0.565,0.323125,Q2
MT0003300388,0.343125,0.28375,Q3
MT0003311798,0.57125,0.36875,Q2
MT0003315880,0.57875,0.2675,Q2
MT0003320924,0.38625,0.3675,Q3
MT0003326925,0.54875,0.26125,Q2
MT0003328491,0.31125,0.20875,Q3
MT0003329820,0.545,0.78125,Q1
MT0003336370,0.47375,0.26125,Q3
MT0003336800,0.54875,0.27625,Q2
MT0003337396,0.50625,0.29375,Q2
MT0003343422,0.300625,0.275,Q3
MT0003344002,0.29,0.28125,Q3
MT0003345751,0.50625,0.29375,Q2
MT0003352308,0.34625,0.23875,Q3
MT0003353602,0.50625,0.29375,Q2
MT0003353794,0.31125,0.28125,Q3
MT0003354468,0.35125,0.7125,Q4
MT0003361206,0.5625,0.6825,Q1
MT0003362542,0.3818749999999999,0.2475,Q3
MT0003362617,0.28125,0.305,Q3
MT0003382050,0.255,0.73625,Q4
MT0003389088,0.35125,0.69375,Q4
MT0003390733,0.725,0.8025,Q1
MT0003402178,0.3868749999999999,0.736875,Q4
MT0003402538,0.31125,0.26875,Q3
MT0003402994,0.6375,0.7375,Q1
MT0003410384,0.301875,0.521875,Q4
MT0003420996,0.34625,0.23875,Q3
MT0003421433,0.4225,0.815,Q4
MT0003428477,0.38625,0.69375,Q4
MT0003435704,0.31125,0.22625,Q3
MT0003440957,0.61125,0.82,Q1
MT0003442366,0.50625,0.29375,Q2
MT0003444822,0.50625,0.29375,Q2
MT0003462877,0.5525,0.33125,Q2
MT0003473344,0.401875,0.736875,Q4
MT0003475707,0.454375,0.61375,Q4
MT0003496132,0.5875,0.35,Q2
MT0003501434,0.425625,0.384375,Q3
MT0003503243,0.54375,0.2675,Q2
MT0003504525,0.4549999999999999,0.32875,Q3
MT0003510796,0.4449999999999999,0.6925,Q4
MT0003517837,0.3987499999999999,0.725,Q4
MT0003530174,0.42125,0.20875,Q3
MT0003536193,0.63125,0.82,Q1
MT0003539442,0.50625,0.29375,Q2
MT0003542756,0.275625,0.3075,Q3
MT0003570082,0.659375,0.7537499999999999,Q1
MT0003587042,0.533125,0.33,Q2
MT0003597979,0.3325,0.7125,Q4
MT0003603497,0.3931249999999999,0.79625,Q4
MT0003603772,0.6812499999999999,0.811875,Q1
MT0003612742,0.6375,0.36125,Q2
MT0003617309,0.53125,0.80625,Q1
MT0003629164,0.35125,0.70625,Q4
MT0003630870,0.5462499999999999,0.328125,Q2
MT0003649209,0.54,0.81375,Q1
MT0003655811,0.44375,0.25,Q3
MT0003655884,0.26125,0.75,Q4
MT0003659365,0.53625,0.29625,Q2
MT0003663435,0.5625,0.80625,Q1
MT0003669917,0.60375,0.74375,Q1
MT0003703624,0.47375,0.22625,Q3
MT0003710207,0.3924999999999999,0.75625,Q4
MT0003728288,0.50625,0.29375,Q2
MT0003729518,0.651875,0.718125,Q1
MT0003732702,0.370625,0.779375,Q4
MT0003740052,0.4525,0.82,Q4
MT0003748227,0.44375,0.2425,Q3
MT0003753139,0.40375,0.59,Q4
MT0003759483,0.364375,0.71375,Q4
MT0003762220,0.255,0.685,Q4
MT0003762339,0.50625,0.29375,Q2
MT0003768949,0.6675,0.80125,Q1
MT0003770678,0.38625,0.6025,Q4
MT0003774577,0.54375,0.30625,Q2
MT0003787478,0.535625,0.27625,Q2
MT0003788939,0.63125,0.58125,Q1
MT0003791678,0.6375,0.7150000000000001,Q1
MT0003792475,0.3375,0.49375,Q3
MT0003795778,0.595,0.875,Q1
MT0003796752,0.515,0.7775,Q1
MT0003799339,0.31875,0.20875,Q3
MT0003807077,0.54,0.22625,Q2
MT0003808089,0.3874999999999999,0.40125,Q3
MT0003821577,0.50625,0.29375,Q2
MT0003859252,0.5462499999999999,0.305625,Q2
MT0003861331,0.285,0.743125,Q4
MT0003863509,0.464375,0.234375,Q3
MT0003868349,0.26125,0.57875,Q4
MT0003868390,0.385625,0.69375,Q4
MT0003869539,0.5175,0.72625,Q1
MT0003872021,0.47375,0.22625,Q3
MT0003878494,0.44375,0.25,Q3
MT0003880691,0.56375,0.32,Q2
MT0003881997,0.54375,0.3175,Q2
MT0003898980,0.366875,0.72,Q4
MT0003903675,0.6243749999999999,0.721875,Q1
MT0003906833,0.63125,0.86875,Q1
MT0003907045,0.3831249999999999,0.314375,Q3
MT0003909053,0.47375,0.22625,Q3
MT0003909575,0.38625,0.71,Q4
MT0003922883,0.4225,0.82125,Q4
MT0003934644,0.60375,0.82625,Q1
MT0003935485,0.47,0.36875,Q3
MT0003942985,0.44375,0.25625,Q3
MT0003949060,0.70375,0.665,Q1
MT0003965796,0.595,0.8,Q1
MT0003968586,0.5349999999999999,0.306875,Q2
MT0003970870,0.4549999999999999,0.26875,Q3
MT0003974181,0.343125,0.286875,Q3
MT0003979876,0.50625,0.29375,Q2
MT0004001989,0.56375,0.785625,Q1
MT0004012938,0.50625,0.29375,Q2
MT0004020993,0.7025,0.80625,Q1
MT0004025604,0.50625,0.29375,Q2
MT0004028719,0.51125,0.3,Q2
MT0004033010,0.7025,0.8025,Q1
MT0004034604,0.58,0.5875,Q1
MT0004037272,0.70375,0.68375,Q1
MT0004068560,0.50625,0.29375,Q2
MT0004071684,0.300625,0.299375,Q3
MT0004072079,0.58,0.2224999999999999,Q2
MT0004073991,0.54375,0.3175,Q2
MT0004085907,0.58,0.36875,Q2
MT0004087145,0.50625,0.29375,Q2
MT0004089549,0.41125,0.56875,Q4
MT0004091857,0.53125,0.72625,Q1
MT0004098601,0.42125,0.723125,Q4
MT0004113262,0.68625,0.7325,Q1
MT0004117319,0.38625,0.28625,Q3
MT0004122617,0.5318750000000001,0.678125,Q1
MT0004131058,0.44375,0.25625,Q3
MT0004131260,0.44375,0.36125,Q3
MT0004137658,0.50625,0.29375,Q2
MT0004139859,0.31125,0.28125,Q3
MT0004156130,0.455,0.736875,Q4
MT0004180568,0.28125,0.759375,Q4
MT0004184616,0.375,0.28625,Q3
MT0004186970,0.530625,0.34875,Q2
MT0004194402,0.44375,0.25,Q3
MT0004197514,0.525625,0.359375,Q2
MT0004212108,0.3575,0.25625,Q3
MT0004219321,0.4031249999999999,0.798125,Q4
MT0004230500,0.6131249999999999,0.840625,Q1
MT0004232099,0.343125,0.28375,Q3
MT0004240748,0.54875,0.1912499999999999,Q2
MT0004254228,0.54375,0.3125,Q2
MT0004256890,0.295625,0.76875,Q4
MT0004260672,0.5625,0.765,Q1
MT0004262978,0.34375,0.711875,Q4
MT0004263301,0.325,0.33125,Q3
MT0004263956,0.4725,0.2875,Q3
MT0004269670,0.44375,0.25,Q3
MT0004274911,0.31875,0.7375,Q4
MT0004287283,0.44375,0.25,Q3
MT0004290389,0.38625,0.49375,Q3
MT0004293364,0.5225,0.29125,Q2
MT0004301925,0.55,0.58375,Q1
MT0004306521,0.3325,0.69375,Q4
MT0004317784,0.31125,0.3,Q3
MT0004337195,0.725,0.80625,Q1
MT0004338270,0.5625,0.82125,Q1
MT0004342301,0.31125,0.26875,Q3
MT0004343785,0.47375,0.2425,Q3
MT0004352104,0.3925,0.224375,Q3
MT0004352726,0.38625,0.6025,Q4
MT0004362501,0.42125,0.73625,Q4
MT0004392421,0.55,0.58375,Q1
MT0004397754,0.29,0.32875,Q3
MT0004414074,0.50625,0.29375,Q2
MT0004422924,0.545,0.665,Q1
MT0004425744,0.63125,0.86875,Q1
MT0004428604,0.6375,0.765,Q1
MT0004440606,0.43125,0.49375,Q3
MT0004444570,0.52125,0.658125,Q1
MT0004447086,0.50625,0.29375,Q2
MT0004459450,0.564375,0.328125,Q2
MT0004469135,0.60375,0.765,Q1
MT0004476235,0.421875,0.2618749999999999,Q3
MT0004485367,0.3831249999999999,0.314375,Q3
MT0004500770,0.3925,0.224375,Q3
MT0004506984,0.646875,0.7887500000000001,Q1
MT0004511265,0.65,0.26,Q2
MT0004512063,0.50625,0.29375,Q2
MT0004514306,0.47375,0.3125,Q3
MT0004525980,0.39875,0.80625,Q4
MT0004537445,0.3375,0.61125,Q4
MT0004537620,0.4275,0.3125,Q3
MT0004540242,0.32375,0.76125,Q4
MT0004548391,0.4725,0.2875,Q3
MT0004550434,0.57875,0.1912499999999999,Q2
MT0004550458,0.38625,0.6875,Q4
MT0004551480,0.70375,0.665,Q1
MT0004558203,0.5462499999999999,0.309375,Q2
MT0004558461,0.5231250000000001,0.289375,Q2
MT0004567504,0.38625,0.6875,Q4
MT0004584064,0.36,0.55875,Q4
MT0004588191,0.61125,0.82125,Q1
MT0004609722,0.44375,0.25,Q3
MT0004625127,0.47375,0.22625,Q3
MT0004633915,0.2975,0.6775,Q4
MT0004643275,0.2825,0.743125,Q4
MT0004668394,0.375,0.28125,Q3
MT0004674397,0.54375,0.30625,Q2
MT0004680723,0.620625,0.718125,Q1
MT0004681292,0.533125,0.33125,Q2
MT0004683099,0.6481250000000001,0.83875,Q1
MT0004692317,0.5237499999999999,0.7887500000000001,Q1
MT0004692456,0.61125,0.705,Q1
MT0004692889,0.425,0.69375,Q4
MT0004693207,0.325,0.33125,Q3
MT0004699901,0.3987499999999999,0.579375,Q4
MT0004711079,0.5631250000000001,0.785625,Q1
MT0004715422,0.50625,0.29375,Q2
MT0004725201,0.38625,0.8025,Q4
MT0004725405,0.6174999999999999,0.795,Q1
MT0004739956,0.50625,0.26875,Q2
MT0004751933,0.70375,0.665,Q1
MT0004754115,0.40125,0.56875,Q4
MT0004758223,0.31,0.71,Q4
MT0004759588,0.50625,0.29375,Q2
MT0004772896,0.3143749999999999,0.311875,Q3
MT0004776609,0.3325,0.73625,Q4
MT0004781165,0.44375,0.25625,Q3
MT0004798504,0.5875,0.305,Q2
MT0004798790,0.3724999999999999,0.34875,Q3
MT0004807446,0.5225,0.29125,Q2
MT0004811602,0.50625,0.29375,Q2
MT0004812565,0.396875,0.69375,Q4
MT0004816612,0.63125,0.86875,Q1
MT0004817670,0.47,0.36875,Q3
MT0004829377,0.464375,0.2475,Q3
MT0004836526,0.575625,0.3968750000000001,Q2
MT0004840819,0.47375,0.22625,Q3
MT0004842694,0.343125,0.3075,Q3
MT0004844832,0.5193749999999999,0.355625,Q2
MT0004850406,0.32375,0.6825,Q4
MT0004850690,0.36875,0.65875,Q4
MT0004861138,0.52125,0.35,Q2
MT0004864453,0.441875,0.5856250000000001,Q4
MT0004866559,0.54875,0.27625,Q2
MT0004867185,0.54875,0.2675,Q2
MT0004869271,0.39125,0.3425,Q3
MT0004872217,0.50625,0.29375,Q2
MT0004882280,0.5462499999999999,0.300625,Q2
MT0004883551,0.54,0.785625,Q1
MT0004890000,0.6499999999999999,0.8031250000000001,Q1
MT0004894364,0.50625,0.29375,Q2
MT0004896738,0.5625,0.82125,Q1
MT0004910983,0.363125,0.4475,Q3
MT0004911454,0.38625,0.59,Q4
MT0004925844,0.33,0.69375,Q4
MT0004936799,0.44375,0.25,Q3
MT0004942017,0.57125,0.39875,Q2
MT0004943985,0.6243749999999999,0.825,Q1
MT0004948855,0.50625,0.29375,Q2
MT0004956006,0.50625,0.29375,Q2
MT0004958762,0.5618749999999999,0.3775,Q2
MT0004961409,0.52375,0.305,Q2
MT0004962647,0.27125,0.73,Q4
MT0004963809,0.28625,0.71,Q4
MT0004970058,0.31875,0.78125,Q4
MT0004978135,0.428125,0.42375,Q3
MT0004984433,0.38125,0.71,Q4
MT0005001966,0.31375,0.328125,Q3
MT0005003824,0.7025,0.80625,Q1
MT0005009715,0.300625,0.275,Q3
MT0005023904,0.47,0.36875,Q3
MT0005026798,0.50625,0.29375,Q2
MT0005028976,0.58,0.39875,Q2
MT0005029328,0.50625,0.26375,Q2
MT0005030845,0.3075,0.3,Q3
MT0005033429,0.599375,0.7731250000000001,Q1
MT0005039941,0.56375,0.229375,Q2
MT0005054643,0.401875,0.8006249999999999,Q4
MT0005060138,0.425,0.6725,Q4
MT0005066971,0.58125,0.79,Q1
MT0005068407,0.39875,0.725,Q4
MT0005072543,0.7025,0.86875,Q1
MT0005083885,0.31125,0.28125,Q3
MT0005094727,0.464375,0.2774999999999999,Q3
MT0005111463,0.325,0.26875,Q3
MT0005112174,0.22375,0.68375,Q4
MT0005113916,0.37,0.69375,Q4
MT0005115042,0.35,0.253125,Q3
MT0005129157,0.41125,0.5787500000000001,Q4
MT0005151875,0.405,0.6725,Q4
MT0005157391,0.44375,0.25625,Q3
MT0005157804,0.4775,0.6025,Q4
MT0005158273,0.3924999999999999,0.8025,Q4
MT0005163122,0.575,0.80625,Q1
MT0005171537,0.50625,0.29375,Q2
MT0005171805,0.44375,0.25625,Q3
MT0005189351,0.4225,0.26875,Q3
MT0005189820,0.35125,0.24,Q3
MT0005198745,0.4199999999999999,0.72375,Q4
MT0005202791,0.50625,0.29375,Q2
MT0005213723,0.58125,0.32875,Q2
MT0005217073,0.31125,0.28125,Q3
MT0005223794,0.54375,0.3125,Q2
MT0005241287,0.54375,0.3125,Q2
MT0005241699,0.60375,0.74375,Q1
MT0005243931,0.50625,0.29375,Q2
MT0005253065,0.47375,0.22625,Q3
MT0005254421,0.3868749999999999,0.34875,Q3
MT0005262725,0.42125,0.20875,Q3
MT0005265641,0.6331249999999999,0.7537499999999999,Q1
MT0005270263,0.34625,0.23875,Q3
MT0005272837,0.2406249999999999,0.771875,Q4
MT0005285696,0.26625,0.74625,Q4
MT0005286165,0.54875,0.22625,Q2
MT0005287506,0.50625,0.29375,Q2
MT0005294278,0.31125,0.26875,Q3
MT0005304966,0.50625,0.29375,Q2
MT0005319891,0.50625,0.29375,Q2
MT0005330350,0.300625,0.284375,Q3
MT0005331755,0.65125,0.8206249999999999,Q1
MT0005336347,0.44375,0.25,Q3
MT0005344437,0.32375,0.734375,Q4
MT0005352508,0.57125,0.36875,Q2
MT0005352614,0.3575,0.25625,Q3
MT0005357887,0.38625,0.32875,Q3
MT0005379911,0.375,0.3425,Q3
MT0005387539,0.56375,0.32,Q2
MT0005392036,0.36,0.555,Q4
MT0005403018,0.380625,0.69875,Q4
MT0005404111,0.6074999999999999,0.8049999999999999,Q1
MT0005404247,0.42125,0.20875,Q3
MT0005409948,0.54375,0.30625,Q2
MT0005411969,0.57875,0.1912499999999999,Q2
MT0005417719,0.54375,0.3175,Q2
MT0005422349,0.3812500000000001,0.73125,Q4
MT0005426130,0.666875,0.80125,Q1
MT0005431678,0.54375,0.3175,Q2
MT0005443513,0.2825,0.74,Q4
MT0005451862,0.535625,0.318125,Q2
MT0005469880,0.5625,0.82125,Q1
MT0005478759,0.66875,0.8,Q1
MT0005479384,0.255,0.76625,Q4
MT0005486154,0.39125,0.3425,Q3
MT0005489029,0.63125,0.80625,Q1
MT0005497233,0.579375,0.365,Q2
MT0005508168,0.455,0.77625,Q4
MT0005511334,0.26125,0.73625,Q4
MT0005515169,0.58125,0.1912499999999999,Q2
MT0005519111,0.351875,0.65625,Q4
MT0005520274,0.3375,0.28625,Q3
MT0005523766,0.63125,0.85125,Q1
MT0005537590,0.411875,0.5856250000000001,Q4
MT0005540023,0.530625,0.3087499999999999,Q2
MT0005540907,0.71375,0.8043750000000001,Q1
MT0005550288,0.56,0.305625,Q2
MT0005556630,0.455,0.818125,Q4
MT0005567133,0.56,0.3712499999999999,Q2
MT0005568749,0.38125,0.20875,Q3
MT0005575348,0.4549999999999999,0.22625,Q3
MT0005592810,0.61125,0.77125,Q1
MT0005593407,0.47375,0.2425,Q3
MT0005621435,0.4499999999999999,0.49375,Q3
MT0005625323,0.6074999999999999,0.825,Q1
MT0005625762,0.625,0.83125,Q1
MT0005630273,0.3831249999999999,0.355625,Q3
MT0005638160,0.541875,0.320625,Q2
MT0005642770,0.50625,0.29375,Q2
MT0005652563,0.57875,0.1912499999999999,Q2
MT0005655655,0.44375,0.25,Q3
MT0005656534,0.31375,0.733125,Q4
MT0005658482,0.50625,0.29375,Q2
MT0005660001,0.684375,0.690625,Q1
MT0005666606,0.6074999999999999,0.816875,Q1
MT0005670101,0.44375,0.25625,Q3
MT0005673020,0.52375,0.32875,Q2
MT0005675358,0.56375,0.32,Q2
MT0005695311,0.33,0.685,Q4
MT0005696421,0.29,0.26875,Q3
MT0005707044,0.41,0.6599999999999999,Q4
MT0005713768,0.6399999999999999,0.5843750000000001,Q1
MT0005715379,0.22375,0.68375,Q4
MT0005715715,0.60375,0.8125,Q1
MT0005723257,0.45875,0.234375,Q3
MT0005725657,0.5406249999999999,0.306875,Q2
MT0005727783,0.375,0.3125,Q3
MT0005735527,0.30375,0.75875,Q4
MT0005740567,0.47375,0.2224999999999999,Q3
MT0005751512,0.50625,0.29375,Q2
MT0005752234,0.568125,0.84,Q1
MT0005756784,0.559375,0.3275,Q2
MT0005760259,0.50625,0.29375,Q2
MT0005763004,0.6481250000000001,0.7537499999999999,Q1
MT0005774267,0.57875,0.27625,Q2
MT0005804191,0.39875,0.80625,Q4
MT0005822463,0.39125,0.3425,Q3
MT0005827376,0.416875,0.7637499999999999,Q4
MT0005827477,0.5549999999999999,0.264375,Q2
MT0005830128,0.3931249999999999,0.778125,Q4
MT0005832516,0.57125,0.58125,Q1
MT0005846374,0.54,0.75125,Q1
MT0005850999,0.37375,0.6075,Q4
MT0005884980,0.39125,0.669375,Q4
MT0005912220,0.42125,0.19,Q3
MT0005916227,0.4375,0.253125,Q3
MT0005941732,0.4549999999999999,0.4825,Q3
MT0005944471,0.59125,0.7518750000000001,Q1
MT0005951020,0.54375,0.30625,Q2
MT0005959692,0.37,0.736875,Q4
MT0005963165,0.375,0.3425,Q3
MT0005974256,0.54375,0.30625,Q2
MT0005981667,0.44375,0.25625,Q3
MT0005987148,0.255,0.76625,Q4
MT0006001220,0.44375,0.25625,Q3
MT0006001707,0.56375,0.32,Q2
MT0006007936,0.57875,0.36125,Q2
MT0006022752,0.35,0.26875,Q3
MT0006037085,0.3225,0.69375,Q4
MT0006039798,0.31875,0.33125,Q3
MT0006055329,0.54875,0.25,Q2
MT0006067841,0.50625,0.29375,Q2
MT0006070661,0.31125,0.26875,Q3
MT0006078896,0.54375,0.3125,Q2
MT0006090628,0.4125,0.33125,Q3
MT0006096934,0.656875,0.75,Q1
MT0006107326,0.4287499999999999,0.75,Q4
MT0006114773,0.58875,0.58125,Q1
MT0006115121,0.42125,0.79,Q4
MT0006129774,0.255,0.68375,Q4
MT0006137372,0.4599999999999999,0.4825,Q3
MT0006153804,0.4556249999999999,0.3625,Q3
MT0006157839,0.56375,0.32,Q2
MT0006159067,0.3724999999999999,0.34875,Q3
MT0006164654,0.41125,0.59,Q4
MT0006169551,0.2375,0.73625,Q4
MT0006181559,0.341875,0.753125,Q4
MT0006188933,0.595,0.82875,Q1
MT0006196650,0.5175,0.765,Q1
MT0006232679,0.57125,0.56625,Q1
MT0006234138,0.39125,0.77125,Q4
MT0006249493,0.5875,0.21875,Q2
MT0006256204,0.54375,0.3125,Q2
MT0006263439,0.42,0.25625,Q3
MT0006271664,0.42125,0.20875,Q3
MT0006314897,0.6375,0.72625,Q1
MT0006324704,0.3325,0.745625,Q4
MT0006334050,0.300625,0.275,Q3
MT0006348382,0.2881249999999999,0.678125,Q4
MT0006356406,0.54375,0.3125,Q2
MT0006357085,0.53125,0.82125,Q1
MT0006357849,0.5625,0.82125,Q1
MT0006365604,0.575625,0.36875,Q2
MT0006367176,0.558125,0.551875,Q1
MT0006386327,0.5525,0.681875,Q1
MT0006391732,0.52375,0.30625,Q2
MT0006397809,0.46375,0.31,Q3
MT0006406298,0.6074999999999999,0.796875,Q1
MT0006409530,0.54375,0.3125,Q2
MT0006410285,0.31125,0.22625,Q3
MT0006410748,0.6125,0.55875,Q1
MT0006417602,0.47375,0.2224999999999999,Q3
MT0006421356,0.47375,0.22625,Q3
MT0006431184,0.56125,0.7731250000000001,Q1
MT0006431807,0.60375,0.61125,Q1
MT0006434833,0.50625,0.29375,Q2
MT0006475078,0.38625,0.75,Q4
MT0006475970,0.58125,0.78125,Q1
MT0006482524,0.3774999999999999,0.711875,Q4
MT0006484633,0.50625,0.29375,Q2
MT0006486093,0.57875,0.7931250000000001,Q1
MT0006487635,0.50625,0.29375,Q2
MT0006492385,0.29,0.28125,Q3
MT0006510599,0.564375,0.365,Q2
MT0006514225,0.620625,0.768125,Q1
MT0006522591,0.35125,0.24,Q3
MT0006528309,0.5931249999999999,0.731875,Q1
MT0006534417,0.4549999999999999,0.29125,Q3
MT0006536592,0.60375,0.80625,Q1
MT0006540794,0.71375,0.8043750000000001,Q1
MT0006545202,0.50625,0.29375,Q2
MT0006552038,0.50625,0.29375,Q2
MT0006553309,0.5549999999999999,0.81625,Q1
MT0006553914,0.5231250000000001,0.274375,Q2
MT0006559667,0.50625,0.29375,Q2
MT0006562479,0.3375,0.28625,Q3
MT0006570517,0.54375,0.3175,Q2
MT0006573563,0.50625,0.29375,Q2
MT0006575669,0.39625,0.785625,Q4
MT0006581362,0.50625,0.29375,Q2
MT0006587635,0.50625,0.29375,Q2
MT0006587819,0.42125,0.7375,Q4
MT0006609765,0.38625,0.59,Q4
MT0006610139,0.385625,0.643125,Q4
MT0006612877,0.50625,0.29375,Q2
MT0006633147,0.5625,0.82125,Q1
MT0006635536,0.3375,0.49375,Q3
MT0006640142,0.533125,0.345,Q2
MT0006641042,0.50625,0.29375,Q2
MT0006654122,0.43125,0.37,Q3
MT0006683875,0.599375,0.785625,Q1
MT0006695707,0.57875,0.3125,Q2
MT0006696891,0.4499999999999999,0.40125,Q3
MT0006708402,0.4725,0.29125,Q3
MT0006713730,0.3375,0.49375,Q3
MT0006723128,0.564375,0.365,Q2
MT0006737689,0.57875,0.3125,Q2
MT0006738137,0.26625,0.675,Q4
MT0006742179,0.50625,0.29375,Q2
MT0006746691,0.629375,0.273125,Q2
MT0006746926,0.71375,0.7537499999999999,Q1
MT0006747288,0.5625,0.82125,Q1
MT0006751087,0.629375,0.273125,Q2
MT0006754099,0.58,0.585,Q1
MT0006761058,0.33,0.76625,Q4
MT0006761971,0.54,0.2675,Q2
MT0006770955,0.5625,0.82125,Q1
MT0006771406,0.665625,0.718125,Q1
MT0006773580,0.50625,0.29375,Q2
MT0006777027,0.3943749999999999,0.7637499999999999,Q4
MT0006778622,0.5231250000000001,0.274375,Q2
MT0006784451,0.50625,0.29375,Q2
MT0006794235,0.38625,0.58125,Q4
MT0006795758,0.56,0.453125,Q2
MT0006798861,0.50625,0.29375,Q2
MT0006800841,0.559375,0.385,Q2
MT0006806145,0.564375,0.365,Q2
MT0006810990,0.58,0.2224999999999999,Q2
MT0006813360,0.358125,0.41,Q3
MT0006814089,0.38625,0.68375,Q4
MT0006832360,0.50625,0.29375,Q2
MT0006833696,0.47375,0.22625,Q3
MT0006839715,0.39875,0.80625,Q4
MT0006843007,0.5175,0.765,Q1
MT0006846075,0.40125,0.675,Q4
MT0006862088,0.50625,0.29375,Q2
MT0006877397,0.4725,0.33125,Q3
MT0006879985,0.58875,0.305,Q2
MT0006880936,0.3075,0.35,Q3
MT0006919273,0.375,0.2475,Q3
MT0006929157,0.533125,0.410625,Q2
MT0006933170,0.56375,0.32,Q2
MT0006937715,0.5118750000000001,0.825,Q1
MT0006939177,0.54375,0.305,Q2
MT0006955716,0.40375,0.685,Q4
MT0006983241,0.4768749999999999,0.7525,Q4
MT0006991912,0.38625,0.7125,Q4
MT0006992235,0.7025,0.86875,Q1
MT0006996768,0.54125,0.85125,Q1
MT0007002901,0.58,0.32875,Q2
MT0007013069,0.55125,0.69625,Q1
MT0007037296,0.63125,0.58125,Q1
MT0007039082,0.36875,0.6725,Q4
MT0007043504,0.54375,0.305,Q2
MT0007051057,0.35,0.253125,Q3
MT0007051188,0.25875,0.643125,Q4
MT0007057303,0.6243749999999999,0.78375,Q1
MT0007058512,0.565,0.323125,Q2
MT0007064420,0.39,0.7637499999999999,Q4
MT0007067293,0.5625,0.82125,Q1
MT0007068165,0.575625,0.5625,Q1
MT0007071481,0.54375,0.305,Q2
MT0007072992,0.4187499999999999,0.72125,Q4
MT0007074655,0.65,0.26,Q2
MT0007075838,0.58,0.36125,Q2
MT0007081433,0.454375,0.7375,Q4
MT0007087238,0.33,0.69375,Q4
MT0007088972,0.57125,0.78125,Q1
MT0007099407,0.47375,0.22625,Q3
MT0007102148,0.35,0.253125,Q3
MT0007106784,0.35,0.253125,Q3
MT0007107079,0.38125,0.61,Q4
MT0007109938,0.60875,0.26,Q2
MT0007113915,0.3375,0.4775,Q3
MT0007117290,0.5625,0.765,Q1
MT0007119529,0.42125,0.7375,Q4
MT0007127869,0.58,0.36125,Q2
MT0007132421,0.63125,0.82125,Q1
MT0007136180,0.54125,0.78125,Q1
MT0007142175,0.42125,0.61,Q4
MT0007145736,0.338125,0.31,Q3
MT0007153265,0.4725,0.33125,Q3
MT0007164275,0.5175,0.29375,Q2
MT0007186714,0.27125,0.68375,Q4
MT0007190016,0.58125,0.78125,Q1
MT0007191313,0.341875,0.5874999999999999,Q4
MT0007199330,0.3843749999999999,0.68875,Q4
MT0007207422,0.43125,0.6025,Q4
MT0007207968,0.38625,0.55875,Q4
MT0007210245,0.58,0.36125,Q2
MT0007232134,0.404375,0.6893750000000001,Q4
MT0007249337,0.47,0.36875,Q3
MT0007257222,0.515625,0.73875,Q1
MT0007265208,0.45125,0.25,Q3
MT0007267489,0.423125,0.75,Q4
MT0007269020,0.50625,0.29375,Q2
MT0007274054,0.7025,0.8025,Q1
MT0007276457,0.35625,0.336875,Q3
MT0007280044,0.47375,0.22625,Q3
MT0007282148,0.42125,0.7375,Q4
MT0007310068,0.39875,0.67875,Q4
MT0007328300,0.4275,0.441875,Q3
MT0007329488,0.645,0.72625,Q1
MT0007337206,0.54875,0.2375,Q2
MT0007338724,0.47375,0.22625,Q3
MT0007340697,0.53625,0.274375,Q2
MT0007349422,0.54,0.35,Q2
MT0007349999,0.47375,0.22625,Q3
MT0007350911,0.54,0.7931250000000001,Q1
MT0007351601,0.47375,0.22625,Q3
MT0007353661,0.370625,0.77625,Q4
MT0007356476,0.40375,0.6775,Q4
MT0007372035,0.4499999999999999,0.36125,Q3
MT0007376021,0.57875,0.305,Q2
MT0007384768,0.665,0.80625,Q1
MT0007389608,0.50625,0.29375,Q2
MT0007393408,0.50625,0.29375,Q2
MT0007396257,0.35125,0.65875,Q4
MT0007401605,0.511875,0.28125,Q2
MT0007410187,0.2724999999999999,0.305,Q3
MT0007412399,0.31125,0.3425,Q3
MT0007413949,0.50625,0.29375,Q2
MT0007419064,0.60375,0.80625,Q1
MT0007423667,0.50625,0.29375,Q2
MT0007433643,0.29,0.721875,Q4
MT0007438571,0.46375,0.366875,Q3
MT0007442223,0.50625,0.29375,Q2
MT0007451731,0.45125,0.25,Q3
MT0007453719,0.36875,0.75625,Q4
MT0007477802,0.31875,0.20875,Q3
MT0007493575,0.6675,0.86,Q1
MT0007497706,0.45125,0.25,Q3
MT0007499577,0.4499999999999999,0.4825,Q3
MT0007508173,0.5237499999999999,0.8162499999999999,Q1
MT0007522436,0.541875,0.328125,Q2
MT0007525777,0.446875,0.224375,Q3
MT0007530529,0.330625,0.425625,Q3
MT0007550652,0.45125,0.25,Q3
MT0007556029,0.28625,0.56875,Q4
MT0007573212,0.50625,0.29375,Q2
MT0007583962,0.45125,0.25,Q3
MT0007594485,0.464375,0.2774999999999999,Q3
MT0007602902,0.54,0.32875,Q2
MT0007607008,0.66875,0.705,Q1
MT0007610380,0.45125,0.25,Q3
MT0007627521,0.50625,0.29375,Q2
MT0007644103,0.56375,0.785625,Q1
MT0007645808,0.54,0.36875,Q2
MT0007652281,0.464375,0.2774999999999999,Q3
MT0007659703,0.56125,0.298125,Q2
MT0007663424,0.57875,0.22625,Q2
MT0007696006,0.50625,0.29375,Q2
MT0007697753,0.56375,0.320625,Q2
MT0007707015,0.4549999999999999,0.32875,Q3
MT0007724694,0.39375,0.7375,Q4
MT0007728545,0.255,0.28125,Q3
MT0007730975,0.375,0.4825,Q3
MT0007757097,0.7025,0.705,Q1
MT0007766156,0.405,0.7775,Q4
MT0007780282,0.56,0.305625,Q2
MT0007780572,0.50625,0.29375,Q2
MT0007795217,0.6375,0.765,Q1
MT0007797719,0.255,0.28125,Q3
MT0007805279,0.52125,0.415,Q2
MT0007806202,0.56375,0.32,Q2
MT0007812490,0.57875,0.305,Q2
MT0007816041,0.310625,0.605,Q4
MT0007818252,0.50625,0.29375,Q2
MT0007825188,0.645,0.3924999999999999,Q2
MT0007828167,0.38125,0.73125,Q4
MT0007832902,0.645,0.3924999999999999,Q2
MT0007859380,0.5625,0.765,Q1
MT0007860263,0.300625,0.2987499999999999,Q3
MT0007866540,0.54,0.36875,Q2
MT0007868583,0.599375,0.785625,Q1
MT0007906518,0.57875,0.305,Q2
MT0007912800,0.35125,0.65875,Q4
MT0007914044,0.380625,0.454375,Q3
MT0007924549,0.50625,0.29375,Q2
MT0007926918,0.55125,0.29625,Q2
MT0007934529,0.50625,0.29375,Q2
MT0007939281,0.50625,0.29375,Q2
MT0007959122,0.50625,0.29375,Q2
MT0007961027,0.7025,0.80625,Q1
MT0007961100,0.50625,0.29375,Q2
MT0007978643,0.5625,0.82125,Q1
MT0007983016,0.243125,0.734375,Q4
MT0007999856,0.56375,0.339375,Q2
MT0008007368,0.44375,0.25,Q3
MT0008010047,0.44375,0.25,Q3
MT0008018703,0.44375,0.25,Q3
MT0008022729,0.52375,0.2875,Q2
MT0008029439,0.5725,0.7793749999999999,Q1
MT0008033398,0.44375,0.25,Q3
MT0008045785,0.50625,0.29375,Q2
MT0008046899,0.5725,0.7793749999999999,Q1
MT0008077089,0.44375,0.25,Q3
MT0008077878,0.52375,0.2875,Q2
MT0008080519,0.44375,0.25,Q3
MT0008084656,0.579375,0.365,Q2
MT0008105399,0.5725,0.7793749999999999,Q1
MT0008113039,0.5725,0.7793749999999999,Q1
MT0008120072,0.428125,0.26875,Q3
MT0008130158,0.50625,0.29375,Q2
MT0008137868,0.54125,0.334375,Q2
MT0008138963,0.3575,0.25625,Q3
MT0008140480,0.38125,0.20875,Q3
MT0008147388,0.583125,0.305625,Q2
MT0008148524,0.52375,0.54625,Q1
MT0008149831,0.583125,0.305625,Q2
MT0008154135,0.4750000000000001,0.56625,Q4
MT0008166411,0.44375,0.25,Q3
MT0008166431,0.6968749999999999,0.7525,Q1
MT0008170600,0.44375,0.25,Q3
MT0008184180,0.57875,0.30625,Q2
MT0008208983,0.54125,0.334375,Q2
MT0008211502,0.558125,0.58875,Q1
MT0008222676,0.5874999999999999,0.76,Q1
MT0008223344,0.42125,0.20875,Q3
MT0008236217,0.595,0.82125,Q1
MT0008236389,0.56375,0.32,Q2
MT0008237717,0.5625,0.765,Q1
MT0008241153,0.44375,0.25,Q3
MT0008241874,0.44375,0.25,Q3
MT0008260235,0.50625,0.29375,Q2
MT0008267476,0.45125,0.25,Q3
MT0008276763,0.5625,0.765,Q1
MT0008276791,0.74375,0.705,Q1
MT0008279825,0.31125,0.28125,Q3
MT0008296972,0.42125,0.20875,Q3
MT0008307409,0.31875,0.7375,Q4
MT0008307905,0.54875,0.305,Q2
MT0008308461,0.65125,0.8143750000000001,Q1
MT0008313843,0.58,0.55875,Q1
MT0008327012,0.35,0.253125,Q3
MT0008328152,0.374375,0.620625,Q4
MT0008328714,0.4549999999999999,0.29125,Q3
MT0008330365,0.635625,0.59625,Q1
MT0008345160,0.60625,0.743125,Q1
MT0008347586,0.54375,0.2675,Q2
MT0008352590,0.57875,0.260625,Q2
MT0008361425,0.54875,0.26125,Q2
MT0008363189,0.6499999999999999,0.8031250000000001,Q1
MT0008363839,0.7025,0.80625,Q1
MT0008368311,0.44375,0.25625,Q3
MT0008371251,0.5175,0.82125,Q1
MT0008385501,0.54375,0.3125,Q2
MT0008386252,0.50625,0.29375,Q2
MT0008394478,0.551875,0.670625,Q1
MT0008401073,0.665,0.92125,Q1
MT0008408635,0.38625,0.6125,Q4
MT0008421113,0.503125,0.2618749999999999,Q2
MT0008421900,0.38125,0.78125,Q4
MT0008425062,0.54875,0.1912499999999999,Q2
MT0008425616,0.50625,0.29375,Q2
MT0008428932,0.395,0.20875,Q3
MT0008431795,0.5900000000000001,0.8143750000000001,Q1
MT0008455201,0.6125,0.36875,Q2
MT0008468144,0.263125,0.73125,Q4
MT0008493270,0.4187499999999999,0.4825,Q3
MT0008497871,0.575,0.339375,Q2
MT0008499614,0.50625,0.29375,Q2
MT0008511909,0.533125,0.3375,Q2
MT0008515901,0.35125,0.4225,Q3
MT0008530072,0.50625,0.29375,Q2
MT0008530652,0.421875,0.775625,Q4
MT0008537015,0.59625,0.688125,Q1
MT0008548050,0.3924999999999999,0.75625,Q4
MT0008554680,0.5225,0.26125,Q2
MT0008565530,0.50625,0.29375,Q2
MT0008570712,0.530625,0.359375,Q2
MT0008573252,0.50625,0.29375,Q2
MT0008575372,0.5625,0.7375,Q1
MT0008577171,0.3268749999999999,0.7731250000000001,Q4
MT0008578405,0.52375,0.2675,Q2
MT0008596505,0.39375,0.80625,Q4
MT0008596537,0.50625,0.29375,Q2
MT0008602863,0.5175,0.29375,Q2
MT0008604277,0.300625,0.2774999999999999,Q3
MT0008617674,0.7,0.58125,Q1
MT0008632122,0.653125,0.7825,Q1
MT0008636271,0.3,0.328125,Q3
MT0008637830,0.6375,0.58125,Q1
MT0008640627,0.22375,0.68375,Q4
MT0008641724,0.5462499999999999,0.328125,Q2
MT0008649724,0.50625,0.29375,Q2
MT0008652185,0.50625,0.29375,Q2
MT0008672387,0.599375,0.73875,Q1
MT0008673460,0.6,0.75125,Q1
MT0008675527,0.5318750000000001,0.680625,Q1
MT0008684978,0.6074999999999999,0.825,Q1
MT0008690776,0.2975,0.3425,Q3
MT0008700460,0.420625,0.34875,Q3
MT0008709705,0.44375,0.25625,Q3
MT0008716237,0.47375,0.22625,Q3
MT0008718991,0.45125,0.25,Q3
MT0008722511,0.29,0.37,Q3
MT0008733057,0.54125,0.334375,Q2
MT0008734186,0.54875,0.305,Q2
MT0008734289,0.54375,0.40125,Q2
MT0008740787,0.36,0.6025,Q4
MT0008750426,0.31875,0.78125,Q4
MT0008763007,0.47375,0.22625,Q3
MT0008776764,0.50625,0.29375,Q2
MT0008790106,0.33,0.73,Q4
MT0008790360,0.50625,0.29375,Q2
MT0008791082,0.50625,0.29375,Q2
MT0008794071,0.28625,0.7125,Q4
MT0008797356,0.533125,0.351875,Q2
MT0008800327,0.50625,0.29375,Q2
MT0008806305,0.50625,0.29375,Q2
MT0008807220,0.54,0.35,Q2
MT0008813307,0.343125,0.426875,Q3
MT0008813309,0.558125,0.75125,Q1
MT0008841966,0.3375,0.37,Q3
MT0008863436,0.56,0.35875,Q2
MT0008868862,0.29,0.29125,Q3
MT0008869963,0.2825,0.743125,Q4
MT0008882630,0.57125,0.305,Q2
MT0008883788,0.3831249999999999,0.314375,Q3
MT0008891523,0.646875,0.7887500000000001,Q1
MT0008899266,0.29,0.26875,Q3
MT0008905908,0.47375,0.2224999999999999,Q3
MT0008947804,0.50625,0.29375,Q2
MT0008949592,0.70375,0.68375,Q1
MT0008953247,0.380625,0.426875,Q3
MT0008960612,0.38125,0.20875,Q3
MT0008963540,0.29,0.28125,Q3
MT0008966305,0.6375,0.72625,Q1
MT0008969183,0.35625,0.336875,Q3
MT0008972801,0.68625,0.7325,Q1
MT0008979040,0.47375,0.2224999999999999,Q3
MT0008999728,0.50625,0.29375,Q2
MT0008999898,0.2725,0.25625,Q3
MT0009005900,0.54,0.7737499999999999,Q1
MT0009008051,0.375,0.3425,Q3
MT0009010830,0.68625,0.7325,Q1
MT0009016829,0.5575,0.359375,Q2
MT0009025287,0.5462499999999999,0.3087499999999999,Q2
MT0009025845,0.4499999999999999,0.36125,Q3
MT0009033072,0.36,0.73625,Q4
MT0009041370,0.50625,0.29375,Q2
MT0009041848,0.725,0.705,Q1
MT0009054976,0.33,0.625,Q4
MT0009075362,0.39625,0.815,Q4
MT0009098212,0.58,0.55875,Q1
MT0009112823,0.35125,0.6875,Q4
MT0009117202,0.56,0.339375,Q2
MT0009123251,0.50625,0.29375,Q2
MT0009153900,0.66625,0.7775,Q1
MT0009164591,0.36625,0.4337499999999999,Q3
MT0009164605,0.515,0.765,Q1
MT0009165729,0.57875,0.1912499999999999,Q2
MT0009169626,0.29,0.28125,Q3
MT0009172291,0.58,0.2224999999999999,Q2
MT0009174874,0.54375,0.3125,Q2
MT0009182700,0.385625,0.265,Q3
MT0009188643,0.5175,0.80625,Q1
MT0009206381,0.646875,0.7887500000000001,Q1
MT0009208842,0.6375,0.8125,Q1
MT0009213083,0.66875,0.8,Q1
MT0009217411,0.54875,0.305,Q2
MT0009220462,0.44375,0.25,Q3
MT0009233872,0.528125,0.82375,Q1
MT0009253379,0.57875,0.805625,Q1
MT0009263768,0.29,0.28125,Q3
MT0009278329,0.63125,0.80625,Q1
MT0009295595,0.725,0.8025,Q1
MT0009300582,0.375,0.28625,Q3
MT0009306792,0.58125,0.78125,Q1
MT0009311775,0.54375,0.395,Q2
MT0009312856,0.3143749999999999,0.311875,Q3
MT0009319587,0.57125,0.305,Q2
MT0009320357,0.655625,0.32625,Q2
MT0009346128,0.6125,0.36875,Q2
MT0009348908,0.5875,0.36125,Q2
MT0009351469,0.563125,0.745625,Q1
MT0009354859,0.380625,0.760625,Q4
MT0009360971,0.54375,0.3125,Q2
MT0009368615,0.25625,0.25625,Q3
MT0009377947,0.2425,0.704375,Q4
MT0009378909,0.5625,0.765,Q1
MT0009385684,0.31125,0.26875,Q3
MT0009389504,0.464375,0.2774999999999999,Q3
MT0009390091,0.6174999999999999,0.7075,Q1
MT0009400121,0.54375,0.3,Q2
MT0009418269,0.5549999999999999,0.264375,Q2
MT0009425259,0.57875,0.32875,Q2
MT0009430339,0.580625,0.345,Q2
MT0009437817,0.44375,0.25625,Q3
MT0009464817,0.42125,0.20875,Q3
MT0009469599,0.47375,0.22625,Q3
MT0009485981,0.7025,0.86875,Q1
MT0009495280,0.3143749999999999,0.311875,Q3
MT0009495283,0.3143749999999999,0.311875,Q3
MT0009495284,0.3143749999999999,0.311875,Q3
MT0009495285,0.3143749999999999,0.311875,Q3
MT0009521580,0.41625,0.36875,Q3
MT0009533836,0.47375,0.22625,Q3
MT0009558355,0.645,0.6825,Q1
MT0009577134,0.541875,0.4625,Q2
MT0009581924,0.57125,0.56625,Q1
MT0009606151,0.4624999999999999,0.34875,Q3
MT0009614467,0.38125,0.20875,Q3
MT0009619048,0.375,0.28625,Q3
MT0009628869,0.42125,0.20875,Q3
MT0009635389,0.50625,0.29375,Q2
MT0009635394,0.50625,0.29375,Q2
MT0009635397,0.50625,0.29375,Q2
MT0009740290,0.446875,0.756875,Q4
MT0009741521,0.31375,0.675,Q4
MT0009741774,0.3325,0.75625,Q4
MT0009769816,0.2425,0.704375,Q4
MT0009781899,0.3143749999999999,0.311875,Q3
MT0009795009,0.335625,0.63125,Q4
MT0009800907,0.575,0.316875,Q2
MT0009826820,0.39625,0.555,Q4
MT0009844833,0.595,0.765,Q1
MT0009845270,0.57875,0.805625,Q1
MT0009845271,0.57875,0.805625,Q1
MT0009845275,0.5625,0.82125,Q1
MT0009845276,0.5625,0.82125,Q1
MT0009868354,0.2825,0.74,Q4
MT0009872131,0.5225,0.30625,Q2
MT0009897495,0.57875,0.805625,Q1
MT0009904717,0.54,0.68375,Q1
MT0009908994,0.56375,0.3375,Q2
MT0009968194,0.5725,0.826875,Q1
MT0009976471,0.61125,0.80625,Q1
MT0009991160,0.435,0.724375,Q4
MT0009996318,0.31125,0.32875,Q3
MT0009996319,0.31125,0.32875,Q3
MT0009996323,0.31125,0.32875,Q3
MT0010007878,0.3075,0.30625,Q3
MT0010007881,0.325,0.33125,Q3
MT0010007882,0.325,0.28625,Q3
MT0010049476,0.22375,0.68375,Q4
MT0010054305,0.325,0.33125,Q3
MT0010065680,0.565,0.6825,Q1
MT0010065686,0.546875,0.746875,Q1
MT0010076476,0.40375,0.6725,Q4
MT0010083757,0.35125,0.69375,Q4
MT0010085729,0.725,0.705,Q1
MT0010100277,0.575,0.36875,Q2
MT0010100278,0.52,0.72,Q1
MT0010100279,0.5118750000000001,0.718125,Q1
MT0010100283,0.35125,0.24,Q3
MT0010100285,0.58125,0.73,Q1
MT0010100333,0.54,0.73,Q1
MT0010100428,0.35125,0.73,Q4
MT0010100429,0.599375,0.7887500000000001,Q1
MT0010161903,0.5874999999999999,0.33375,Q2
MT0010169018,0.725,0.705,Q1
MT0010169019,0.725,0.705,Q1
MT0010203716,0.40375,0.6025,Q4
MT0010236541,0.6481250000000001,0.840625,Q1
MT0010257371,0.25625,0.28125,Q3
MT0010261588,0.54,0.79,Q1
MT0010278984,0.255,0.76625,Q4
MT0010290775,0.3325,0.6875,Q4
MT0010290785,0.3325,0.6875,Q4
MT0010290788,0.3325,0.6875,Q4
MT0010305995,0.3325,0.6875,Q4
MT0010310891,0.5875,0.30625,Q2
MT0010310894,0.60875,0.35,Q2
MT0010310896,0.57875,0.30625,Q2
MT0010310897,0.598125,0.328125,Q2
MT0010310898,0.60875,0.35,Q2
MT0010310899,0.5875,0.30625,Q2
MT0010344415,0.6375,0.765,Q1
MT0010346228,0.6375,0.58125,Q1
MT0010363782,0.42125,0.20875,Q3
MT0010368848,0.54125,0.79,Q1
MT0010369823,0.54875,0.305,Q2
MT0010375510,0.34125,0.3425,Q3
MT0010379209,0.36875,0.73625,Q4
MT0010394619,0.5862499999999999,0.82875,Q1
MT0010405928,0.54875,0.305,Q2
MT0010444469,0.3987499999999999,0.63125,Q4
MT0010463505,0.57875,0.305,Q2
MT0010468178,0.300625,0.23875,Q3
MT0010474345,0.5225,0.26125,Q2
MT0010477194,0.54875,0.2875,Q2
MT0010480965,0.54875,0.305,Q2
MT0010481194,0.54875,0.2875,Q2
MT0010482550,0.61625,0.82375,Q1
MT0010485559,0.56375,0.305625,Q2
MT0010485603,0.2306249999999999,0.63125,Q4
MT0010487366,0.583125,0.305625,Q2
MT0010487702,0.54375,0.2675,Q2
MT0010487769,0.6443749999999999,0.599375,Q1
MT0010487795,0.6443749999999999,0.599375,Q1
MT0010489498,0.70375,0.665,Q1
MT0010492983,0.620625,0.670625,Q1
MT0010501618,0.70375,0.80625,Q1
MT0010502078,0.55625,0.36875,Q2
MT0010506192,0.47375,0.22625,Q3
MT0010510852,0.621875,0.82875,Q1
MT0010512527,0.425,0.74375,Q4
MT0010524453,0.515,0.69375,Q1
MT0010526041,0.545,0.3675,Q2
MT0010545132,0.425,0.683125,Q4
MT0010548963,0.6131249999999999,0.848125,Q1
MT0010551970,0.284375,0.73,Q4
MT0010552273,0.63125,0.875,Q1
MT0010552303,0.58125,0.67875,Q1
MT0010574326,0.63125,0.92125,Q1
MT0010582452,0.3924999999999999,0.75625,Q4
MT0010585105,0.485,0.36125,Q3
MT0010611876,0.6375,0.82125,Q1
MT0010612023,0.57875,0.375,Q2
MT0010615428,0.56,0.26875,Q2
MT0010616215,0.575,0.371875,Q2
MT0010617945,0.57875,0.805625,Q1
MT0010620026,0.57125,0.27625,Q2
MT0010623104,0.54875,0.36875,Q2
MT0010624346,0.57875,0.1912499999999999,Q2
MT0010630017,0.39375,0.28375,Q3
MT0010638151,0.2375,0.68375,Q4
MT0010665248,0.40375,0.6725,Q4
MT0010670378,0.3924999999999999,0.75,Q4
MT0010674091,0.56375,0.29375,Q2
MT0010674530,0.36625,0.1731249999999999,Q3
MT0010674859,0.31125,0.28125,Q3
MT0010676114,0.61125,0.82875,Q1
MT0010681356,0.47,0.36875,Q3
MT0010685188,0.47375,0.22625,Q3
MT0010687397,0.58875,0.305,Q2
MT0010694754,0.6125,0.55875,Q1
MT0010695865,0.3375,0.33125,Q3
MT0010701054,0.26125,0.68375,Q4
MT0010702898,0.3943749999999999,0.6856249999999999,Q4
MT0010705334,0.63,0.8043750000000001,Q1
MT0010706869,0.64375,0.7537499999999999,Q1
MT0010710874,0.47375,0.22625,Q3
MT0010723658,0.3375,0.49375,Q3
MT0010736208,0.58,0.305,Q2
MT0010736281,0.5575,0.303125,Q2
MT0010739708,0.38625,0.32875,Q3
MT0010741252,0.3612499999999999,0.79125,Q4
MT0010741386,0.3887499999999999,0.4275,Q3
MT0010751134,0.35125,0.24,Q3
MT0010752894,0.35625,0.39,Q3
MT0010753520,0.378125,0.456875,Q3
MT0010753736,0.6375,0.79,Q1
MT0010754019,0.6125,0.55875,Q1
MT0010754290,0.5549999999999999,0.80125,Q1
MT0010755212,0.595,0.82625,Q1
MT0010758927,0.3987499999999999,0.74,Q4
MT0010765607,0.36,0.53125,Q4
MT0010773040,0.186875,0.75125,Q4
MT0010777106,0.62125,0.825,Q1
MT0010778949,0.485,0.36125,Q3
MT0010803094,0.31,0.28125,Q3
MT0010804974,0.4549999999999999,0.26875,Q3
MT0010823031,0.45875,0.249375,Q3
MT0010835061,0.60375,0.585,Q1
MT0010849747,0.58125,0.27625,Q2
MT0010850805,0.431875,0.311875,Q3
MT0010851922,0.646875,0.67625,Q1
MT0010855214,0.389375,0.673125,Q4
MT0010857270,0.54875,0.27625,Q2
MT0010862394,0.464375,0.2475,Q3
MT0010864096,0.56375,0.3399999999999999,Q2
MT0010883435,0.66875,0.7775,Q1
MT0010894865,0.583125,0.2831249999999999,Q2
MT0010897525,0.56375,0.305625,Q2
MT0010900969,0.6499999999999999,0.824375,Q1
MT0010902792,0.66875,0.58125,Q1
MT0010953323,0.375,0.49375,Q3
MT0010978213,0.5462499999999999,0.4656249999999999,Q2
MT0010980499,0.31875,0.7375,Q4
MT0010983830,0.57125,0.33125,Q2
MT0011032905,0.47375,0.22625,Q3
MT0011066228,0.44375,0.25,Q3
MT0011079284,0.44375,0.25,Q3
MT0011083648,0.5349999999999999,0.27875,Q2
MT0011104152,0.591875,0.57375,Q1
MT0011145388,0.54375,0.36875,Q2
MT0011158114,0.47375,0.22625,Q3
MT0011162069,0.31125,0.28125,Q3
MT0011204639,0.53125,0.785625,Q1
MT0011250965,0.38625,0.68375,Q4
MT0011252708,0.595,0.359375,Q2
MT0011292112,0.3575,0.555,Q4
MT0011302120,0.24875,0.743125,Q4
MT0011308097,0.300625,0.290625,Q3
MT0011322528,0.56,0.336875,Q2
MT0011327325,0.31125,0.28625,Q3
MT0011328325,0.5231250000000001,0.289375,Q2
MT0011332604,0.26625,0.675,Q4
MT0011342337,0.31125,0.3425,Q3
MT0011348776,0.54875,0.305,Q2
MT0011353873,0.544375,0.410625,Q2
MT0011369407,0.5231250000000001,0.289375,Q2
MT0011374266,0.54,0.3125,Q2
MT0011374342,0.39625,0.6125,Q4
MT0011376343,0.31875,0.7375,Q4
MT0011378875,0.5318750000000001,0.3087499999999999,Q2
MT0011387901,0.58,0.36125,Q2
MT0011391187,0.44375,0.2425,Q3
MT0011391356,0.5462499999999999,0.3025,Q2
MT0011393132,0.54875,0.26125,Q2
MT0011395375,0.36375,0.584375,Q4
MT0011398970,0.2375,0.28125,Q3
MT0011403548,0.39125,0.6775,Q4
MT0011411969,0.54875,0.27625,Q2
MT0011426003,0.5037499999999999,0.3968750000000001,Q2
MT0011440705,0.3925,0.224375,Q3
MT0011448773,0.61125,0.765,Q1
MT0011451296,0.7025,0.86875,Q1
MT0011487003,0.5475,0.7475,Q1
MT0011503204,0.6699999999999999,0.8043750000000001,Q1
MT0011510700,0.58,0.61125,Q1
MT0011558921,0.6074999999999999,0.715625,Q1
MT0011564855,0.7025,0.86875,Q1
MT0011574534,0.55375,0.68125,Q1
MT0011575842,0.540625,0.74375,Q1
MT0011575852,0.50625,0.29375,Q2
MT0011581506,0.50625,0.29375,Q2
MT0011594970,0.300625,0.275,Q3
MT0011650689,0.395625,0.79375,Q4
MT0011659985,0.255,0.685,Q4
MT0011667212,0.47375,0.22625,Q3
MT0011677264,0.38125,0.20875,Q3
MT0011707340,0.54375,0.33125,Q2
MT0011709169,0.58,0.39875,Q2
MT0011711878,0.39375,0.79,Q4
MT0011712337,0.52375,0.2875,Q2
MT0011716005,0.5549999999999999,0.8362499999999999,Q1
MT0011718667,0.38625,0.6875,Q4
MT0011739779,0.56,0.72125,Q1
MT0011755407,0.4475,0.6925,Q4
MT0011767762,0.6375,0.80625,Q1
MT0011772341,0.620625,0.665625,Q1
MT0011776369,0.3575,0.70625,Q4
MT0011785029,0.66875,0.8025,Q1
MT0011797446,0.615625,0.5843750000000001,Q1
MT0011800641,0.31125,0.28125,Q3
MT0011808566,0.620625,0.740625,Q1
MT0011809659,0.4225,0.8025,Q4
MT0011818239,0.3987499999999999,0.6893750000000001,Q4
MT0011821215,0.6031249999999999,0.809375,Q1
MT0011827018,0.3974999999999999,0.315625,Q3
MT0011836290,0.325,0.415,Q3
MT0011842354,0.35125,0.311875,Q3
MT0011847514,0.57875,0.7931250000000001,Q1
MT0011861922,0.6243749999999999,0.825,Q1
MT0011862487,0.425,0.70625,Q4
MT0011869625,0.54,0.715,Q1
MT0011870505,0.35,0.3087499999999999,Q3
MT0011878109,0.5475,0.813125,Q1
MT0011879943,0.57875,0.305,Q2
MT0011881944,0.635,0.5843750000000001,Q1
MT0011886864,0.44375,0.2425,Q3
MT0011894681,0.3925,0.224375,Q3
MT0011895175,0.41125,0.59,Q4
MT0011895910,0.63125,0.86875,Q1
MT0011896804,0.255,0.73625,Q4
MT0011899302,0.3724999999999999,0.34875,Q3
MT0011903519,0.60375,0.80625,Q1
MT0011908274,0.258125,0.711875,Q4
MT0011909571,0.6375,0.80625,Q1
MT0011910522,0.36875,0.7125,Q4
MT0011916674,0.595,0.80625,Q1
MT0011920419,0.63125,0.86875,Q1
MT0011921060,0.56,0.365,Q2
MT0011922905,0.315,0.766875,Q4
MT0011924283,0.54375,0.67125,Q1
MT0011924316,0.551875,0.306875,Q2
MT0011924930,0.599375,0.81375,Q1
MT0011928183,0.61125,0.765,Q1
MT0011929096,0.31875,0.7375,Q4
MT0011930865,0.584375,0.5625,Q1
MT0011933875,0.515,0.7775,Q1
MT0011937271,0.343125,0.28375,Q3
MT0011938737,0.26125,0.68375,Q4
MT0011940781,0.5193749999999999,0.355625,Q2
MT0011943335,0.5193749999999999,0.355625,Q2
MT0011943549,0.54375,0.35,Q2
MT0011944405,0.5193749999999999,0.355625,Q2
MT0011945841,0.5193749999999999,0.355625,Q2
MT0011953228,0.58,0.40125,Q2
MT0011957429,0.6131249999999999,0.840625,Q1
MT0011959819,0.56375,0.3375,Q2
MT0011961925,0.3143749999999999,0.311875,Q3
MT0011963777,0.56375,0.3375,Q2
MT0011966998,0.35125,0.68375,Q4
MT0011968204,0.55375,0.68125,Q1
MT0011969592,0.431875,0.311875,Q3
MT0011971415,0.315,0.75,Q4
MT0011974870,0.318125,0.2475,Q3
MT0011975274,0.58875,0.39875,Q2
MT0011982393,0.39,0.73125,Q4
MT0011991382,0.54875,0.26,Q2
MT0011996860,0.44375,0.25625,Q3
MT0011997914,0.58125,0.78125,Q1
MT0011999773,0.57875,0.7931250000000001,Q1
MT0012000832,0.4650000000000001,0.5787500000000001,Q4
MT0012001409,0.5462499999999999,0.328125,Q2
MT0012001684,0.6375,0.77125,Q1
MT0012004661,0.373125,0.2412499999999999,Q3
MT0012004909,0.325,0.28125,Q3
MT0012004929,0.57125,0.685,Q1
MT0012005920,0.6275,0.7775,Q1
MT0012009054,0.54375,0.39875,Q2
MT0012009606,0.4199999999999999,0.6543749999999999,Q4
MT0012011991,0.4525,0.555,Q4
MT0012013969,0.399375,0.224375,Q3
MT0012014382,0.5631250000000001,0.755625,Q1
MT0012016955,0.725,0.705,Q1
MT0012017035,0.29375,0.6725,Q4
MT0012023721,0.725,0.705,Q1
MT0012025242,0.6074999999999999,0.824375,Q1
MT0012025969,0.36,0.555,Q4
MT0012028572,0.5462499999999999,0.371875,Q2
MT0012030545,0.5325,0.4,Q2
MT0012030591,0.515,0.75,Q1
MT0012030863,0.5462499999999999,0.328125,Q2
MT0012031327,0.57875,0.36875,Q2
MT0012033786,0.56375,0.371875,Q2
MT0012034242,0.3325,0.69375,Q4
MT0012035583,0.3143749999999999,0.311875,Q3
MT0012036571,0.38625,0.75,Q4
MT0012041920,0.63125,0.80625,Q1
MT0012061041,0.5625,0.5843750000000001,Q1
MT0012067911,0.431875,0.249375,Q3
MT0012073768,0.325,0.33125,Q3
MT0012100576,0.58,0.305,Q2
MT0012112600,0.43125,0.6025,Q4
MT0012116237,0.54875,0.22625,Q2
MT0012122028,0.57875,0.305,Q2
MT0012124855,0.57875,0.305,Q2
MT0012168286,0.565,0.323125,Q2
MT0012222183,0.34125,0.68375,Q4
MT0012247942,0.4549999999999999,0.32875,Q3
MT0012259307,0.33125,0.3087499999999999,Q3
MT0012292188,0.44375,0.25,Q3
MT0012312232,0.31,0.56875,Q4
MT0012317309,0.44375,0.25625,Q3
MT0012330276,0.405,0.80625,Q4
MT0012330796,0.70375,0.665,Q1
MT0012331779,0.70375,0.665,Q1
MT0012333749,0.70375,0.665,Q1
MT0012334245,0.60375,0.765,Q1
MT0012337307,0.44375,0.25625,Q3
MT0012383717,0.425,0.579375,Q4
MT0012396528,0.620625,0.5625,Q1
MT0012398546,0.635,0.5325,Q1
MT0012416069,0.431875,0.311875,Q3
MT0012417408,0.45875,0.234375,Q3
MT0012430736,0.646875,0.67625,Q1
MT0012435412,0.37,0.736875,Q4
MT0012438211,0.57875,0.37,Q2
MT0012454284,0.29,0.32875,Q3
MT0012455611,0.60875,0.54375,Q1
MT0012459878,0.3325,0.28375,Q3
MT0012481933,0.5700000000000001,0.56125,Q1
MT0012505137,0.33,0.73,Q4
MT0012509093,0.60375,0.765,Q1
MT0012521149,0.6131249999999999,0.840625,Q1
MT0012534566,0.70375,0.8,Q1
MT0012591057,0.31125,0.26875,Q3
MT0012601428,0.575625,0.70875,Q1
MT0012615075,0.3531249999999999,0.3925,Q3
MT0012619690,0.61125,0.82875,Q1
MT0012634038,0.29,0.32875,Q3
MT0012637285,0.29,0.28125,Q3
MT0012639323,0.540625,0.73,Q1
MT0012648496,0.5843750000000001,0.26875,Q2
MT0012649676,0.58125,0.27625,Q2
MT0012658386,0.29,0.26875,Q3
MT0012666474,0.343125,0.2774999999999999,Q3
MT0012678840,0.60375,0.6331249999999999,Q1
MT0012682565,0.595,0.55875,Q1
MT0012698055,0.43875,0.796875,Q4
MT0012700338,0.54875,0.21875,Q2
MT0012738934,0.576875,0.378125,Q2
MT0012740185,0.405,0.685,Q4
MT0012742379,0.70375,0.80625,Q1
MT0012745818,0.36375,0.584375,Q4
MT0012766840,0.38625,0.6725,Q4
MT0012777233,0.60375,0.82625,Q1
MT0012794033,0.32375,0.7112499999999999,Q4
MT0012798988,0.7025,0.80625,Q1
MT0012811141,0.35125,0.24,Q3
MT0012823048,0.35125,0.24,Q3
MT0012844418,0.35125,0.24,Q3
MT0012846850,0.725,0.8025,Q1
MT0012854734,0.3818749999999999,0.2475,Q3
MT0012855159,0.579375,0.365,Q2
MT0012862507,0.38625,0.67875,Q4
MT0012863101,0.595,0.765,Q1
MT0012869295,0.54875,0.26125,Q2
MT0012893353,0.2925,0.72,Q4
MT0012900592,0.629375,0.310625,Q2
MT0012909507,0.5875,0.32875,Q2
MT0012914763,0.56375,0.328125,Q2
MT0012930833,0.541875,0.359375,Q2
MT0012933678,0.6675,0.724375,Q1
MT0012976100,0.52375,0.54625,Q1
MT0012988776,0.35125,0.24,Q3
MT0013003902,0.438125,0.6893750000000001,Q4
MT0013044535,0.31,0.28125,Q3
MT0013056573,0.38625,0.71,Q4
MT0013056830,0.36,0.555,Q4
MT0013058008,0.54375,0.39875,Q2
MT0013064857,0.7025,0.80625,Q1
MT0013070871,0.300625,0.275,Q3
MT0013075504,0.60375,0.8125,Q1
MT0013078262,0.320625,0.56875,Q4
MT0013080259,0.47375,0.22625,Q3
MT0013095380,0.39625,0.59,Q4
MT0013101577,0.62125,0.8206249999999999,Q1
MT0013104929,0.66875,0.8025,Q1
MT0013115311,0.38,0.6487499999999999,Q4
MT0013145806,0.36375,0.584375,Q4
MT0013151367,0.568125,0.2262499999999999,Q2
MT0013156036,0.54375,0.35625,Q2
MT0013161246,0.47375,0.22625,Q3
MT0013166908,0.44375,0.25625,Q3
MT0013173557,0.35,0.26875,Q3
MT0013176970,0.26125,0.75625,Q4
MT0013177702,0.425,0.70625,Q4
MT0013186132,0.60375,0.82875,Q1
MT0013193016,0.284375,0.7112499999999999,Q4
MT0013201347,0.61125,0.82125,Q1
MT0013209458,0.4775,0.33125,Q3
MT0013216725,0.57875,0.27625,Q2
MT0013219857,0.47375,0.22625,Q3
MT0013228223,0.4712499999999999,0.70625,Q4
MT0013235939,0.53,0.681875,Q1
MT0013236693,0.60375,0.77375,Q1
MT0013260233,0.43125,0.22625,Q3
MT0013275745,0.60375,0.82875,Q1
MT0013280170,0.255,0.68375,Q4
MT0013282123,0.325,0.6725,Q4
MT0013283837,0.47375,0.22625,Q3
MT0013289749,0.325,0.36875,Q3
MT0013305470,0.325,0.6725,Q4
MT0013305827,0.26125,0.7325,Q4
MT0013349760,0.318125,0.30625,Q3
MT0013350034,0.5700000000000001,0.798125,Q1
MT0013366460,0.545,0.5375,Q1
MT0013386240,0.535625,0.70375,Q1
MT0013389935,0.6074999999999999,0.703125,Q1
MT0013411556,0.3325,0.6875,Q4
MT0013416300,0.3575,0.25625,Q3
MT0013417325,0.4512499999999999,0.6543749999999999,Q4
MT0013418800,0.5225,0.26125,Q2
MT0013429054,0.400625,0.249375,Q3
MT0013458428,0.3325,0.28375,Q3
MT0013464231,0.620625,0.785625,Q1
MT0013504689,0.4499999999999999,0.49375,Q3
MT0013524535,0.54,0.35625,Q2
MT0013583287,0.63125,0.80625,Q1
MT0013590244,0.7025,0.8,Q1
MT0013602925,0.54875,0.305,Q2
MT0013610517,0.58,0.375,Q2
MT0013610638,0.54875,0.305,Q2
MT0013612461,0.58,0.375,Q2
MT0013613711,0.54875,0.305,Q2
MT0013616609,0.58,0.375,Q2
MT0013621344,0.54,0.665,Q1
MT0013633209,0.638125,0.7987500000000001,Q1
MT0013637631,0.53125,0.765,Q1
MT0013649307,0.44375,0.2425,Q3
MT0013658337,0.599375,0.7475,Q1
MT0013676763,0.42625,0.61375,Q4
MT0013678986,0.6375,0.72625,Q1
MT0013693326,0.255,0.71,Q4
MT0013726148,0.44375,0.25625,Q3
MT0013743441,0.58125,0.27625,Q2
MT0013746403,0.3925,0.224375,Q3
MT0013751364,0.68125,0.36125,Q2
MT0013752990,0.57125,0.3675,Q2
MT0013758625,0.641875,0.79375,Q1
MT0013764945,0.47375,0.22625,Q3
MT0013790748,0.5625,0.3175,Q2
MT0013795989,0.56125,0.7731250000000001,Q1
MT0013800071,0.725,0.705,Q1
MT0013803861,0.31125,0.28625,Q3
MT0013809129,0.464375,0.2475,Q3
MT0013820793,0.4499999999999999,0.49375,Q3
MT0013822237,0.58,0.39875,Q2
MT0013833732,0.27125,0.68375,Q4
MT0013868618,0.31125,0.28125,Q3
MT0013881862,0.58125,0.375,Q2
MT0013885218,0.5462499999999999,0.3556249999999999,Q2
MT0013900095,0.58125,0.78125,Q1
MT0013901316,0.38625,0.56875,Q4
MT0013904850,0.38625,0.56875,Q4
MT0013906090,0.60375,0.82875,Q1
MT0013914319,0.595,0.79,Q1
MT0013921881,0.5225,0.4225,Q2
MT0013923586,0.36,0.57875,Q4
MT0013924254,0.58125,0.73,Q1
MT0013929650,0.54125,0.74375,Q1
MT0013955066,0.36875,0.75625,Q4
MT0013960578,0.6012500000000001,0.739375,Q1
MT0013979875,0.56125,0.3556249999999999,Q2
MT0013999544,0.70375,0.68375,Q1
MT0014005525,0.6375,0.7931250000000001,Q1
MT0014046859,0.44375,0.25,Q3
MT0014050974,0.44375,0.25,Q3
MT0014082915,0.7025,0.86875,Q1
MT0014084173,0.565,0.323125,Q2
MT0014084256,0.6031249999999999,0.81375,Q1
MT0014116864,0.54875,0.30625,Q2
MT0014118699,0.36625,0.2987499999999999,Q3
MT0014121590,0.57875,0.305,Q2
MT0014127375,0.32375,0.703125,Q4
MT0014134790,0.4775,0.55875,Q4
MT0014135173,0.57875,0.305,Q2
MT0014157389,0.52375,0.2875,Q2
MT0014192212,0.3874999999999999,0.37,Q3
MT0014204470,0.44375,0.25625,Q3
MT0014209882,0.56125,0.328125,Q2
MT0014215479,0.3987499999999999,0.579375,Q4
MT0014439055,0.50625,0.26375,Q2
MT0014443758,0.66875,0.8,Q1
MT0014444602,0.666875,0.80125,Q1
MT0014445318,0.6375,0.80125,Q1
MT0014472963,0.54125,0.275,Q2
MT0014475915,0.38625,0.67875,Q4
MT0014498396,0.4225,0.68375,Q4
MT0014507179,0.1875,0.74625,Q4
MT0014544554,0.6375,0.77125,Q1
MT0014553025,0.6243749999999999,0.7887500000000001,Q1
MT0014553172,0.405,0.6025,Q4
MT0014554353,0.6375,0.8025,Q1
MT0014555701,0.6375,0.705,Q1
MT0014576739,0.6375,0.8025,Q1
MT0014584319,0.3612499999999999,0.75125,Q4
MT0014584473,0.45875,0.234375,Q3
MT0014586720,0.5762499999999999,0.7575000000000001,Q1
MT0014594482,0.5575,0.368125,Q2
MT0014612093,0.34625,0.6912499999999999,Q4
MT0014615863,0.541875,0.3175,Q2
MT0014619583,0.7025,0.8,Q1
MT0014624309,0.276875,0.733125,Q4
MT0014650353,0.419375,0.5787500000000001,Q4
MT0014650360,0.6375,0.77125,Q1
MT0014664637,0.5118750000000001,0.7481249999999999,Q1
MT0014665667,0.300625,0.2987499999999999,Q3
MT0014665693,0.3575,0.3425,Q3
MT0014668887,0.420625,0.349375,Q3
MT0014693814,0.3143749999999999,0.311875,Q3
MT0014703649,0.565,0.3025,Q2
MT0014724547,0.36,0.6025,Q4
MT0014737299,0.4549999999999999,0.29125,Q3
MT0014752461,0.341875,0.755,Q4
MT0014756127,0.56375,0.265625,Q2
MT0014762437,0.54875,0.1912499999999999,Q2
MT0014781093,0.60375,0.8125,Q1
MT0014790813,0.53125,0.279375,Q2
MT0014794891,0.4624999999999999,0.3143749999999999,Q3
MT0014798420,0.4725,0.37,Q3
MT0014804830,0.464375,0.2475,Q3
MT0014817509,0.5575,0.33125,Q2
MT0014826870,0.33,0.725625,Q4
MT0014833239,0.58125,0.78125,Q1
MT0014838459,0.57875,0.27625,Q2
MT0014844849,0.57125,0.35625,Q2
MT0014845647,0.54375,0.30625,Q2
MT0014852191,0.57125,0.35625,Q2
MT0014853937,0.47375,0.22625,Q3
MT0014859055,0.58125,0.27625,Q2
MT0014874934,0.583125,0.7925,Q1
MT0014878397,0.5875,0.375,Q2
MT0014880463,0.5462499999999999,0.38375,Q2
MT0014936205,0.40125,0.28625,Q3
MT0014936656,0.36,0.69375,Q4
MT0014948707,0.56375,0.328125,Q2
MT0014953592,0.5462499999999999,0.316875,Q2
MT0014957211,0.54875,0.2675,Q2
MT0014961114,0.4549999999999999,0.29125,Q3
MT0014964772,0.58,0.35,Q2
MT0014974957,0.54375,0.305,Q2
MT0014979000,0.295625,0.385625,Q3
MT0014980594,0.5562499999999999,0.305625,Q2
MT0014984545,0.295625,0.385625,Q3
MT0014992158,0.40375,0.69375,Q4
MT0014992356,0.6375,0.8025,Q1
MT0014997916,0.54,0.35,Q2
MT0015004289,0.295625,0.385625,Q3
MT0015004867,0.533125,0.33,Q2
MT0015005100,0.60375,0.665,Q1
MT0015007103,0.295625,0.385625,Q3
MT0015019608,0.5225,0.32,Q2
MT0015020231,0.703125,0.735625,Q1
MT0015026273,0.50625,0.29375,Q2
MT0015026293,0.2925,0.7068749999999999,Q4
MT0015028144,0.6499999999999999,0.8031250000000001,Q1
MT0015032338,0.39625,0.78125,Q4
MT0015034564,0.50625,0.29375,Q2
MT0015139461,0.42125,0.20875,Q3
MT0015396140,0.4087499999999999,0.753125,Q4
MT0015456449,0.6125,0.55875,Q1
MT0015465230,0.300625,0.2987499999999999,Q3
MT0015469804,0.54375,0.40125,Q2
MT0015471594,0.3575,0.6025,Q4
MT0015477550,0.3575,0.6025,Q4
MT0015494518,0.5331250000000001,0.291875,Q2
MT0015506396,0.42375,0.733125,Q4
MT0015506741,0.425,0.73,Q4
MT0015510419,0.31,0.28125,Q3
MT0015511866,0.6387499999999999,0.7887500000000001,Q1
MT0015514030,0.4549999999999999,0.32875,Q3
MT0015541501,0.57875,0.3125,Q2
MT0015546206,0.6375,0.768125,Q1
MT0015599764,0.29,0.32875,Q3
MT0015604179,0.2724999999999999,0.305,Q3
MT0015632625,0.31,0.665,Q4
MT0015664499,0.47375,0.22625,Q3
MT0015665796,0.31125,0.26875,Q3
MT0015682649,0.405,0.20875,Q3
MT0015689411,0.38625,0.32875,Q3
MT0015689749,0.420625,0.31,Q3
MT0015694210,0.420625,0.31,Q3
MT0015706588,0.43125,0.6025,Q4
MT0015708437,0.541875,0.328125,Q2
MT0015709701,0.416875,0.6893750000000001,Q4
MT0015713000,0.485,0.22625,Q3
MT0015715008,0.485,0.26125,Q3
MT0015720220,0.38625,0.32875,Q3
MT0015742096,0.6243749999999999,0.805625,Q1
MT0015760726,0.36,0.73625,Q4
MT0015849191,0.39875,0.80625,Q4
MT0015883602,0.29,0.28125,Q3
MT0015885791,0.70375,0.665,Q1
MT0015889071,0.54375,0.32875,Q2
MT0015896210,0.63125,0.875,Q1
MT0015908129,0.40375,0.6725,Q4
MT0015918974,0.4549999999999999,0.32875,Q3
MT0015929505,0.29,0.26875,Q3
MT0015934550,0.595,0.82875,Q1
MT0015940634,0.5175,0.32,Q2
MT0015950558,0.54375,0.305,Q2
MT0015962332,0.576875,0.359375,Q2
MT0015971175,0.54375,0.305,Q2
MT0016469828,0.47375,0.2224999999999999,Q3
MT0016743722,0.521875,0.328125,Q2
MT0016770768,0.6074999999999999,0.7931250000000001,Q1
MT0016887233,0.405,0.685,Q4
MT0016897938,0.405,0.6725,Q4
MT0016913402,0.3874999999999999,0.415,Q3
MT0016915093,0.54,0.30625,Q2
MT0016918508,0.6231249999999999,0.643125,Q1
MT0016932218,0.3931249999999999,0.80125,Q4
MT0016933152,0.34125,0.4087499999999999,Q3
MT0016956738,0.533125,0.378125,Q2
MT0016963741,0.255,0.68375,Q4
MT0016971741,0.5475,0.79625,Q1
MT0016972827,0.63125,0.78125,Q1
MT0016976154,0.325,0.22625,Q3
MT0016981570,0.31875,0.37,Q3
MT0016987100,0.725,0.705,Q1
MT0016990726,0.725,0.705,Q1
MT0017031590,0.58,0.5875,Q1
MT0017475710,0.54875,0.1912499999999999,Q2
MT0017657810,0.66625,0.77125,Q1
MT0017667847,0.38625,0.585,Q4
MT0017672677,0.405,0.73625,Q4
MT0017797643,0.63125,0.80625,Q1
MT0017954224,0.42125,0.71,Q4
MT0017957157,0.6375,0.82125,Q1
MT0017971951,0.61125,0.73,Q1
MT0018024152,0.63125,0.80625,Q1
MT0018029465,0.63125,0.80625,Q1
MT0018031959,0.63125,0.80625,Q1
MT0018044514,0.31125,0.26875,Q3
MT0018288135,0.58,0.3125,Q2
MT0018376280,0.42625,0.61375,Q4
MT0018450519,0.725,0.705,Q1
MT0018453545,0.44375,0.2425,Q3
MT0018573219,0.54375,0.5875,Q1
MT0018617125,0.5856250000000001,0.8262499999999999,Q1
MT0018651126,0.6125,0.55875,Q1
MT0018669856,0.58875,0.35,Q2
MT0018793776,0.666875,0.80125,Q1
MT0018886935,0.44375,0.29125,Q3
MT0019352491,0.33,0.6725,Q4
MT0019511872,0.32375,0.7418750000000001,Q4
MT0019766193,0.3525,0.353125,Q3
MT0020009125,0.5225,0.36125,Q2
MT0020034314,0.54875,0.3675,Q2
MT0026143373,0.5325,0.705625,Q1
MT0026158301,0.60375,0.57125,Q1
MT0026228956,0.186875,0.76125,Q4
MT0026236933,0.375,0.3425,Q3
MT0026330298,0.31125,0.26875,Q3
MT0026405027,0.4549999999999999,0.26875,Q3
MT0026414107,0.404375,0.63125,Q4
MT0026520343,0.5618749999999999,0.309375,Q2
MT0026607275,0.39625,0.8,Q4
MT0026608644,0.42125,0.685,Q4
MT0026624084,0.5462499999999999,0.299375,Q2
MT0026655309,0.404375,0.67875,Q4
MT0026681751,0.57875,0.30625,Q2
MT0026682960,0.39125,0.2875,Q3
MT0026690204,0.4549999999999999,0.22625,Q3
MT0026697228,0.4725,0.405,Q3
MT0026707664,0.346875,0.746875,Q4
MT0026712161,0.430625,0.765,Q4
MT0026719173,0.56,0.336875,Q2
MT0026727455,0.665,0.8,Q1
MT0026734083,0.54375,0.305,Q2
MT0026753145,0.6375,0.7475,Q1
MT0026753827,0.60375,0.691875,Q1
MT0026776967,0.425,0.6025,Q4
MT0026790435,0.63125,0.705,Q1
MT0026795261,0.57125,0.56625,Q1
MT0026826094,0.35125,0.335625,Q3
MT0026827978,0.39875,0.7375,Q4
MT0026866290,0.6968749999999999,0.7525,Q1
MT0026898936,0.579375,0.330625,Q2
MT0026900439,0.515,0.82625,Q1
MT0026903849,0.5843750000000001,0.26875,Q2
MT0026905937,0.47375,0.22625,Q3
MT0026930415,0.58125,0.79,Q1
MT0026933516,0.60375,0.8125,Q1
MT0026950915,0.58875,0.5875,Q1
MT0026963572,0.5875,0.305,Q2
MT0026971941,0.284375,0.7112499999999999,Q4
MT0026973618,0.26125,0.625,Q4
MT0026985012,0.57875,0.36875,Q2
MT0026987140,0.58,0.36125,Q2
MT0026990793,0.58,0.36125,Q2
MT0026999750,0.599375,0.7475,Q1
MT0027023212,0.3924999999999999,0.75,Q4
MT0027032503,0.546875,0.286875,Q2
MT0027035970,0.7025,0.705,Q1
MT0027048677,0.70375,0.665,Q1
MT0027048746,0.586875,0.788125,Q1
MT0027053023,0.63125,0.705,Q1
MT0027064560,0.31,0.65875,Q4
MT0027072382,0.611875,0.8043750000000001,Q1
MT0027073298,0.54375,0.3,Q2
MT0027108305,0.70375,0.665,Q1
MT0027112893,0.530625,0.651875,Q1
MT0027149420,0.5475,0.7475,Q1
MT0027182657,0.47375,0.22625,Q3
MT0027256574,0.596875,0.28375,Q2
MT0027317557,0.541875,0.339375,Q2
MT0027320606,0.64625,0.62625,Q1
MT0027345606,0.5225,0.305,Q2
MT0027535695,0.6275,0.7775,Q1
MT0027696140,0.725,0.705,Q1
MT0027797339,0.725,0.705,Q1
MT0027834332,0.50625,0.29375,Q2
MT0027835071,0.4625,0.6025,Q4
MT0027859587,0.39375,0.79,Q4
MT0027976714,0.389375,0.7175,Q4
MT0028081047,0.57875,0.37,Q2
MT0028116568,0.4187499999999999,0.625,Q4
MT0028124490,0.5875,0.305,Q2
MT0028167155,0.50625,0.29375,Q2
MT0028172888,0.50625,0.29375,Q2
MT0028200740,0.641875,0.675,Q1
MT0028213435,0.5875,0.3125,Q2
MT0028228337,0.36,0.555,Q4
MT0028241237,0.625,0.80125,Q1
MT0028242839,0.36875,0.685,Q4
MT0028293340,0.39875,0.6875,Q4
MT0028335228,0.4225,0.68375,Q4
MT0028345470,0.50625,0.29375,Q2
MT0028348785,0.54125,0.371875,Q2
MT0028374210,0.24375,0.75625,Q4
MT0028403561,0.341875,0.73125,Q4
MT0028405583,0.578125,0.328125,Q2
MT0028414490,0.409375,0.669375,Q4
MT0028425911,0.36,0.6025,Q4
MT0028445777,0.66875,0.8,Q1
MT0028452849,0.60375,0.82125,Q1
MT0028469910,0.5875,0.375,Q2
MT0028471202,0.57125,0.3675,Q2
MT0028485956,0.58875,0.5875,Q1
MT0028498801,0.341875,0.7112499999999999,Q4
MT0028569169,0.42625,0.61375,Q4
MT0028576698,0.36,0.63875,Q4
MT0028577920,0.35125,0.24,Q3
MT0028585667,0.4237499999999999,0.32875,Q3
MT0028587966,0.395625,0.61375,Q4
MT0028593700,0.420625,0.323125,Q3
MT0028602128,0.61,0.79625,Q1
MT0028602140,0.6125,0.55875,Q1
MT0028603801,0.604375,0.723125,Q1
MT0028609181,0.29,0.701875,Q4
MT0028615001,0.60375,0.82625,Q1
MT0028617351,0.341875,0.75875,Q4
MT0028617657,0.60375,0.765,Q1
MT0028617797,0.54875,0.305,Q2
MT0028623145,0.5449999999999999,0.27125,Q2
MT0028627699,0.595,0.84625,Q1
MT0028633715,0.5843750000000001,0.26875,Q2
MT0028648077,0.57125,0.58125,Q1
MT0028655327,0.36375,0.521875,Q4
MT0028691865,0.44375,0.25625,Q3
MT0028697763,0.4225,0.77125,Q4
MT0028698324,0.38125,0.20875,Q3
MT0028750297,0.56,0.3225,Q2
MT0028753982,0.2825,0.753125,Q4
MT0028754256,0.54875,0.305,Q2
MT0028758101,0.38625,0.63875,Q4
MT0028772639,0.54,0.35625,Q2
MT0028790582,0.58,0.305,Q2
MT0028793036,0.56375,0.32,Q2
MT0028798040,0.53375,0.296875,Q2
MT0028810869,0.583125,0.305625,Q2
MT0028813190,0.54875,0.305,Q2
MT0028813196,0.36,0.73625,Q4
MT0028877759,0.42625,0.61375,Q4
MT0028878677,0.3924999999999999,0.73625,Q4
MT0028888763,0.31125,0.28125,Q3
MT0028915582,0.4299999999999999,0.25375,Q3
MT0028929933,0.44375,0.32875,Q3
MT0028937743,0.6243749999999999,0.81375,Q1
MT0028942506,0.363125,0.683125,Q4
MT0029063409,0.38625,0.71,Q4
MT0029065626,0.6074999999999999,0.796875,Q1
MT0029091265,0.405,0.6025,Q4
MT0029133325,0.3375,0.49375,Q3
MT0029165558,0.70375,0.665,Q1
MT0029166572,0.44375,0.25625,Q3
MT0029196396,0.54375,0.3125,Q2
MT0029492542,0.5862499999999999,0.67875,Q1
MT0029574551,0.27125,0.6775,Q4
MT0029767615,0.703125,0.775,Q1
MT0029772184,0.54375,0.305,Q2
MT0029825641,0.60375,0.54375,Q1
MT0029861029,0.41125,0.36875,Q3
MT0029861679,0.35125,0.73,Q4
MT0029874624,0.66875,0.8,Q1
MT0029877658,0.44375,0.25625,Q3
MT0029976595,0.3887499999999999,0.715,Q4
MT0030006612,0.3375,0.53625,Q4
MT0030007733,0.4043749999999999,0.59625,Q4
MT0030074137,0.4725,0.2875,Q3
MT0030075668,0.595,0.8025,Q1
MT0030097307,0.4549999999999999,0.32875,Q3
MT0030097602,0.24875,0.73,Q4
MT0030153479,0.47375,0.28125,Q3
MT0030160582,0.54375,0.36875,Q2
MT0030177407,0.590625,0.2475,Q2
MT0030184605,0.584375,0.3556249999999999,Q2
MT0030203700,0.47375,0.22625,Q3
MT0030203729,0.579375,0.330625,Q2
MT0030211400,0.564375,0.2262499999999999,Q2
MT0030212531,0.3243749999999999,0.66875,Q4
MT0030214520,0.54875,0.26125,Q2
MT0030233759,0.564375,0.2262499999999999,Q2
MT0030247926,0.44375,0.25625,Q3
MT0030248025,0.5700000000000001,0.780625,Q1
MT0030282917,0.38625,0.625,Q4
MT0030289937,0.31,0.28125,Q3
MT0030304982,0.300625,0.2987499999999999,Q3
MT0030319227,0.425,0.75,Q4
MT0030324011,0.56,0.3275,Q2
MT0030349080,0.60375,0.665,Q1
MT0030362174,0.22375,0.68375,Q4
MT0030362299,0.583125,0.7925,Q1
MT0030369896,0.38625,0.6875,Q4
MT0030400613,0.325,0.37,Q3
MT0030407300,0.725,0.705,Q1
MT0030422114,0.4725,0.2875,Q3
MT0030438262,0.38625,0.75,Q4
MT0030484925,0.651875,0.81125,Q1
MT0030487841,0.54,0.7775000000000001,Q1
MT0030489320,0.57125,0.1912499999999999,Q2
MT0030499533,0.39625,0.73,Q4
MT0030504803,0.29,0.26875,Q3
MT0030646708,0.315,0.75125,Q4
MT0030968017,0.39125,0.28125,Q3
MT0031024722,0.315625,0.675,Q4
MT0031036016,0.44375,0.25625,Q3
MT0031049140,0.325,0.415,Q3
MT0031365452,0.70375,0.80625,Q1
MT0031375281,0.42625,0.61375,Q4
MT0031462756,0.6125,0.55875,Q1
MT0031508823,0.62125,0.8518749999999999,Q1
MT0031544440,0.515,0.6875,Q1
MT0031548988,0.7025,0.86875,Q1
MT0031555265,0.54375,0.305,Q2
MT0031574394,0.635,0.578125,Q1
MT0031618741,0.405,0.6025,Q4
MT0031626819,0.284375,0.6487499999999999,Q4
MT0031661393,0.53125,0.328125,Q2
MT0031664726,0.665,0.8,Q1
MT0031693432,0.3818749999999999,0.2475,Q3
MT0031726825,0.564375,0.2262499999999999,Q2
MT0031807708,0.325,0.6725,Q4
MT0031826295,0.29375,0.68375,Q4
MT0031826774,0.2618749999999999,0.625625,Q4
MT0031834881,0.6375,0.825,Q1
MT0031841471,0.334375,0.341875,Q3
MT0031861483,0.54875,0.27625,Q2
MT0031868141,0.60375,0.82625,Q1
MT0031875986,0.565,0.323125,Q2
MT0031893087,0.4650000000000001,0.5787500000000001,Q4
MT0031898123,0.295625,0.723125,Q4
MT0031901408,0.66875,0.631875,Q1
MT0031903528,0.35125,0.3675,Q3
MT0031912859,0.255,0.75625,Q4
MT0031917087,0.6375,0.82875,Q1
MT0031919561,0.50625,0.29375,Q2
MT0031924755,0.58,0.305,Q2
MT0031925901,0.56375,0.27625,Q2
MT0031939057,0.3931249999999999,0.76375,Q4
MT0031940284,0.44375,0.25,Q3
MT0031951901,0.44375,0.2425,Q3
MT0031952089,0.70375,0.665,Q1
MT0031979912,0.599375,0.8049999999999999,Q1
MT0031995272,0.5475000000000001,0.625,Q1
MT0031996487,0.33625,0.745625,Q4
MT0031996897,0.55125,0.72625,Q1
MT0032001427,0.31875,0.73625,Q4
MT0032039381,0.70375,0.665,Q1
MT0032048707,0.26125,0.71,Q4
MT0032060949,0.239375,0.708125,Q4
MT0032061091,0.6243749999999999,0.825,Q1
MT0032093528,0.239375,0.678125,Q4
MT0032157716,0.5462499999999999,0.328125,Q2
MT0032181833,0.6125,0.55875,Q1
MT0032235381,0.61125,0.875,Q1
MT0032297238,0.58125,0.35,Q2
MT0032332758,0.725,0.705,Q1
MT0032628164,0.35875,0.5787500000000001,Q4
MT0032643023,0.458125,0.345,Q3
MT0032651589,0.57875,0.35,Q2
MT0032665811,0.5449999999999999,0.27125,Q2
MT0032673223,0.6825,0.67625,Q1
MT0032682675,0.36,0.7125,Q4
MT0032701682,0.60375,0.68375,Q1
MT0032723940,0.27125,0.75625,Q4
MT0032757175,0.38125,0.20875,Q3
MT0032760813,0.341875,0.6975,Q4
MT0032768117,0.3924999999999999,0.7775,Q4
MT0032768122,0.58125,0.78125,Q1
MT0032778604,0.358125,0.5525,Q4
MT0032782452,0.596875,0.64625,Q1
MT0032892262,0.66875,0.8,Q1
MT0032957418,0.51125,0.30625,Q2
MT0033061162,0.42125,0.71,Q4
MT0033097471,0.579375,0.3556249999999999,Q2
MT0033126079,0.325,0.32875,Q3
MT0033159895,0.378125,0.296875,Q3
MT0033177286,0.4549999999999999,0.32875,Q3
MT0033218453,0.370625,0.77625,Q4
MT0033226848,0.31125,0.26875,Q3
MT0033252621,0.585,0.3556249999999999,Q2
MT0033258989,0.3931249999999999,0.74,Q4
MT0033262254,0.28625,0.6875,Q4
MT0033262547,0.284375,0.7112499999999999,Q4
MT0033287096,0.5875,0.305,Q2
MT0033287114,0.5349999999999999,0.306875,Q2
MT0033293296,0.61125,0.80625,Q1
MT0033317646,0.4599999999999999,0.26875,Q3
MT0033319941,0.2375,0.28125,Q3
MT0033345959,0.300625,0.275,Q3
MT0033376569,0.36,0.6025,Q4
MT0033381821,0.6375,0.765,Q1
MT0033389924,0.3075,0.3,Q3
MT0033391277,0.40125,0.51125,Q4
MT0033410438,0.39,0.7637499999999999,Q4
MT0033415296,0.63125,0.86875,Q1
MT0033430737,0.6968749999999999,0.7525,Q1
MT0033442719,0.3375,0.28625,Q3
MT0033459750,0.2931249999999999,0.74625,Q4
MT0033470806,0.530625,0.328125,Q2
MT0033473090,0.3943749999999999,0.6856249999999999,Q4
MT0033493473,0.32,0.743125,Q4
MT0033512773,0.60375,0.82125,Q1
MT0033717316,0.725,0.705,Q1
MT0033733581,0.401875,0.73125,Q4
MT0033818006,0.405,0.685,Q4
MT0033841575,0.60375,0.765,Q1
MT0033958450,0.6031249999999999,0.8374999999999999,Q1
MT0033974184,0.533125,0.316875,Q2
MT0033987987,0.4768749999999999,0.705625,Q4
MT0033993440,0.385625,0.690625,Q4
MT0034005433,0.4712499999999999,0.7125,Q4
MT0034013916,0.533125,0.33,Q2
MT0034015731,0.405,0.685,Q4
MT0034064577,0.725,0.8025,Q1
MT0034094847,0.43125,0.29125,Q3
MT0034106363,0.4187499999999999,0.70625,Q4
MT0034113973,0.54375,0.365,Q2
MT0034125967,0.58125,0.85125,Q1
MT0034130398,0.600625,0.385,Q2
MT0034136847,0.44375,0.28125,Q3
MT0034138322,0.2306249999999999,0.63125,Q4
MT0034186195,0.40625,0.628125,Q4
MT0034186620,0.28625,0.71,Q4
MT0034191542,0.398125,0.753125,Q4
MT0034197846,0.31,0.28125,Q3
MT0034210118,0.258125,0.68375,Q4
MT0034211183,0.5625,0.765,Q1
MT0034212119,0.36375,0.68875,Q4
MT0034225020,0.340625,0.73375,Q4
MT0034230990,0.3243749999999999,0.6075,Q4
MT0034403159,0.54,0.35,Q2
MT0034403951,0.57875,0.305,Q2
MT0034410340,0.29,0.3425,Q3
MT0034422157,0.2825,0.76875,Q4
MT0034429136,0.3987499999999999,0.63,Q4
MT0034518366,0.3874999999999999,0.415,Q3
MT0034549623,0.334375,0.341875,Q3
MT0034551604,0.42625,0.61375,Q4
MT0034552648,0.60375,0.6125,Q1
MT0034560618,0.378125,0.2475,Q3
MT0034563474,0.57875,0.81375,Q1
MT0034574251,0.300625,0.2774999999999999,Q3
MT0034577404,0.3,0.71,Q4
MT0034670435,0.50625,0.29375,Q2
MT0034677542,0.58,0.78125,Q1
MT0034694413,0.5875,0.305,Q2
MT0034800740,0.324375,0.28375,Q3
MT0034816599,0.5225,0.26375,Q2
MT0034852831,0.6174999999999999,0.8131250000000001,Q1
MT0034988131,0.666875,0.871875,Q1
MT0034991842,0.5800000000000001,0.33125,Q2
MT0034992204,0.284375,0.7112499999999999,Q4
MT0034992752,0.6031249999999999,0.825,Q1
MT0034996484,0.5231250000000001,0.289375,Q2
MT0035037927,0.573125,0.8131250000000001,Q1
MT0035108409,0.40125,0.56875,Q4
MT0035119161,0.363125,0.785625,Q4
MT0035133312,0.70375,0.665,Q1
MT0035241675,0.5231250000000001,0.289375,Q2
MT0035285414,0.595,0.35,Q2
MT0035316286,0.300625,0.275,Q3
MT0035322836,0.54375,0.36875,Q2
MT0035332435,0.6074999999999999,0.815625,Q1
MT0035332835,0.56375,0.2262499999999999,Q2
MT0035334027,0.5225,0.29125,Q2
MT0035518031,0.43125,0.71,Q4
MT0035833639,0.433125,0.244375,Q3
MT0035974809,0.325,0.28125,Q3
MT0035974819,0.325,0.28125,Q3
MT0036111736,0.57875,0.305,Q2
MT0036111751,0.57875,0.305,Q2
MT0036111757,0.57875,0.305,Q2
MT0036368550,0.58875,0.79,Q1
MT0039250520,0.58875,0.36125,Q2
MT0040033011,0.38625,0.32875,Q3
MT0041030749,0.37625,0.68875,Q4
